$timescale 10 ns $end
$var wire 1 ! clk $end
$var wire 1 " LA_CORE_0 $end
$var wire 420 # data_in_0[419:0] $end
$enddefinitions $end
#0
$dumpvars
1!
0"
b100011101111010111011001111111011011100111010010111101001111111111011111101111101101011011111001101111010011000111011110101101101001011010011111011101111111011001101111100110111101011100111111011111110001110111010101110111110001011100011011111111000110111111101001110111110110110111000110011000011111100111111001011011101010010111110000111110110111101110011111111011100011011111110111111011000111100101011101010011011011 #
$end
#10
0!
#20
1!
b110000000000010011100011000010000010111000100000110010000011100001101101100001000000100100010000000001100000001001000111000110101110001010001010100001000010000000101000010110000001000110001010011001110001110110100100000011101111010000000011000000000001100010000010100000100100101001000000101010000100100110001111010000000001000001000000100011001101001000010101011000101111010011100010001001010010110110000100101000000010 #
#30
0!
#40
1!
b000100011010000110000110010001011001110110101001010001000010001100001011101000000010100000001110001100010001011000000001000010000000001000000100100100010000000000101011000000100110001111000001111000100011101010010011100001010010010110100111100000010101011100110001110101101000001000101000000100001000110001011000100101010000100001010000010011101000000000001110001000101110100001000001000110101010011001001000100000000000 #
#50
0!
#60
1!
b111001000110101001000010000000010001001011001001100010000110101000100001000001000110010000101100111010110010100110000000101100010000001001100100010001000011111111010001100001001000100011000001000001110000010001011000000111010001011100001001000110011101100000100100110010111010100111111101110110000000100000101000100110111001100001010000001000010110110010100000110011000100000000100100001000101110100000010000110000000000 #
#70
0!
#80
1!
b100001000011010010010000000011000010000001110000000000101110100100111010100000010101001000111011000000101111011101110110100100110001001011010100001000000010000011010000100000110100000001000101000110110101100110110000001000011010010110000010000001001010111000000001001110100111100011010000000000100010000010011010000100000110100000110000000100010110110001110100100100110000100101001111010001101010000000110010011001010000 #
#90
0!
#100
1!
b111011011000111111111011111100111110111101000111010111110101101100111111011001001101010101111000111110111010011010100000100110001111011111110111000011110111000011000011111111011101101111100110110111110111010111110010100000001101100101011111111110011101100111010001011111101010100011111111111101001111111110110101111010111011101111010000101001110110010101101001010101110010011101101100111111011001101111011011001101101111 #
#110
0!
#120
1!
b110011101111101110111010111110111110100110011110101111101100010110001111110101101110111110111001011010001110100010010111101100110101110011111110010101101111010111100011100101111111100111011101101110111110001110101100000110101001110101110110100101100111111110111110011111111101001111011011101110110011011111011101011101111101000110110000111100111111100100000111011010111111010101011101110011011111101111111010111001011010 #
#130
0!
#140
1!
b000010110010111101011111111110011101011011110111101111101110011010110111001111111101110011001100101011100011101111101101011100101101100100111011100101101101110011010111001111111111111010110100101111001111100001101111110111110111111011110110001011101101111010011111101011011110010010000010110100111100101101100001111110111111001011110000111100010100101101110010111011110010001011011111111111111000101111111010111101110011 #
#150
0!
#160
1!
b001111101101111110111101011110101011011111010101111110111001110011111111010100011001111110110111011001111011010111110110111000111010111000010111010111111010100111111011110111110110110011111111010110011110010010101111101111011010100011001100011000100000111101110111001111011111000111100110111111001110001111111111010111101111111001010000010101011011011110011101111100100100111001001111100000011111111001110111101101111111 #
#170
0!
#180
1!
b000100011011100101000000000110101100000000110100110001110001011010001000001010111011011001011010100000011010100011010100100001010100111010010001000011100001001101100010010010001100110100001111000100000000001011100011001000110001100010001001000001111000100001000110010011100001010001100010100000001100111101100011010000010110101111110000111010011110011101000100011011110000000011010000000100000010101100011011000110010010 #
#190
0!
#200
1!
b100010000010001110000001011110100001000011111000000000101001001100001110010001110010011010000100001010010001111110100101100100000110011011110011000011010000001001101000010001100111000010101010011011000000011100000010111010000110101110000101010011100101001000010010000001001000001010100101001000101001001000000001100001000110000000110000010010000110010101000100010000100010011011001001001101001010000000100110010011000011 #
#210
0!
#220
1!
b011000000001001001001000011000000101000010010001000000110011000000001010010001000100011111110001101100101100100010100110011100100000111000000001010101010000100010001000010001000001010101000100100000010011001111001010101000000001101010010000101000010100100011001100100101111100000111011011001100010101000110001100000000101100011000000000100011111000000100011011100110101000000110011011100000110100111000010000011000001010 #
#230
0!
#240
1!
b011000001101001110010000100100100000011000000100111100010100011000100101000001000000001001001011010010010001001111010000010100100001110100100110100010100000010100000010111110000000001000001000000000010110000101010001000101000000001101010000011101101000010111010101101100010001100111000010000101110110000010000110001011011000000000100000111010100000010111001010010011010001010000010100001001000000001000101000010000001000 #
#250
0!
#260
1!
b101101110100111110111101111111111111000110110010110111101111110010111111110110101011111011111011011111111011111010110111111101111100100110010001011110110110110011110110010111111101110111101110110101110101000101011111000101001010001011101010101111110111111001110101011100011100110100110111110110111000101101011101011101011111111010100000011110101111110011100011000111101101101100110001111111011001100111111011101111100111 #
#270
0!
#280
1!
b011111111101111010101101101011111011111110111110011101111101101011111100101011111101110111011111111111101011100111110101101011110011001111110111100011111111111011011001110100011100010100110110011001111111011010001110111111111100111111111011010110111010111101100111011111111111101010100111111111101111101110000010011011010011101101110000110010001110111010011111101110101101111010100111111110111111010110101111110101111110 #
#290
0!
#300
1!
b111111100111101111100011111111001101111100111100101011111111111110111010111001110001011101010110011001101111110111001011001111110111011111010101111110110011111111111111111111111111111010100010111111011110111011111111100110111101111001111111110110110001111101110101110101111011111101110101111101101001110100001110101111011111111111100000001110110111101111110111011111111100111111111111100100101101100111101000110100110010 #
#310
0!
#320
1!
b010110011010011101100111001111110111011011110010111111100110111101010111111110001111111101110110111001100111001001010101011000011011101111110111110000011011101000111011001110101010001010101110101111101101111110100111111110011110001011111111010001011110011110100111010101101011111111111111111111100011101111011011011100011011110111000000101011110110111101101011010000111011100011110000001111110011111000001011100110111010 #
#330
0!
#340
1!
b010000011001001110010010000000001010010101001010011001011011101001010100100000101000001101011000100010000001010101011000011001100101100010101011011010000110110000011000001001000111100010011000101011001100011011100010000100001100000100101000100010010100101100011011000000100100000101000011000100000100101000100001000000001110000111010000001010100001110000100110010100100110101001101000100001111101110100000010011100100000 #
#350
0!
#360
1!
b100110001000101000001101000001101000000010000011000000010111100110001011100100101101000011010010100101000100010110010000000111001010100010000000100001000000000010100101010011111000000001010101010000000000001110101010011111010100101110001111101010100001011000000001001101100110101101000110000100100000101110000011000110000001001010000000010000101100110111000001001010011000010011000110110001001010101100100100000000010000 #
#370
0!
#380
1!
b001000000011110100001010000000110000000010000011010000011001010000100110110000010000000100010101100010010010100001110101000000100100101010001101011101100011001000011000111100100111101010000010010011100010101000111100010100101001111011001100000001001000100010000010101010000001001100100001000110001000000101000000100101101010100101010000000001010100110100000000111000001000000011110010000000100000010000000110000000000010 #
#390
0!
#400
1!
b001000011001111000001100000100101000001010001011000001110011000100101100101101111011101110100001100110011000100100000100101000001100111100010001010000011001101110110110011011111101000000101000100010000010001011100011011010000101000000010000010100010000011101110010000001000011001001010000011010001000000000010100001000001110100000000000011001000000000101010001000100010001000010000111100011100011000000000100100000100010 #
#410
0!
#420
1!
b110101010000111111110101010111011111000101110111111111110110001110110100100001101000011011011011101010111110101001111011010101011101111101111011011001010101000110101110110110111001111111101101111001111101010000001011111100111000011111111010101010001101111001001010100001011101011001101101111011111111011110110111111101110101011110000000011101111010101110011110001101000111111010010011111111111101111101111111100101101011 #
#430
0!
#440
1!
b111010111101111110011111011101101001011011111111101111111111001010100111010011110000110111100101011111111100111110110101100001001110111111101010011011111011111001110101101111000100001011011010110110010100101011111001100111110111011011011111110100101111100011111110111011000110111100101111111110101101001111110000111000100110101010110000011011110001111110010011100111011010111100000001110110010001010011100011100111111010 #
#450
0!
#460
1!
b010110111101011110000011111101101110110010010101111101111000000001111101010100110110111111111101101001110011010011001111011111110110000111111011101111111001110010101111111111110111001100100111011001111001001011111101101111000000111110011111001001011001101011000100010110001111011000111111101110010000110100011111011111111111011110010000111111111011011011111100100101101111101101101101111111111010110110111110011110101000 #
#470
0!
#480
1!
b100101100101101111111111111110110001111011111000101101111010011110000010011111100010101000000110100001011011011111110101111110100011101011011101101111111010100101111110111110011011111110111100011110100011111111001100111111100110110001101111101111111001111111011111111010101001110111111011111111101111111111110001011111111111111011110000111011111010011100000010101111101111101110000110111001101011111011010111110101111101 #
#490
0!
#500
1!
b101000000011000000010101110000100101001101000000101000000100110010000011000111111001100110110010000001101000001000001110000000001011110011100100001111001000000010101000010000011110011101000100101000010001110000011010100010010001101100000110001001110111001000110010101101000100111100010010111001000010001001100001101111011001000001110000000100111111101110111111000101101101111010001100111110110101001001011100111101100100 #
#510
0!
#520
1!
b100001000010100000100001111001100101000010000010110110010010010101000000000100000010001000101101000000001010000100110011100111000100000000011000000010000010101001000100000100010100000100101111001011000110111010100110001010000000111011001100010001100001110100100000011000000001001011101010010001000000010101000010001100101000010100000000000100100111011001001001110101101000100011001000000000000000010011010011001100010010 #
#530
0!
#540
1!
b100011010101100000000001001000000010001010100000011100001010110001000111000100110011000011000001011111000000110000000000000100010101001010000000000011000000101000000001000100010110111001011011000010000001011010011110101011010110010001001000010000001011100011000010000000101101001100000110111000110101001011010100010001101100001100010000011010001100000100010010111011100000000101000010101001000010010111011010000110001000 #
#550
0!
#560
1!
b010010010010100011001100110001111100010001001101110100000100101100100110111010110010100001000000000000100001000001000011100111100001011111100001101000100000110110001000001011010100010010000000100001001100010010010000010001000001011110010000101110000010010010110101100001110110000011000000010000010101000110000000010100001010100000100000001000001011100000001001000110100001100001000011000000010110000000010000001100100110 #
#570
0!
#580
1!
b111101100110101100100011110110011011111110111110010111111010101110111110011011111111110111100100101111111101100100011111111100100100101111011111001111110101010111110011010010101111110100101111101000100101000110110001111101001111001110100110101101111011100000101111110111111110110101001111111111011110110101111011111110100111100111010000100000010011000000101101011011011011111111111111110100111110111110011111011010011110 #
#590
0!
#600
1!
b111011111101110001100111101010100111010101101111101110110011010101110111111100100111010110011111111111111001011111110101001010011010111110100010111111101111111111111011001011101010100101111001111111111000010101111011101111110111110010101011101101110010111011111100110110110111011111111111111100110101101110001011011010101110001110000000111111101101001111111100000111011001111101100111110010100110100111110100111110101111 #
#610
0!
#620
1!
b100101111100111011111110010101110111111111001111111110110111101110111101001111101000011110101010010110111011110101011110111101011110001100111110111110111111111110010110110110111111111111111101101101110111001110010001111110110100011101100110111011011101111111000110111010111100110010101111011110101110011100000011110111001101110111100000100101111110101100011011011011111110101111100011101110110011011111001001010111011001 #
#630
0!
#640
1!
b100100111101111111100111001111011101011111111100100111101110010110110110010011011111010111111101111101110111010101110011011111100111111111011110111111111101011110111100111101110111101011111110010111111101011011111110101110110110011111111001110111111100111010000111111110111011100010110011101111101000011110101101101111011110111100110000000110111100100101110111011000001111111101101111101111111111000101101010111011111011 #
#650
0!
#660
1!
b000001110001001110100101000100001010000011100000110101111001000101011100010001101000000011011101100001111001000011000000001100110010100000100011010111011010001001110000010001001001100010000000011000001001000111011000001101010111110111000000110101011111000101010010111010110011010011000010101001100100001000001100000000000100000011110000010010000001000111100000111001100011111110101100101001100000000010010010000100000101 #
#670
0!
#680
1!
b100001100011101010001110100001101110010000010010101010000110011000100001000000010000000110100001000100100010001001010001000010000100111000000010010010110000100101011010011111100000001001100011000000001111011010010001101101001001001001011001011100011100000001101011001101000101010111010100010000100001011000010110000011111010000000000000000000101101010010001110101101011010001100010111000100110001111001001101010000001111 #
#690
0!
#700
1!
b000110110011000000000001100010100000000010001011000000010110010111001000011001000110011010111010100011011000011000000000001001011001001011000000101000010011100010010100100001000100000101000001101111110000001111100100000010110100001110011010010000111001101001110100111100010010100100011110000101100000001010000100000100100001000010000000000000000100110010010100010110000100110001001111100100000110100010000001001001000001 #
#710
0!
#720
1!
b000001011000000010010100001010101100110000011100100100100000100110000000011110001011101010111100000101000100100000001100001111000101100000000110010101101000001100110001000000010100000000111011010110101100000100010000000010010110000100000001111000101101100000000000001011011001010101001100001001110010011111101100000100100000001000110000010010011100000010111100010000011000000110001100011000000000000101100100100000000010 #
#730
0!
#740
1!
b111011111101010000100011101110110100111110011111110010111001101111111111111001101110111011101011010011110100001111111010111111111111110111110111111000111101000110110111011101110011101011111101010110110100100001000010011111100111111001010111111111110110100100111110111101110111111001100110111101111101111111110011110001110110111110010000111101111111111011110001011111011001111111011111111111011101010111111100011111101110 #
#750
0!
#760
1!
b101111111011101101111011110101111000011111111110111111010000101000011110101101110101011111111100011111001011101011110101011101101100101111110010110111110111100101100111101111011101111010111011101001011101011100110011011010101110001111111111111101001110011111110111101010001111010001011101111110010010011111101100101011111101101100110000101111010010111101110110001001011101011110001110110111110010001110001111011101011111 #
#770
0!
#780
1!
b100110100101110101111111011111111101111110111101101111110001000001111111010011001111101110100101011110001110110011011101011111011111011100101110110101110110111010001111111001001111100111111011111010110100000011111001110001110101011011111110001110110100111101010111101101100110011110101000011100011110000001101001100110110111011111100000111011111111001011011100111100110010011001011111110111011111011110101111000111000111 #
#790
0!
#800
1!
b101001000011101011011111111111110001101111110110011111111110111011110111101100000111111110110111111011101111101011100010101110000101001011111101011011101001101011111111100111010111110010100000011000111101000101001011110111001000111111110010111111110110010111101101111110011111111111010011101100111101110111010101111110111110011111000000010111111111101011111111110000111111111111010011101011100111001111011011011101111110 #
#810
0!
#820
1!
b010000010001111010000101010110010001101010100010111010100101010110000100100010111101100101110000100000001010010100001110001001100101000011100100000000000000100000000000000110000000000010000000101000011100100111011001011000000011111000010000101010000000100110110000001110110000000010010000000010111001000110001000001011000111001010010000011011000101110111110000000010000000110010010001111010000000001001001110011111011100 #
#830
0!
#840
1!
b110001100000000101000100111100100000011000000001000010000010111011000001000000001001100010000011101110010010010100100010001001010101110001011101101010000000011001000000000100001011010111101000111000011000000110010110010010100011110110010001100101010000101001000100001000010011000110010001000000101000111010110010001000001000111101110000101011000110100101110010001010111011000001011011110001011111011001100000100011101011 #
#850
0!
#860
1!
b001000000001100000010000000111100001011100000010000001001100000010100000000011101001010010011101011101100110011110101001000000010111101110111011110001100101001000000000011010000110001000010001011110000011111110100010101001101000110000010010010010111101100000100100000011000000000010000100000100000000100101000101001000010100000010000000100001010010100000010111100000100000001010101000110010010110001001110101001110000000 #
#870
0!
#880
1!
b100001011100110000010000001010001000100101010000101011100000001000000000001101010000100000100011100011110010010001000000010001000001000000100100010000001000010110000101010110100000001000011000110101010001010101001101100001010011000001010000010110000101111100000110000100100001100001100011011000101000101000000010000010100110111001010000000010001000110010011111000001100000000000010100000000001100100101000010110011010101 #
#890
0!
#900
1!
b011001110111111011101111010110110111011101001111111011101011001111101111111101110110111010101110110110011111111111110001110011100101111111111111111110110101011011100111111010111011101111111111011111111101110011100101101110110010011111111110110110111001010110111101011111110111010000111101011110110101111001001111010010011100001001110000010110011100100101100101101001110100101101110110101111111111111101011100110011111111 #
#910
0!
#920
1!
b011011111111011111110110011101111111111110111110111011011111111111001110111111011011010111111101011111111011110111101111110110110101111111101110110011111111110000001011100001001111100110000011011000110111101011111001110111001001011110000101111101110101110111011101000110001111001101111011111111101101010111011000100011100111110000110000110011001010100110010110100011001111111111111011111110101011110111101001111111110011 #
#930
0!
#940
1!
b011111010100101110111111111101111000111101001110111110111110010011011101100011110100111001100110000000110101111001101101010111010110110110011100111001111110100010111110101111111111101111110110100010111011001011001111111101110110001011101101111101110101101010110001110011111001011111111111000001011001111110000110011011111000101111110000101111011000100011011111111110101000110010011010110111111101101110111111011100110110 #
#950
0!
#960
1!
b111111111011001011111011111001110111011111111111110110011000000001110100011110100011111111011110110111100100011111010100111101101100011100111010011111010101111101011110011111010100111111111110111110111001110101011101001111110111101110111111101111010111111101100110101101101100111010011111000111111011011111111001111111111000111111100000111110011101110000111100011101001101100111110000101111110011111110001101011111011011 #
#970
0!
#980
1!
b001100000110100100101001101110010000001100000100001000000100100000010101011101101100011100110000000100001000000000001010001011110101110000100100010110000000010001011111000110101000000000000011000100011100011001100011010010100100000110011101001100000000011001101000110000100101001100000010001101101000011101010101000000011011100011010000110110010000010100000000100100000110000001010000000000000001000010011001100000001110 #
#990
0!
#1000
1!
b001001000000100000010000100010011000101000100000001001011010100100000000010100001111100000000000010000111011110110001110110010010001000010011101000100000101100100101000010111000000010000110101000100100100100011010001001011000110000001100111000011010010000000110000000100101000001101010001101100000010010101011000010101000011000000110000100011000000010101001001001111000000110001100001000101111001010000110100000000010100 #
#1010
0!
#1020
1!
b000000011000100001000111100011100101000010100010011101001100111100011100111000000011010011001001100000001101101111010101100110010010010110001000001000001010000001100001000010110000110001000010000000100000100011010100000011010000100000001110000100000100100000001000100101010001000010000111110010000000111100100101001001001001000101000000001000000000000110110001000110011001000000100000000000000101000001011100010110010011 #
#1030
0!
#1040
1!
b011100110000100010000010001101001000000011001001100011000001000001001100000010000101000100000101100000001101011101001111000011100000000011010111100000010001110110011100000100000011000010001010001000010000001100110100110101100100110100100100110000001010001100011101110100010001111101111101000100000101011101110000010001000100001011100000100010011110101100011010001000110101001110111010000000000110011010100110010000100100 #
#1050
0!
#1060
1!
b111101111011110111100100010101010011000110001101010111011011011101010110110111010011101100110011101111100110001110111010100001011111011111001110101111110111101000011101100001110111111011110111111101011110000110111111101100101100001011111101111100101011011111111111111110001111110111011110100101111001011000110101011110000001111111010000101010011111001001111011101111110100101111110111111101111110101101110110110111111010 #
#1070
0!
#1080
1!
b101110011101111111010100101110110101011100101100111111101110010111111100110101100111101111111111000111111010001111101000011110011111111010010011110110111111111010100100101110111110100101010111001111110101000111001011111110111010111110110111111001101111010110011111111010111111100001111110111101111011111111001111111100111110111110010000111100011100100110101111010011101110011011111000110001011111111111111110110110111110 #
#1090
0!
#1100
1!
b110111011101110011011101011011011111111101010111011111011001000111010111101100101001011111001101011111110111011111110000001111111111100001011100111100101101011111011101100100110111111111110111101100111011110001100111110111011000101110101100111011000111001111010011000011011111111011111111011111110101111011110100110111111110101111000000111101100101101110100111001011011101011001100111111110111111011100110111010101001011 #
#1110
0!
#1120
1!
b110011001001111010001111001010010010101100011011011101001110111010111011100010001001111110101001101111010011100100111110111001011111011100101001001101000001100111001111101100101101111011111111101101101111111001101110000011001001101011110111111011110101110110011111111111111011100010011100111101111111111101100111010111000111010110010000100001111100001100011111110101100101111100111111110111011111100110111111110111011111 #
#1130
0!
#1140
1!
b001001000111100100101100000001010001010101010100100101000101011000010111011101111110111111001010001010001011100011001000111111100011100001000110001011011000010000010111010100000100100100110101000000001101111111010101101111110100101011111101110110100011010101000001001010000010101001100000000101010011111010101000010011010001000000110000101000011111000100111011010101100010100101011001010110011101000111011100110100000010 #
#1150
0!
#1160
1!
b000000000000001010100101111100001100101010111001010000010101010100011011000110110000010010011000000010000111110011100001001011111000100001000101000100100010101000011001111101001110100001100010011011101100000100011111011100100010000000101010001101010000010000000000000110100010001100101000010010011100110000000000100101011010000111000000101000001001010111101101100110010100001010000111010110001000010100101000000001110110 #
#1170
0!
#1180
1!
b110000000011101100000000100101111101001111010000011001001101100000101101010101000000001001000100000110010011010011100000000000101011101100011000010110010010000001010110100000011110000000100000110010100001001100010000001111001010010010001111100010110001101000011001101010100101000010100010010101110010011101110000101000101110100000000000001111010100011100000100010110010101000000010010010001000001101000000011100111011110 #
#1190
0!
#1200
1!
b000011000011000011101001110001100010000100000000110011100000010010010000101101110100010010001010100100010001000101000101110010100011101011000010000100011110001001000110000111100100001101100101010100111000010111001101001110000101111000111000000000000101010111000000110001110100000101000100100000000001000101001000000001100011010000000000100110001000010111001011000010001001110001000100011111001010110011010010010000010000 #
#1210
0!
#1220
1!
b001011110111101101001110010000110110011110110001101011111111101111111111110101101111110010010110111110111111101011011111111100111010111000110110011110100001001011011110101011111111110101011001111000010100011111111111001101001001100110101110111111111111011001000111111001111011110101010011010110010001101111101100011110101110111111010000110111101111111111100111111011110110011100101100111111111111100111111100100111101111 #
#1230
0!
#1240
1!
b101111011111110110111111011110111101110111011110101011111110011101110000101000100110100011111111100101111111110101101011101101001110001110001111110011011010111111010111111111111111111011111111101011110011111011001110110010111011111010111000101100101011111111101010000110100110110001100111110111111001010001001110111110101110110011110000111110101000111111111101111110110111101101101011001011110111110111011111111101011110 #
#1250
0!
#1260
1!
b101111001010110111001111111110101111101111111101111011011111011011100001111110110101101111111010110111110111011101110111111111010111111100101110100111111010010111100010101001111101111011001110001110111101000110101100110110100000111110101010110110111110110010011111111011000011110110011110011111111111101111101111111000101010101110100000000111011100111111101010110011111011101100100101111010011110100111001111101110111111 #
#1270
0!
#1280
1!
b010011011010110001111011011100001111111010101111111110110001000111101111101011000111111111111101101111111011111100111100000010010110001110001110010111001011011010101101011111111100111001100001111111111100110100100010110110001011010111011101011010001010111101111111011011100111001101101101011001111011100101101100111110110111110100110000101001101011110101111111001111001001110111011010001101100011110101010101111111110101 #
#1290
0!
#1300
1!
b001101100001100101000000100101000001001001011010100100010110001000010100011000000100010001011010011000110000111010100101001111101010000110001010101100111011000011101011000100001100110100000101100110000100101010100001000000001011110110001101010001000110001111101001101111001000101100000011000011001000101110100010110011111100001100000000110101001000001100100110000001101111000011000100010000101001001110110000100010000100 #
#1310
0!
#1320
1!
b101001010010010000101100011001110010101011100000010001011000111101111000101000110100000110001111001100000110000000001110010011010100010001010011011101000001011000010001101000110000101010000011000100011001100111000001100001110100001100100101011001100100010010010010101110001001000010100100110110110010000110001000111001000000010010000000001000100001001010100000110011000110111110010001111000111010011011000101001100100010 #
#1330
0!
#1340
1!
b001101001001100011100101000101001100000100000001110001011111100010010100100010100100000100010010100011000100000100100100100100000100100101110101100010010010000001000100000111101100101110110011001000000011001001001000001010100101100001100100000010100100110001111011110110101000001010011000000001001001000000111100011111010001100010010000111000101000101000100000011011010100000000011000010001011101000100100110001010000001 #
#1350
0!
#1360
1!
b010101111001101000100001100001011100000101100111000100001101101010000000001000001111110100000001101000010000110101100011000100001010001010001000000101010000000000010010000000000110011010101110101010001100011000110010001011000111000000110010001010001001100000100011111011110000000000101010000011001010000100000000000001111000000010010000100000010001011110111110000010101001100101101000101001011000001010010001101000001011 #
#1370
0!
#1380
1!
b011111111110011100011001001010100001111111110100011011010100100111011101111011110111000100011000110110001111111011101100111111111100110001111101111110011010111101101100110110111111100001110101000011111111110000011111101110110110010111011101111010011001101011111110001100011111101000100010010010000001001011111101110001111010101000100000111110011000111111111000111110101101111101110010010110010011111101110111110111011111 #
#1390
0!
#1400
1!
b111110111110111101111111010100101100001111011101011010111110011111111111110101101001111101001100010110111111110000101110011101101111111111111111111100011011100000101110011001111111110110111111101001110111111111111110110101101101111010111111111111101001111010111111010111010111111101110111100110011011101101111100110111101001101111110000111101101010111101001110111010101111111110111111111101110110110001111001001111010111 #
#1410
0!
#1420
1!
b011110110111101111101111111111111011100111100100111111100010101000110011110101110010111111011101111111010111111011010011001111111101101001001111111111011001001100011111111011101111111110101111111111011111011101110100011111101111011110011011010110111111111101111111011110111010101011110000101101100101011010010111111110111101011101000000111100110001111001101010001111110110101101100011011001110100110011011010110110011101 #
#1430
0!
#1440
1!
b001110011011111111111111100011110011111111101111011111100011100101101001111011000111001001111111010101101111111111110010101111110101111111011111110000110001011111101111011110011001111011010110111110111100001111110011111111101011101011110110110110011010110001001110111001011110101110110000111100111111110110111110100111111011001111110000011101111111111110110111101111001101110111110111101101110111110101011111111000100001 #
#1450
0!
#1460
1!
b000011000100111001101000100001110101000001001000110001100101110011110100010000001000101111010001011000000000001010000001010000001001001111011110010000000100000100011101010100111110000000001100001111000001100011000100111100000010110110001100110001010001000100001010100010110100110000010010010001001110100101011001110110110111010101100000001101000001000111100000110011011100111000000000011110011000111011100010101010000101 #
#1470
0!
#1480
1!
b001101011000000000101111110101100001011011101010001000000011000000001010000111011000001000101011101100101011000100010000000001100000011000010001000011110001011100110000000010000000001100000000001100000001010111010001010001100100110101100001101001111110010111101111100010011011100110100101100110010010100010101000000010010111010010010000110111110010001100000001001010000000000111110100000101000000110111010010110000011101 #
#1490
0!
#1500
1!
b010010001001001101000001110000001000110000000001011000000010010000010000000010001000000000010100000110000001001000010001000001110110110000001100001110000000110000000010000000110000110000101011010100010011100010000001001000010110000101001011000110100000101001011110010011111100001001000011010010001000000001010100010010100100000000110000000000000100000100100100101101100101011001000101001110001110101100101000100000111000 #
#1510
0!
#1520
1!
b000111101010000011000000010101000000001010110101000010111000000001001000000000110111011111111010100011001101000101110000000011001101001011111000010001101011010000010000111100000000110000100111001101001111001010000100010101110111000100000011100011100000101010111110111000010010010010100000100110100101010001110100001100000000000010000000000000000100000000110010101111100100001011000101000101001001000000101000101010111100 #
#1530
0!
#1540
1!
b010110111111101111110110111010010011101111001111110111011111010111100010101110111011101111110111011100100010010111010011011101011111011011100111111111111100110111011011111010101011111111111110110111010000101101101001111001110110101000011100100110101111110011101101101111001110111110111010111111111100010010111111111101001111111010110000011110100111111111010110100111001010111011010110111010111001001001011101000010011010 #
#1550
0!
#1560
1!
b111110000111111111111001110111011111111000111110100111010101101110110111011111100111011111101001101111101111111011110101010100101111101100111011101110110110110011001010111101010110011111101110011101111001100001110101010110001100000110010101011011111001001101011001010001111010100011001101101110111000110111011001111111010100111000110000111111110110111111101111000101111010110111011011111011101011001111011111011010000110 #
#1570
0!
#1580
1!
b101010110101111011111111100000111110010101011011101111111111111110100011011110110110110010101011011000011011011110110011111101001100100100111000101001011110101101111100110111111101111111000100111101111001101101010100001011101111110011101111110011111111111101001011111101101111010111101011111111100111011101110010111101111100111011010000101101110110100111111110101111110100111111110101011100110110101011111111111111111101 #
#1590
0!
#1600
1!
b111111110101110111100111011111111010011101100000110110110111111101101110111100001100110111010000101110111111010001011010111111111111101111111011011011101011111111100101011110101110110110001111000011110011110000000111110111100100100111111111111111111110111101101111111101010011011111111111111011110011011111001011110010111011111111100000011111111101111111000001111111111010111001101001011111111110110111011011010111111110 #
#1610
0!
#1620
1!
b001010100001111010110010100000100111100000001010010001000111010001111100111110111101110101101110111100010000010010110110101011110010010000010100111100100010110010000001000100100011100000001100111001010101001001000001011000010001101110000011000010010100011001100000100101001110011100000001101100011000110111101100010011100000001000110000101010101010100101000000011001000101001111001100110010111001110000010111010000100100 #
#1630
0!
#1640
1!
b000000110010010000010100100110111100000110000010111100011100111000000100100100011010110010101000000101001000001001000001000011110111010010100001000001100100001000001010110010100010010010010001110101101100001100100001110100000010010000011100000100010000001010000001001011011101000011010110000101101100100000101000110001010000101100100000000011111000100000010010000100111110110100101000001110100010011110000110010000001100 #
#1650
0!
#1660
1!
b010000000010110110101110010000001100000010000001000101010010001110010100100100111000000110111010100111000000011011100010010001001001100100100001000000101000000110000111011000000000000001001100001010000000100001110100111101010001101100111000011001110100111010001001010001001000000010011110000100000000001001101100000001100001001011000000010000010000111100001110010000001100100111111001001011001100011100100000010100010010 #
#1670
0!
#1680
1!
b100000000110000001010000000110100010011110010001101110010010011000001111100001100000000100000101000000100111111001100110011000101110101010000001001100100000000010100000010100010111010010000111000000000111001101111110010000010100111000000001000010110011000000010000100110001000010100000101000101000110011011001001000001100100101010110000100000001000100100101110011000101100110010110001100010001110011000011000000001000110 #
#1690
0!
#1700
1!
b011111011111000111100111111110011110111111011101101011110101111000010111100011011010010000011101111111111111010000001110111110011101001011010110011011100111110001101100000011011001111111010111110100011111110001001011111001011001010010011110111000111111111101111111010111100111001001010100001011011010101101111101111011111001011011110000010111111011111111000101100101110111111010101011011111011101101100111110111100111011 #
#1710
0!
#1720
1!
b100100110111110011111101001111111101111111110101010110011011110111001010110100101011010000111011011010010111111101111000101001101111100011110011011011011101110011001110001111011110111010111011110100011000101010001011110111011100000000111011111111011010101011101011101111011100101010000111101011011111111111100110111011111110101010000000101001110111111101011010110111111111111110110001110111111110110101111110101101011101 #
#1730
0!
#1740
1!
b100111010100010010111101011111110111111101101011110111000111011001111110111100101110110100011110111101001111011011110110111111111111111111110111100010111001110001100101111110111011011111011001010110111100011101111111101100101100101110111101110011110011101111111111110011111101000011111101111010111101011111100111110110111001011010110000111011101111011110111011110111010001111101110101110101111111111001111010000110101111 #
#1750
0!
#1760
1!
b111110101110111111101011111011010011100110011110101011110010010010111010011101101011011010111110011101111010000010111110101111110111001100110011111010111110010111000101011111110100111111111101110001011001100011111011111010111101111111010100100110111111111101101011001101101110010111110101111011011011111011111111011100011111111101110000001100011010111111101101011111101010101001110100101111111100011111000101011010001001 #
#1770
0!
#1780
1!
b100101010011011101100000010001100010000010100010000001110000010101001111100101111101110111110101010010100001000100000001000101100111010111000001000000000110000001000111101001010110110100000000101010110101000111110010100100110000101101101100111101011101111001001101000000110010101100000000001000011000110000010100101010001010110110110000001100001010000101101001100011000111000000001111110101000000001101100110111100000101 #
#1790
0!
#1800
1!
b010010100100111110000000000001111101000110011000001101001010000100101100111111100011100000100000100001100110111101001001011111000100000000000100001001110111011100001101010000111001001011000010001010100111001110110111001101100100001010010011001100100000001000000000010100111110111100100100001000000100001100100100011100000011001110110000110111000000000100101001000100100001010000101110010100011101111100000010000010000110 #
#1810
0!
#1820
1!
b000100010001001000010100000000000010000000010110001111000100010100011001011001011010000100101100011001001010011000000001010011000010111010000101001001101000101110001010001100000001000001001100100000001000010010011111000110001001111101110001101011011000000111100000110000000000000001010110101000100001001000000011011110010100000000110000010000000001100010001000100100101010001010010111010010101110110111011001100010101110 #
#1830
0!
#1840
1!
b101010001010011001000100100000000100010000110011100010011100010100011011001110100110001011110011001001010000100000101101001010101101110001000001100011111010100000110101010011011101110000100000100000000110100000100111000010110011111000100100010101011000110010100101000000010010101001001000100101100100000010100000010010110010110101110000100101110001000000010001111111010100001010000110001110010001000100000000001000010010 #
#1850
0!
#1860
1!
b101111011110111110111111111001101100110110111011111111010111100100110100001110111100111111010111111110010101001101110001100111101000111111111100100000000101100111000111001110111001110111111100101011011010110111011111101010100011110101011010110111101111101001111111110111101000010101001101111001111001100101111111110100111111011111010000110011001101101110100011011101010010111101001010111011011010001111010101011001100101 #
#1870
0!
#1880
1!
b011100010111011010011110111101111111111101100110100101111011001110101101111100011001111111011001110010011000001101011100000110011100111110111011111111111111110011001111001111111111101011111111011111010101101110011110110110101111011011111011000101110001001001010011111101100111001111101100111111011011111111101110111111011100011011100000111101111110101010101000010111111111111111101100111011111001101111111111001111101011 #
#1890
0!
#1900
1!
b110110110110111110111001111101111011001110111101110001011111011001110001111101000110010100111001010101110111010110101100101110110101111111111111011011111101001111011100111101011111100110100111011101110111111100011010110111101001101011101001101111111000110101011111110110100111101110101111111001101111011001010110010101000111111100110000100111110111111111001111111111010111101111101111110101110110101011011111101111111110 #
#1910
0!
#1920
1!
b110010111011110111110100110011101101110111111001011011100000010101111101101111110111111111101001101011001111001101010110111101000001111010001111110101110111101010011011011010100111101010111100110111101100110111101101001101000101001111111111100110111111101110100110101001100010100111001111011011101101110110111111101011111111011101100000011010111111111110010110010111001111000100100111100011111011010111010111011100011100 #
#1930
0!
#1940
1!
b010001000101110101000100000100110000100001101010010010000010010010100001100011000001011000011111011010011010000010010110100000100110111101100010000000011011000000000010011100001110100000100111110111000000100100100111011100000111011010110000111100011100001001101001001000000010011000000000110000110000011011010011000101001010100111100000010001100000101010100010000011100100010101110100011111000001001000101001011101001000 #
#1950
0!
#1960
1!
b000111111010000010100010010001010001011000101100100101010111010101010100100010001010001001000100110011110001010001000000101111000000000110100000101100100000101110010001111011110101101010000100100010101101000010100000010111001010000001011001000101100000000000110010000100110100000000111000011010100000000111011001010001101101100101110000010010011011100100101110100011110100001111111100000000000000011110000110010000001000 #
#1970
0!
#1980
1!
b010101010000000001001000110010111111001001101010110011100100100010000000011110001100101011001101100101001001101000110011101010110111110000000110100101011000000011010011101000101000100000001001000010000001011000001001100000001001001010001111000011001000101100001110101001000010010000010000010000010011101000001001000110110010100011000000001000100101001101010110000100001100011011111000010011000000100000100000100000011100 #
#1990
0!
#2000
1!
b000101000001000010001111100100101001100011000001110000111001000000001010111011001100011001010111001100010111101000001100101100010111010101010000010010101010001000000000010110000000101100111100000001010100000111101100000011000011100001000000001001100110101011011010000110001000010111000001001110001011111101000001010011011000101100110000010100010101000011010011100010001110000011001101100101100011001100000001100000001010 #
#2010
0!
#2020
1!
b011110111100010111011100010101000001001110101001101110111110101011111100010011010010100000111001111111010101001101110111111110111001110001111010111001111110011110011111110111111111111011110111111111010011101000111111101100101100011100110111011010011011101100001111111011110001010111101000011110101010110111111010110111011111011101100000010111110011111001010011111101011101110111011110111011101000111101110011000111101111 #
#2030
0!
#2040
1!
b001100110111110111111011110001111010011111111110110111111110100111111011111110111111110001111110010111111101100111111000011000101110110111101011010100101111110101110100111111100110011110110101011100110101110111111111111011111100010101110101110111101010110010110001110111111001100111111111110101111110011111111111111000001111011001010000101111101101001111011011100101100001111100001111111011111011001011111111100111111011 #
#2050
0!
#2060
1!
b110011011101101011101010110111010101101001010110001101110011110001100110101111111000000101110001111101111111111011111101111000101110001111111000110101111100011111111101011011110111100011111010111011101101111100110010010110011011010110111101101111111101000111001010111111111110110111110101011111100111110000110111001110111111111111110000110111100101110101111111111010011111011111011100101110011011011111110011100110111110 #
#2070
0!
#2080
1!
b011011110110000111011101111100001011111011101111111110100011111011010111000110111101111110111001111111010100110101011000111001000111101111010110000010000111010111010010001111111110001111111110000010111110110000100101010001111111101110000111111100111110110101111111001101011111010011001111011011101010111100011100011111010111111011110000111101110111000111110101100111111110111111010111011111111111101110111011001001111101 #
#2090
0!
#2100
1!
b000001000110100011000101100111001001010011100010100110000101100111110011001001010100000101101010000100101001000100000000101001101001101000001010110100001011101101000001011110010001000000101110000001011000011001000000100101000010010001110111000000100001000100110001001000100100011010000000101101110011111001110010100100111100000101100000001010000001000110010010011000010101110001110010100110100001101000001010000000000011 #
#2110
0!
#2120
1!
b001100010110001000100001000110100000100010010011001001101111011000010000000001000101001000101101100100101100101100001100000010001111010001001111101011011101101010101010111010100010000100000000110000010110010100100100000100110010001000000110010001001011001100011000110101001110001101010001000100100110000000010000000000001000000010000000011011101011100001101101000101011110010011000111100001010011110000011000110000000110 #
#2130
0!
#2140
1!
b100011111010100010000011101010100010011011100001010000000001100100010010100010010100010111011011000101010100011010011010000100111000100010000100011000001000110000100101101000001110000100010000100000100000110101101011001010011110010111100000001011100001001001100100010010001100000100011111010000000000000100000010110111010000111000110000100000011111010101000000001001000000000001000010011000001011001000000000110010001011 #
#2150
0!
#2160
1!
b101100101010000000000101100100110100000000001011100100000010011011010010011101000000100100100001000100001100001111000011100110110101010110110001001100110011010000000010011010100001000001111110110111001000000001101111010111010010100111000100000011000101100001000001010001001110000000110010001000011011011110001010100000000101101110000000000000000001011000011010000011010001000110100110010101101010111011110100001000001010 #
#2170
0!
#2180
1!
b010111001110110010111011110110101101111010011101011011111000101111111010010110001111010110101101100111101101111111110111101111111101000011001111010101010001110001101111101010000010100111111011011011110100101111100111101110001100101100111111011101101101111110110111111111010110000101011110110100111101000010100111111101100110101111000000111101111110010111111101010001101010111000110001111011101000111101110010011011100001 #
#2190
0!
#2200
1!
b111101110011010011111110001010111110011111111011110111100111011101011111111111111100110111010100110011101100011101111111111111011111011001110110100100111011100010111111011001011110101101110100110101011000110000101000000111111111110110111111111111111110011111111111010101111111101101111010110111100111010010001000010100101100111101010000111011110101000011101111010110111001111100111100010010010001000010111100011001111111 #
#2210
0!
#2220
1!
b101111101100101101101111001100011101110011011100111111010011111010001011110111101011110101100110011011100111111011111101000101111111101100001110101001011111110111111011001110101001110111011001101111101011111111110111101010111001011011111111110011011101111101101000001110101111001100111011111111001111001110011110011111011011011111100000010111000011111110100110110010101111001011000111011011111000111000010111000011001011 #
#2230
0!
#2240
1!
b101100111100111011100000111111111111011101000011101011010001011110111101111011111111111111111100011111111111011101111111111111111011110011111101111101010111111011110110001100011110111011011011100100010111000101101110010111101001111111101010111111011111011011011110111010011101110101011100001111011111111011111111111010101110111111000000111111101010110110001101110101110011111110110001101111101111101001001101100110110111 #
#2250
0!
#2260
1!
b100100100100001000000000001001110010110111001001010101100111000110100000101001100001100010010011000000001001110100011101000110101001010000001110010000000011110100000001111100010100001000000111010010000110000000010000000000000010000000000000001101010000010011000110110001111000000010101010110011100010000001100010010001001001000010010000100001110000001001000010001000100101010001100010000010100000011010101001001000000101 #
#2270
0!
#2280
1!
b000000000001000100000100010011010111100000100000010101001110010000000001000111101110110001010110100100010101011001000100001001011001000111101000000000000001000101001001100001001000001111010100100110100100100000110001101100011001100100000000010000101000011001001110000100001100010000000100100001101100000001100000111110100010000111000000010100011010011000010001001110111001100001001010100111100110001011000000000100000010 #
#2290
0!
#2300
1!
b000000000101001001000001001100100110000011000000010000001000100011010010001111011100100000010100000110000011000000010101111011001000000111100111000010100011111101100100001000010000000001011000011111000100000100000100000000001100101010100100110010100010011000100011100101010001101001000000101001100110111100000000000011010100010100110000100100010001001000000001000011001000110010000000000010000100000010000101100100000001 #
#2310
0!
#2320
1!
b000000001001000100001001110100000011000010011010011000001000011110100000000011001001100101100000101100000110000010001101000000100100001001001010010101110010000111001000010000000000000001101001110001000000101011000001000110010111001001100000110101100000001111010001010100000101011011011100010100010110100101000101101100010100011001010000110011100000000110000010000010110110110001110000011001010110001100100000000000111100 #
#2330
0!
#2340
1!
b101101011101111101111111011101111000101111111001110111101100101011111000100001011101111011011011101011011110110011100011111011000101110110011101001111101100111101001011111110111110111111101111001111101100001101101110101100100110101011101010011110111111101101110000101101110111101100111111100010101110100101001010011101110000110101110000111011001000001110011111111110111101011111111110111111111111100101010111110100110111 #
#2350
0!
#2360
1!
b101101001010111111101100111111111011111110011001111101100101100101101101111101001111000001101001111101011111110011111111111110110111011000101110010101111111111111001101111010101011100011001110011110110011000111111011001111001110100101111111011010111011001001111111100110101110100011010010111101111100110011100000011101111100010100100000010010011011000101010101110001100101011101000110111111110001011111110111111111110000 #
#2370
0!
#2380
1!
b100111110101111011111011111101110111101111011010101011110101111101110101111101111111101111001111111111011111111111101000110111111111100111111110101011101111011110010111101101101001111100110000000010101111010001111101111011000000010011111111111110101101110011110111100111110100111110011111100111111011110111110001110111111111011010110000111110111111101101101010001101111011111101111000011111011111111100101101001110101110 #
#2390
0!
#2400
1!
b111011111001100111010111110101111100111011010111101010011100111101000111100011101001111110010001010111011101110111111110110011111101011001011011001111111111111011101111110111010110110011001111101111100011110001111101101101110000011010000001111111001011011110100110100011111011101110110011111111101010101000001101101001011111010100010000111111111101000101110101101000001011101010000011110011101010101111111111101111101111 #
#2410
0!
#2420
1!
b000101010101000011100001010000100011110001010101010000100010100100010011101000110001101000001110011100101000000010001011011111100001110010110010111110100010110101110001001100010011000000010010010110000011100111001000010101011110011110010100110001001001100100101010000111100011100000010010111001111000001001001111100110001111000000110000110100000100000000010101000001000110110111101100000010010000010001101011000000010000 #
#2430
0!
#2440
1!
b000000111011001110011100100011101000011000001001010001010101010111101100000010101010010001101100110001100010111100101000000010000010001100000000101000010011100101000000010000000010001100000111011110100011001000100110101110011110000001100000010000100110011111111001011001001110001000001101010011000000001100110111010001000000010011100000110110001001001111000001101010111000101010000001010001000000100010001000100010101100 #
#2450
0!
#2460
1!
b100101001001100001011010001110000110010000010000000000000100111000010011100101011011010010000010010000000010110011000001000011000001010000011010101101000010001100000101000100100010001010001001111101100000000000110010000000111001110000100110110101111010000010100001101001100010000001001111100001001001100000011110000010000101010001000000111000000000011010110011001010010001110100011001011000010101101000001000000000010010 #
#2470
0!
#2480
1!
b000001110100010000000100000010111100000000000101000101000000001110000110111011010110000000001001000110111010100000010100011001101010001010011111000100100100000000011011110001000010001000001100000100010000001100000011000001101100110011111010001010110111100001100101011100001100000001100111001001001101100000111000100011000010100000010000011010110001100011001000001010110010100100001000100100000110101100111001000001100001 #
#2490
0!
#2500
1!
b101010101111111011011010111110011111110110101111011111111010110100111111101101111000000101010110101111111111101000110110111111011111111110011110110101000111011101011001111000101111100111111101111001001101000111001110111110111111111001110001101011110111111100001010100110101100111001110111011000001010111001111111111101010011111111110000100111000100101011001011010001010111111000111010011111100111111101010101010110111001 #
#2510
0!
#2520
1!
b101111101110011111110101111111011001111111111011111111111000101110111010110111011011011010111111110111011101111011111101110101111010101111111110110111101110100111111110101111011111100111111011111111001111011111100101110111111001101010001010111101111001101111001111010111001110111100101011110011111110110110111110111111010111011111010000111100001111111101110101111100111011101001110111111111111111010011111101011111111011 #
#2530
0!
#2540
1!
b111111101011111111111111011111111101011101001111111010101010101011101001110110010111011111101101001001110111010101110101001110011011111110010101111111111011100111111110110110011100011101111100110010110101111000111001101001101101011011111011011110111011110100101010111000001110101000111101011001111101000110111101101011011110111110110000111000101111110101010011101111101011100011100101011111011110110011101010101101000110 #
#2550
0!
#2560
1!
b110111110111111011111111111100100100111011111001111111111100011111101111111100011010011010100110111111110100111000000111100101100110101111111111000101110111001111111111110111101110111111101101111110101010011100101110110011001110011101111110111101011011101101110101101001011100111011111010111111111111011000110011011011000001111101100000111011001110110001101101111011011111101010000110111111011111111111001011100101001111 #
#2570
0!
#2580
1!
b001000000001111010000011000111010010000010110001100101001000000010111000110000010110011001111110100011000001000000101100011001010110000000110111000000010001010100100010000110010111000001101010100110000001101110100011000010000011100011000100100010001101001000000001100000000000001001000110100101010000101001100011101000000010000000100000101101100101000111100100101000010010101000001010101111100000100010110000100001000010 #
#2590
0!
#2600
1!
b000100010000010000100011000000111000100010110100110000000000111100000001010010100000100100010010001101101000110100010010000000010010001100001010001101000000011010000000011110001000011100011110101010100110100100000100010000010100011010101011001001100110101001110010001110110001000000011000001100010110010010010001100010000101100011010000100100110110110100111011111011000111110010100111011010010000101100101010101110000010 #
#2610
0!
#2620
1!
b000000010000000000100110010010110111100011110010000000101000011001101100100011010000011010011000101110000000001000011000011011011100000100010010010001000111101001000101001110010001000001000110001101000001000111000000000010110001101100010100000000001110000001110011000001001101000010001001000001000110011010011110011100110100100101010000010000000111100000100010000000011000010000000101000100000001100110000100110111010001 #
#2630
0!
#2640
1!
b010011001000100100010010000010101010001000001011100100100111101000010010011101010100000110001111001100000001010100011100011010100000100100000000110001100101010100010100010110010000101000100110110111101000001100100110011101001100011111011010001010000110100001100010110001000100011000010000100010001011000111100010000100010101100001110000100001010110100000000000000011011000110001110000110111010011100010000000101011100000 #
#2650
0!
#2660
1!
b111111111001110101010110111111111110111001111110111010010001001110111010011101101111111100010111100101011101110111110001111111001110101100101010110110010001101110111110110111101111001011101110001111111100001101110010111100011111111111111000111110001010110111100111010110110111101110000111001110111001001010111111111111101100001011110000010111010010111111111010101000111011111010101111100111001111001100110110101011110110 #
#2670
0!
#2680
1!
b100011110111011010111111111101101000011101111110011111011110010100110111000100110100101010101100111111111110110011101011110111111001101100011011100011111111100111110011111101111010110111110101110111101110001001001111111110011111111111111111110100111101111011110110110101110011111011001011111010100111101000111001111110101110001111110000001100111011110100111011101100010111100111110101111101011111101111101111110110111111 #
#2690
0!
#2700
1!
b101111111110111011101101011111110100111101111001110110101011010111111111111111010011111111111101110101101101010111110100001100110111111011111001111111101011010111111111011110010111001101100001111110111010000101001111111110110100100011111100010100010110010000111110111110111111111101101100011101111011101011111110111011111101110111110000101101011101110100110010011010101011111101000101101111100111111010111101010111010011 #
#2710
0!
#2720
1!
b011111000010011100010010111101101001110101000110001111110101010110111011010111111111111111011111001111111010100001011011100101111111011101111111111011111101110101111100110111111101111101101111111111110000111011011100100100101111011101110111111011100010110111100101011101011111111001111011011101110111111111111100111111110101111110100000110101110100101011110110111101111110111000110111111101111111111011111100111001111111 #
#2730
0!
#2740
1!
b000000000010000101001000001010111111001100100100110110100010000011010100001110011001110010001001010100100000000101001000100000101101110110101000100001100101111100000100000111100011000000011000000000000010101000110001001000111010011000110110110000001101000010110000110101001100000111000010110000000100101000100011000101111000101101010000001100110010000110011100111000101001010011001001100000100010001011011110000101000001 #
#2750
0!
#2760
1!
b100110100000100110010110001100011001000000110010111010000101001111101001100001001110001110100010000011000010110100000100001000001100101000011100001001001001101010001101011100010000101000000010101000001010100000111000000010100010011100001000000110101001101101001010000001010000101011111101000000011100000001100000100000000000001001000000100011101101010011010010001001000000000110001000001110000110001100000100000010110100 #
#2770
0!
#2780
1!
b000110001100100101000001000001110000100000001011001001111110111011000010100000110001000110101000011110010011000000000101000000111000111001101110101000101000100010100000010100011110101010000000010000100000001000010101000011100000100110000111000000001000100110101010111111000101001000011000100011001010000000011000111010110010100000100000111000010000100011110110011001110011011001011100001010000000010000011101001000000100 #
#2790
0!
#2800
1!
b100001000000101000000000100011000010001001011001000100101010001000000110010111100101100110100100110100001001101000000000010101100100100000010110100100001101000101000000100111000000010110000100001000000101110100001011000000000101001111100010100001100001010010011000010100000000100000001000100010000100011000101001000000000001110001110000100101001110000111000001100101101010000110011000010011011000001100101111111001001000 #
#2810
0!
#2820
1!
b111010111111011111111011010101111101011111111101110110111011110000111111011001110111000110110100100011111111001101110111001001101101100111111011101010110101111111101011001011110110111110101111100101001111010101101111111101111011001001111101001011011001001111011110001011111011100111011111100110100100011011101110010111110111011100110000101111110010110101001100111110010111110111011100010101010101110011111001101110101110 #
#2830
0!
#2840
1!
b111110000111100111000011111100110111101001011001111110010000100101111111111101011011110100111011010100101001111100111011101101111111101111000101101111111111010001010001111110110111111100111100001011110110110010100100010010010101010001110111111111101000111011111111111011011111111010010110110001111100111011001111010111011011111110010000111110101110011010001111011110111111101011011111000110001111011111101111010101111111 #
#2850
0!
#2860
1!
b001110110110111101101100111111011101111110001010111010110000001010101100101111110111000111011001111000110101111111101111101010001110001011110010000101110111001000111010111111111101111011001001111111101000111111110101011111011101110000111110111110110011101111001111101010111011101010101111101101011100010111111101101111011011100100000000111011101111111111101111101100111110010110100110110110111110110101111110100001110101 #
#2870
0!
#2880
1!
b111111000101101101011111111101111010101110100111111100011110000000111110011110101110111110101101101110001011111111110111011111010101110111011100011111011011010011110111101011110111101101101011111010111111010000001110100111101111100111111001111111111111010111011011101111001110110001000111011100111111101010111001110111100111111110100000111011011111111111001111110101101111010111111111111111111110011110111011110101111111 #
#2890
0!
#2900
1!
b010100010010110000100000100010100000011011100000000110000011101000111000111011110000011000111011010000001000001010110011001011001000001011100011010101011110010001000101110110010110100110000010001010010011000111001000101001111010011001001000010101000010001100101011011101100101100001000100000010000000010100001111001111000000010110000000010101010000000110011010110010000000000101100100100100011011001100010001000110100110 #
#2910
0!
#2920
1!
b000000011000100101000001010010010110000001000110010011000000100110000100000001100000101000110011100010000000111010011001110010011000000000011000000111010010010000000000000001000110010100010000110100000011011001010011011001000111110100011100010000010000000000011011100010000000100100010101011100010001010110000101000010100010101001100000101011010100011000000001111000011000001000000101100011000001100001100100110001100000 #
#2930
0!
#2940
1!
b010000100101000101000011010000011000010101010011110000010000001001101001010001000000110110000101011000101100010000001001001010101001001100000010010000000001000010100000010010010101001010111100001101001100000010101010000111011001001000001111000011100111011110010100010000110010010000101110100001000001001001000000100011100010001011000000110001001001100000000010000011001101001001001000101100000000101000000110101000111101 #
#2950
0!
#2960
1!
b010100000110001100100110001001100000100001000110101010001000100010010100100000111010010101001010000111101001000011011110000010000010011100100010100011111001100100100001011101010110100001000100111110110001100000011011010010000111001011001100100000000100000100000000100001000110101100111010110000101100011001100010000011100100101001010000000000010000101100001010110000010100000110000111010000000100100010011000001011001001 #
#2970
0!
#2980
1!
b011110000010111110011111110101010110011101111001111111110000111000100110111100110101110010111000101001011110110111001001011101111010111110111110011001101011100100111011101110011111100010111110111011011111111111011011001110111111001101100010111111000111001011110101100101011001101100110111111100110100111010100010001101101111111111110000101110011110100010110011100010110111011110100110101001111111001010010111111111101111 #
#2990
0!
#3000
1!
b111110111100110110111111111110110011011101111111101110011110011100100110011100101010111111011100100110111110110111111101111100010011011001111110110110110110101110101010110100110101101110110000011011011111111001101010101111110111000100101011100111110001110101111110110111111110111111111101011111110100010101111110110001111110001111110000011101101001111111111101110111001111101101101110010101110111111100111110101011111111 #
#3010
0!
#3020
1!
b110011111111011101011111001110010111111101111110101001011101111100110100001111010011010111101110100111010111111101111101111111111011000110011010110111001111011110011000111101111011101111011111111011111010100000111100111111101111010011111011111001001111110101101110100110110100111111010011000110111110011011001101001010110110111110110000111110111100100111111110111110110010111100110001111100001111111111011011101101101111 #
#3030
0!
#3040
1!
b111010101111011111000111111001110011101011011110111011111110110111001001011111111011111110010011110001110011111111010111111011000110001010110111111111110110110101001101001111000100011010101011011101011111110001011101101111100110101111011110100110011111111111111101111110111111101000110111111000111110001111111000101011111001111100010000101101001111111010010111110111111111111111110011011011111111010001111111111110101000 #
#3050
0!
#3060
1!
b001000100010011010001000100010010001001000100111001010111010000000110000011010001001100000001011000001001000000001100100100001000010111001010001001001000110100111001100010001000110101001000100001101000011001011110001011000010011001100111001101001110111100010000001100011011100110000001101110100000010010100000110110000000000000110010000100001010001001110101101000001000000010011000101110111000000000000011100010101110100 #
#3070
0!
#3080
1!
b010000000101100001000010011000000010100010001010001000110010100110000010100010001100000011010001111011001011011100010001100001001001100010001000011010000110000101001000000101101100100010111101100100000011000010000000110100100001100100101001011000000000001001011001000001000000101010111111000110111000011000011111001101010101011010110000011000001010100111000000010000011000110001100110010000100011110111000001010011000111 #
#3090
0!
#3100
1!
b011000010100010001000000100001001010000101101000110010111000101001111011001111111001010000110010010001101111100011010000000110100010000000000110101001000010010001101010000100100110100011000010000000011001101101010010111100110011110011000111100001000111100111000010010100000000001111000000010000001110101000000001001010010110111010110000011000110001100100100001010100010101000000000000111100100000001000000010111010000010 #
#3110
0!
#3120
1!
b110000011010010001010000010101111100010000100011101000100010100001000001010100101010110101001010010000000101110000001100000110001000001101110000011111011010001111000001000101001010000000010000001011110010100101010010000000001000101100100101110001100101101110001010010101000100101100010100000101010100001011101101000111001000110001010000011110011010100111100101001000110000000000000000000011000010100011011101010100001110 #
#3130
0!
#3140
1!
b101101110110111111110010111011110100110100101100011110111111111111101110010010011011101111010011111111101010101110011011011111101111101111101101111101101011111001100101110101011111111001111111111100110011110110011000100111110011001011000110101010111011110001111111111011000101011101111111101101110101101010111101100100101110011010100000011110111001001101010111101110110000111111011010100110101101111111111100110110100110 #
#3150
0!
#3160
1!
b111111001001001111111111000000111110111011111111101101100010001111111011011110110111101101010101100000111000110111111011010011011101111000111011110111101110111101001010001111110111111111111010111011111011110111101111111101111110011011111111101100010101111100011110100000101101101111111110111110101110101101111111111101011111101110110000110101111111011110101111111101010011111101111011100001111001011011011001110111001001 #
#3170
0!
#3180
1!
b011111111101111100101111101111011111011111011010111011011101111011010010111101111010010011110011110110111011111111100011100110001111111010001110111011101111010011101111010111100111101111101110110110011010111111111100111011001110011010011101111010110111010011010101001110001111100100110111111110001100111111110100111111111101111110100000010011011011001100010110111101011110011101010111111111101111001111110111000011110010 #
#3190
0!
#3200
1!
b111101010001101111101101010101101011111011001011010100010110100001111110011001001011111100111000110111100111000101111001111011111111110101101110111111111111101100100110101111111111001111111111101011101101111101011010001110111011011111010111010111110011111010111100001111001101111110110110111111110101111100100110101101001111111001000000111111001011111011111011011010110110011111111111111111110111001111111111111101101111 #
#3210
0!
#3220
1!
b100000001110001110000001110000000010100001001101100100000100100000000001000011100000000100011001110001001000000100100001001001010000011000101000010110110100000000010100010110111101010010101101001110101001000110000010111100000100000000000100000101100000110011000101110001100011010001100000000100010011100001001110010000000101100010010000100010001110101011000110000111001100110000100011101001010100000010000010000100001000 #
#3230
0!
#3240
1!
b000110101000101010000001100010011010100010010110001100000001111000100101000001000110111000001010001011000000111010101110010110100000001010011000010100010001011010011010001011000000000100110110100000000001001000100010100101000011101000000101100001101110000000011000000101110010011100110001100110000011110001111000000101011100011001010000111001101000000000000010000001011110101000000000100011011110000101000100001011001010 #
#3250
0!
#3260
1!
b100010000100010111101001110000101100001000001010011001110011101010010000000101100011010000001000100000001101010000001111001011111110101110010100011000100001100001101101111010010100001001000110101001010001101111011000101000010011100100100001001111110100010111010001100101000100000010000110101000100001100000111101100000110001000001000000010100110000011001111100010001011000110010100000000110000110110001010000101001101001 #
#3270
0!
#3280
1!
b100000010000100101000100000100111100000001011001000000111110001111011101100111000010000111110010001010000100001100001000000100001010101010001100110000010001111000010000100000100000111001000011100001100001010100100110111110110110010101000101101000000010111010010100000000100000000000010100001001000010100000011001010000111100110100000000101100000011001100000010000100100110100111101100000010100010101000000101100001001010 #
#3290
0!
#3300
1!
b101101110111101111111111111111000001010100111110011011000111001110010111111011110010111001101100101110111111011111011000100111110100101111111101001100111100111000001111111101110001110101110111111111111111001011001011100000110111101001010110111111000110111111001110101110101000001011100001110110011000100011111111111011111011111111010000101110010000010101100111111000111011111001011101010101110001111101110111101110111011 #
#3310
0!
#3320
1!
b111110110101100101110001110111111011111110110100111101011110110111101100111101101111111001100111011111101011111111011010111110111000110001011101111111111111111111010011011010111111110010101101011111111111111000110110100110011110011010101110110101100100011101010101010100101010111101010001001110001111010011111111010111111011010010000000011111111011011000011111111011001000111110110111111001101010101010101000011110011011 #
#3330
0!
#3340
1!
b110110111101110111110011110101011111111101111110110111110100110011010111111111101111011101111111111101111110111010111001110111011011101011100101011111111111111100011111110111110110100111110011011111001001101010111111011010100111111111110111110100001101111000111110110110110101011011111110011110111010101111110011011111101011011110100000000101110101111111101011010001011111100010110111110110101011110111111111101110101001 #
#3350
0!
#3360
1!
b001110111011100001110011101110011011011100011100101111011011100111110111111101111011110011011100011111110110011101011110010101110100010110111011010101110011001010111111011011110111111111101101111111110001110000111111100001111101011100111111101111111111110100001010110101000101111100111011111101111111010111110111100100101100111101010000111010110111110111110010110111000101111100101101111111101101011111010010011000001011 #
#3370
0!
#3380
1!
b110010011010100000010010000101101100100010011011101001000010101010100010000011001010000001010001010110100001010100100100110110000110010100010000100110000101011000010110101001001001000001000001000100000000110001100100100001001001011001010000001100010100101001011000011000010011000000100010101101011000011100001000000000101101101010000000011010001000100110000000001110110111100001010010000101010000010101110101010000010101 #
#3390
0!
#3400
1!
b100111111010001010000000000000100001001000100100100100100111110100100100000001000111001011010110100100110101100101010100100011111010001001110001101100010001110000000011101100100001101110101110100101001000100011000100110110100111001100010110001000000000010010100011111000001001001001001111110000010010100001000100010100011000000000000000100001100100010010100011010000100111000001000000101101110001100011000111000001000000 #
#3410
0!
#3420
1!
b001100100000001000110010010000010011001110101000000001111000011110010010001000001010000000100101010100100111000101010011001101101101100010000010111011001000101110010001101000010000110111010011000000001100001011010011010010011100110001010011000000001101101000100110100010011000100101001000000001000000111001000010001010010110110101000000000001000010100000101110000011100100000000000001000000001011110001001010000000000011 #
#3430
0!
#3440
1!
b000001000000001110100100001101011000000000001001001110010101000100000001000010100001001011010000011101100010100101110010001000000011001011001010000000101001001001000001001001100010001001110101011000001100010011000000000011110000100100010110100101100110001101101110000101100100111100001110000001001100111100110111000010010000011000000000001011010000001010100101001001110100100001001010011011010110100100100010111000000001 #
#3450
0!
#3460
1!
b101001100110101101111111011101110011111011011101101111011111100001111010010011110110100111111000101000010111111101110111001011110011100110111011101110100111011111010110010101010111111110011110111101111111101110111011111011100110001011001011011001011011001001001111100101010000110011111011001001110110001001110111110110111011101110110000001111101101111110010111011100100101010111100101010101011100001111110011101101111011 #
#3470
0!
#3480
1!
b100101101110101101011000101010101110100111110011011110111100011111010111101011011111100101111111100001111101100110011110111101000010111011110111010011011011111101101000110100100110101100111011011001011100101010111011011011100111011001111011110111110101011111111101111010001100011101101011011010000011011010111111101111110010100111010000011110011011111001101111011100110111111111011011111111001100001101001111011110011111 #
#3490
0!
#3500
1!
b101010111111111101011000111100010111110101011011101011011110000001110011101110100110011110110111111110111111101100111111100110111111100111010011111001101101100011100011010111110111000101010111111100101000110111111111111000111011001011011101101110111101110001111111111101001111101110111001110111011010011011000111001010111111110110110000111111000111011100111111111010111111110100111001111101110110111111101011111111001110 #
#3510
0!
#3520
1!
b111011110110101111111010111100101011110011100011101110111111110111111100111000001111110111111011011010111101111111111111101010011111001111011111101011100010110111111111010100111010111011001101101011011110010110111110101110010011011011101111110111010110111111111100110011101111000111011101111111010011110100101110000111110001111010100000101110010110001011001111011001110100110110101011010001100110100111000001110001111101 #
#3530
0!
#3540
1!
b110011101010000010000001101011100110000000110001000000101001100100010111001000111000000100010010100000100100010000001111001101010000100000000111001011100100111010010110001101001000011000000001000100000001100010110011000100010110011101000100000000110001111001000001011010000101000001100010110000001000110110010000101111101000010000000000011101110100001100111000101010000101000000111101001011110000110100000101101101110110 #
#3550
0!
#3560
1!
b011101001101001000000000011001110010000001101100101000001100101101011000001101100001001101010010110100010010000001011000001001110010001100101000110000010001000010011100000001000001010110000101111000110001010110000110101001000110111111001111001111010111000111010000110100111000100101001010000100111010000000000001011101101000100100010000000100101000011101100000111110100000010001000001110101110111101000001100100000101110 #
#3570
0!
#3580
1!
b000001000001100010001101010101111101001100110100000100101000011000000111000100100010110100001011000110011011000010011010001111000000001000000000010000100101010000100000010010101001000101010000001000110010010010000010011001101001101000001000000110000000100000001100100101000010000010010000010000000011000100010100010000100101110001010000000100000111111011000001000011000110010001001100010001100001110100001000010000000010 #
#3590
0!
#3600
1!
b000001100110010100010010010000110010100000100101100100101010001010011000111001100111001110001001111101100001101010000000000100100101000010101001001110010010111100100000001101010110000000001000100000111000000111000000101011110000100111100010100111110000001001100000101101010111100000100001010000101010101110011100000100000101100001010000001001010110001001100010110111010000101001110111110010001010010100001000001000000101 #
#3610
0!
#3620
1!
b001110101101111101111111111110110010111101010101111110011101111110111111011101101011110100110010111110011111111001011000111011010100101111010111010111010011101110011100010001100010011110111001001111011001000010000101101111111110101111111010011000010111101011101111011111000100011100101110001011101010011011110110011101110110101111000000111011101101100111011110110001001111111110110010111011100110111111111111101011111101 #
#3630
0!
#3640
1!
b010101111111111010101111111111010111001011101010111001110001111010011101011001110010111110001010101101101110011011101011111111110010110010111100011111011010111101000110111111101011011111111101111011110111010101110001111011110111111010111111101101011101100110010011111011100111100110011111111111101001101110101000010111111111101110100000110011001100101001111110110111010111100000101100100001011010111111111100110101111111 #
#3650
0!
#3660
1!
b111101111111111001001111101101111010000110011001101101111111101011111101000011101111001111111111110111101100111101001111011101111101111100001111111001101011011111100111110111100101111011011101001010110110000111001111101111011011010111110110100101001111001111011111111010010100011110110110101011000101001110101110001011111111111011110000101000110100011010111111011110000111001111111110110001101110110000110011110000011111 #
#3670
0!
#3680
1!
b010111111110101011101011111111101101111110110110111000110111110111101111111110111011111010111111111110000010110111010011010111000011000101111111011010111101010111101000100110101000011011111110101101000001001111010100011101100101000010001100101100111111010000110010101101011111100111101111110101011011111001100011111000111111011110000000111111010111100001110011001111111100111110100111111011000101011110101100001111001111 #
#3690
0!
#3700
1!
b100000010000001010100000001000100001110011000001101000010110010011011011001100101010101000011001011000010000001111011101000010110011000001100000011101010001100100011100110000000010110001110010000111010101100111010101011101011001001000010010111011010011011100011010010101010011000000000011011100001001110001001000101000001101000001000000011001101011110001001001000001110111000001001000110110101001010010010000011010000010 #
#3710
0!
#3720
1!
b001011100000110010001000100000101101001001110010001111000110100100001010011110101110000101000001100100000100001110100001011011001000111001001000010100100001100000000000000011110100000101011111010100000101000000001111000011000011000001000101110011110001001010100011011001100000100010001111110111110011000100000100011011110000010000100000011001000001000010100000110010100000111011110011010111011001000001101010010010111000 #
#3730
0!
#3740
1!
b000000001001111110010011011010010101000011000000000101100001101100010010000101010000011011110100100000000101011110000010100101011111011111100011000010010100011001101101001001000101101010000100011110001000011100101101000000010111101010011011000010101100011000000011100010010101000000000110000000101000000010000000011011000000111010010000001001100110100010110001001000101000101100100100010000000100001001010011010100100101 #
#3750
0!
#3760
1!
b000100010000001000011101000110000000000000110000011100100000101101100011000010000110000001100000110101111000111000010000011000110110100000000110000010001011100010010100011111010010010001001001000000010101000111110100001001010010010000011000100000011010010111010000000000001001100000001011000000000111101000010110100001100100000000010000000011110000100010010101110001110100110000001110100000101100001011001010100110000100 #
#3770
0!
#3780
1!
b111001110111001011101101011101111111110001101001011011010101111000110111111101111010011110111001010111111011110100101101101010111001101010111111001010111101101011110010010111010011110011111011100001010000101100111011111001000010101101111011000110001001111011011110100101000011011111011011001011110110011111110101110001111101101011010000001101101011001111011101111001101010101110111011111001110111011100110111000110100000 #
#3790
0!
#3800
1!
b111011111011000011011111110011100111010110001110000001011111111101111000011111101110001010001000111010010011111111111101010001111111010111111101101111001101111101111111111101011110101111110010101010010111111110100011001010001111011101111110101111111000100011101111111101011111011111011111010101000101011000111101110011110110111101000000111110011100110011111111010110111111011100100110111111111111111110110011011111100110 #
#3810
0!
#3820
1!
b111101101010110111110100111110111011111101101001001001010111011110111100101011111111011101111111111110011010111111110011101111110111010111111111011111101111001011111000101010111100111101101111111011111110100111101111111001110101111101001111111010111101100011110110011110101110100111110100111111011111111111111111111111111001010111110000011100101001110011110110111010001111111111101100111110111111100111111110101010100110 #
#3830
0!
#3840
1!
b111111111111111110011111111110111100110111100111010111010011011011101011111110100001110111101111110111111011010110111110010110111011011100101001010111111111111111101101011101111011110011101110111111011011100011101011011110010010011111111111000101011010101101111110111011000111010110111000101111110101101111101110101110100101011101000000101001011110010110011101101101010111011100110010110101110101111111101111011000101011 #
#3850
0!
#3860
1!
b000101010000001000110110011001100100100000001100001001001000000110010101000000000010010101001100111101000100001101101000111110001010110001000100000100010000000000001010001000010001000001001001001001001101101011010110100101010000000101110110100000001001101001000011100011101010011101010110101000000000011000100101110000001111001000000000100000100000001000000000011010100100001100010001010100110100001010001001001000011010 #
#3870
0!
#3880
1!
b011000001110100000000111010010010100011000110111000000001101100101001011011001001011000110011011001110010011101111111110100100110001110000100000010010001011000100000000100110110000011100010100000110001110101001000001000010000010100010001100000110010010010110011010100101011110111010011000000100000100001000100001001100110101010001110000001011111000010111001100001000001110001010000100011010111110100000100001010100100000 #
#3890
0!
#3900
1!
b110100000000000000000000110010100011010001001000100011100100101000001001010001011000100100010010001000001001110000010001000000001000100000000100000101101100100100101000101001110100100111000001010010010100010110100000111000000111001010000100000001000100000010011111100110100010000000101010000110000001101010010000000010110011001000000000010100000100001100000100000010000010100100000010101010111100101010000100010100010100 #
#3910
0!
#3920
1!
b000010110000110100010000000101110010000100000000000011100100000100010001010100100111000010001100100001100001000100001011101000100000010010010010000011000000011100100000000110111010000101000011100010011100100101001000011000000100000100101010111001001001110110101110011110100000001100010100001100000110000101100000000010000011100010000000001001110100000111011001001000001100100100010100000100101010100100110001001000110000 #
#3930
0!
#3940
1!
b100111100111001111111011011111011111111111110110111110111001111111011010111000100111101001111110001111100011110011011010111111111110101101111111101101110111100000011111100011111101111111110101111111001011101010010111010110101111110001100100111111101000011111111101011111011001000011110111000001011110100111111100110101101111100101010000001110110111111101011111111011110011111111001111111101100100100111101001100011001100 #
#3950
0!
#3960
1!
b101111111101111111011111110111111111011010111011011001010110111111011111111011010011111001101111101111110000111101110101001101001111010000011101010101011111010111000111111101111101011111011101111100110010101111001111101100111010101111010110111111101000111011101011111111111101111101001100111011111110011111111011010111110011111101010000111111110010011110111111110001101111101111110101101111011100001101111111010110001111 #
#3970
0!
#3980
1!
b001111111111100111101010111001111110111001111111001110011001111111101111000110100110110001000101010101110101010111111110101001111101110110111011010011001111111111111101111000111111000111101110001101111111111101010010110111100111101111100010111111011101100101001011010011111011100011111011101110110110111101101100111101001111001100110000011111011111011111011110011001011001110111110100111000000101100111111011011011010111 #
#3990
0!
#4000
1!
b101011101111111111011110101101101101101011001011110110110101111000111011011110110110001111101111101111111100111111101110111110011010010111011111010100100111000001000011101011110010010111100011100100101011110110001000111011001110111110111010001001111000000001111111000101010111111000100110111011111111100100101111111010101111110100010000111111011011101100101111101111110110111101101001011011011011101111011000001010001000 #
#4010
0!
#4020
1!
b000100010000001100001010000000110000101100100000000010111001000000110111010001010111100010111000000101000100000100000000001001011101101111100010010000000010010100010011000100011000000010011010100000001000110000111010011111110111001000101111000001011011000101010001000110000001011010100100100100110011010100000011011100000000100100000000111011001010110010001001011110000010101001011001100110000101011111100001000101010011 #
#4030
0!
#4040
1!
b000001010100100010000000001000010001100001111000100101110100111101100101011110000000100000101100001000101010100000000111000010010101110101000011011000000000010110100100010100111010010000001000100001000010111100111000111101100000010001110001101001001000000110010110100010101100100001010010010000001100011101001000101100111000111010000000000000010100101001000010000110000001100001011001000000111010010000001011101010010000 #
#4050
0!
#4060
1!
b011010010100000100000000001100001110001010011000011101010101010100100000110111110000110010001001000100000010001000111000000101010000000001101101010010100000100010000100100000001100111100010110101001000000001000111011001101000101010100111111000000010000001000000100000000000110000010001001010000000001100101100000010010011100110110000000000000000100100010010000110010000111000011110001110000001000010110010001011000010010 #
#4070
0!
#4080
1!
b110110110101100010101010100101100010000011110010001010001011000000101110101111001101000010100000110011110101010110100001000000000000001101011000100010111001101110000101000001000101000000001111000001100001001101000010000001000000101100011000000101101010011000111010011010001010000010010100001001100111111100000111000001000011000001100000011101000110101011000000010000100011000000000110000001000000000100000010000010001100 #
#4090
0!
#4100
1!
b101111000101111001110111101000000111010011111110111101110111001111101111100011010011011011110110110111011110111111001010111011011111001111100011110110110111110111111011101011101011111100010001101111100011110100011110101010001101101111111010010011001110011001011000111111111010101010111011111111011111111111111000110011111010101110010000100111110010001011011101011111100101111110110110011110101111011110111101001110101010 #
#4110
0!
#4120
1!
b110001011010111111111101100001001111101111011111101110101110000011011101111101111001001000110010011110111010110101111101110011101011011110110111101100011101101011100001011011110011001010111011110101101001011100101100010111101000000110101110110111111111111011011111010000011111010111110011111111001010111110111000110101110110101110110000110110111111101111111111110010101101010110111000101001111110011010111110010011001110 #
#4130
0!
#4140
1!
b101111111010111111011110011111111100111111000100111110001100101111111000111110011011110000010100011111111001100011111110001010101111110011111110111110111111101101111101110011011011111001000111110010111011001101111010110100111010011011100110110010101111110010111110110111101111010100110101110111111000011111111111001011001101101010010000100111100000101101111111011111100100100101011101111111111110110000111101011101001100 #
#4150
0!
#4160
1!
b110110001001010111111101101100001110011111011011001111100101101011111111001101101101111111110010110011110011101100111000111001111111011110011011100111010011011001101001110110111111111001011001111111000111010000110110010011011111010011101111100101011110011111100101111110110100111111111011111010011101111111100110001111110111101111000000101110011110111010010111101010011011100001101100101111110111101111001111110111110111 #
#4170
0!
#4180
1!
b111101010100001000010000001000110101001000101011000010010010000100100000010011101000010111110101111100100001110001001111000001011101000110110111000010100001100101000010001110000001010010011110001111011100000011111100010001001110110110000100100110010011001010001010000101000000101110100010110111001100011101011001010001011101101111000000011000010000011100000000111011111111100000100010100101010010100110010100010000010001 #
#4190
0!
#4200
1!
b000000000110010000000101000100101010110001110010110111100011001000110000011000100001010010101101000000110000101001010100100000001001000001100000001001110001100010010000011000011010100001110110001000000000110000000000100110111011000011010100000000100100011011000010110100010010110010110110100000000011111001000110000000000111000000010000000111010000010101000000011010011000000101010110000100000000000110101001010000111000 #
#4210
0!
#4220
1!
b001010001101110000010001010100000000001010110000000100001101000010011111100101100000010001101101000010100101111001001000101001100000110000000000000011101010101010000110100100101111000000000100000100110101100000000001101110000100011100100001000010000010011000010000100000010000100000111010010011000001000001011001100010001001100100000000000001001100110110000100000001111110100001000111000000010001001100010011000110001001 #
#4230
0!
#4240
1!
b000100001000000101011110001101000010010001010100111100100011000110110110000100010000101101000111011100100111000100001000111010011100000000010011100011100011000101101010110100001100000110001100010000000011011101100000111011111000010101010100100000000000010110010110110010101001100110101100010010010001110101000100110100010000100001100000000010000000000100100000000110010000000000100000000100000011110010010000100011111100 #
#4250
0!
#4260
1!
b101011011111011101011010110000100010101110101000111111110110100101011101101111100110101100100100111111111111011011011111011100010001110101011101001000010011100011001101101110011111111111110111110111111111111110100101010111111100100111011011001010010010010111010000111100111011000011001101110010111110111010011110110011110101111100010000111000111001111011110001000011000110111101111001101001111111111010001011110010001000 #
#4270
0!
#4280
1!
b000110100100101011111001110101011001111101111001111111100110101110010111010101010101111111111011110000001111011111111111011010110100111100101110111101101111011111111101110101111101011001100100111111111011101111110101011100110111101001000101111001111011111100011101010111100011110001101101110011101101101111101111111111010111101011000000111111011111111111100011111101100001110001000111111011011011011110100111001001111011 #
#4290
0!
#4300
1!
b001111111111111111010110110110101110100101111011111101111101010111000110111111111000101110111011011111101111111111111111101111101011110111111111011111111010111110101010111110111101001011110010111011111111111001110111001111111111010111111001110111101111111101111101000101100011001001101011011010100110011111101010011111011101010101010000010101011111011101011101110001001101001111111101100111111101011101111110111011111110 #
#4310
0!
#4320
1!
b111110001010011011010011111011011111110111110111011111111010111111110011101100111101111001110101111110110011001110100110111101111001110111011000011111111011111011111011110111011111111011011111101111111011001010101111100111111110111110101100101110100111011001110111110011100110011011111101111111000111000011011101111011101110111101110000111100110111111111011111011111110100111000011010011010110101111101011111111111111100 #
#4330
0!
#4340
1!
b001110100101000010000010100000100110100100000001000101011010000110111011010001110110101001000001011110000001001101000011010000011100010010110000101110101101000000000001000100111011010001110001011001010100100100000000100010110111001101011000101110101110100111110111101101100110100100000110101000111000011000101000010001000111100010110000000010000110110001000000000011110000000010010000001000011010110110010001010100011001 #
#4350
0!
#4360
1!
b000000101000000011000000010110001001110111110000000010000010000111110001011110101101111000111011101101100100101010011100010100100101011100010101000000001100100100011000011010000101110001111010000111101110100010010111001010000100010010110000111001101000000010000010100111010111111010010000000011011000000011000001000101000001100010000000110011000001010001011101110101010110000100000011110011111001011111100010001101101110 #
#4370
0!
#4380
1!
b111000111100001001110001011011001101001100110010100000000101000011001011010100100010001000010010000010111000010100000001110100110000110010001110001000001000101010100010011001100000000101010000000100000100100100001000000100001011010100000010011010000101010110011000101100001010001000100000000100010011010001010001011010000000000010110000110111100000100000000001011010011000000000101000001000110111001110011001100001011001 #
#4390
0!
#4400
1!
b010010100000001100000011000010100111010001100100000100101010010010000010001001001101100000001101000011100111011010100000010010100110001001000100001000000010011011100000111110111000010000100010110000010000010000111001001000000000101000100001001110110010000110100000010001010001001110011110010110100000011001100001010100110001100001000000000011011000100010010100001010111101011001100100010000110000010001111001010000000110 #
#4410
0!
#4420
1!
b111010111011101111111011110010001111111111111010111110111011110111001101011101110011110101011111111101101001110111111011010110111110111101111110111110101010011111110101110101001001111100010001101011111011110001101011111000110110111111111110101111111101111110100011110010111001101111101010111111111110111111110101101010110110110101000000110100000111011011001101100001011100110111000010100110110110111111111101110111010111 #
#4430
0!
#4440
1!
b010110111101101111011000111001010110011101100111101011111010111111011101100010100111011100111111111101111000001110110111111101001110011000011111101011101001110111110111101001101111000101111101110001010000010101101001111011111110110101010111101001110101111111111111101101001111111111111110101101111100010100000111011110111111101101110000101011111001010111000111101111100100101101110111111010101101001001001110110001010111 #
#4450
0!
#4460
1!
b011111111010111111111111111111111110110111111111111111110101110011110100101001101111011101010001101111110111111101101100110100010111111011011101111111111001111100111111110101111111011111110100111110111100111001101110100011101110101111110110111011011111111001011110111001101100001010101101111110111010110010000101110011100001111101110000111011011010101001010101100101111111111101111111110110101011101100101001111100011111 #
#4470
0!
#4480
1!
b001111110001100100111111111110010110111111111011101110011011101101001001010001011110111000111111110110110011110001110110111011100100011001010011111110110101111010101110011111011111110100011111111100011100111110101101111001001001100010001011101111101101100111100111101111111111011111010100100001110101111001111110111111101100111111110000100101010011101011011101101011111110110101110001110101011111101111010111101110110000 #
#4490
0!
#4500
1!
b010010011111110011011011001001110001101000000011001110100100011111010110100000010100000001100010110001100000110010010100011100001000100110110001010000110110011101001010010000011100010010100111000100011101001000000111000010010111110000100100100110001110100000000001000000010100100000110001010101011000001101100001000001010001111110100000110011100000000001100010100110010001011111000001000010000110100001110010110000010110 #
#4510
0!
#4520
1!
b011000100000011000001110000001000111111010011001001010001110011100000000000010001010001000101110101010000010000010000000001101001101011001011011101001111000001100011001000100010001100010111010010000000000011000000100001000001001011110001010010000000101101100011001000010101000010100100010000100000000001010010000001001011000000000000000100111010011011110000001001000100010001001010001000110001101110110000100001010110000 #
#4530
0!
#4540
1!
b000001100001101001000010001010101000001011001000100000101000000001100000101000111111010101110101011000011100101000000100001001010100010000000100001000110100100001010010011000100000010011000000000100110000000010001010101000011000100110001101110000011001000100000000100011000010001100001010100101101011100101100101010001000101000000000000000000010000110011011000000011010111001010010100100011001010001100000000100001111000 #
#4550
0!
#4560
1!
b000010011100101000000110000000011111000000111010011111010111110000000111101010010001011010001111000000000100101000000100001000010010101100111010010011010100010011000100000010000111001100010100010100100010011000100001011000110110000001000010000011000011011100000011101000000111000000010001000000001101011000000000000000010110000101010000011101010000011000110101100000010010111010010000000010000000000000001110001000011010 #
#4570
0!
#4580
1!
b100110111111101111101000011110011101111010101100110110100001011111010100001000110111110101100111111111101111101111101101011111011111000110100111011100110110000000111111000110010111010111010110011100001111111001111001011011001110111111010011011101011110111110010110111111101111110110110001111011011011101010011100011111011101110001010000110011111101101010010001000111110001111101111101101101111011101001100101110001110110 #
#4590
0!
#4600
1!
b111111100001011111101111010010111101101110000110111111111100110110111010011111010010011110001101101101101111110101110000111110010100110110100111110011100101111100101110111101011111111111110011100000100111111101010111010011101111111101111101110111001001100101011111001110101111011010100111011101010101110111111111111101111110010100010000111001101110010110110100111001110011110111101001011111101101010110111111110110100111 #
#4610
0!
#4620
1!
b111011111110001111111110011101101111011110001101101111111011010000111101001011111011011101001100011111101101111011111111110100111110111111111111100111100010101010111111011110010111101001101001111110111011111101010100110010101100110011110110110000010111110111110011011101101110111110101110011111010110111110111111111011001111011111010000111000001110101000011111111011011111110110001101110011110011101010011011011011111111 #
#4630
0!
#4640
1!
b100110101100011101010010111111111011101111010101111110001111100100010101101011110111101100011111101111010111111010111111111101110110010110011101101111111111011111111111110100111110010000101011001010111111111111101110111100010001111100000110001011111111111111110011010100111011000110001110111111111111011111101001111100111110111111100000111110101011111001011101101100110111110000011010001111111000010101110111101110101110 #
#4650
0!
#4660
1!
b000001000001010010001011110100111010000010010001100001011001000000010010100100111100011001001100000100111001001000001110010100010000000000100100010110000110001000110100100000010100000101011010001000100011111101110010100010011001010111000010001100011001111100100000000110010111000001110010010000000000111110000000111111100010000000000000101010001000000000101100111011010100010111001000001010010100101001000000110010010100 #
#4670
0!
#4680
1!
b000010000001000001011010101011011001000100001000101110010011101011101001001100101001100010000111001000100000110001110000011000011001110100110001000100000010000000110001000100000000001101000101001000000000100101001001001000101101010110010101111000110001000000011010110000100000100001001000011001100110010000010000111001110100010010000000110000100111001001000101000100100111100000011010100111011001010000010111010010100000 #
#4690
0!
#4700
1!
b101110100110100101110101000110110101111001100011110000101000001101100000001111110111001101010010010000100000011100000000111001100000010101000100000000101001001100001001111101000100100001100101100011001100111111001001010101000000001000100001100000000101000010011010001101110001000100100010101000000011000001011000001000000011000011010000000000101011000100111000110110101000000010101011110001101000010000001001010100101000 #
#4710
0!
#4720
1!
b110000001001010101011000100000000010101001011010000100001010000001101010000010000100000000000000011010100100101111100100010010000110000100101001010001101011000000000000000100010100000001101100110000000000101100110101010011001011100000001000000000010001000110001010110100000111000001001000011111000000011100101000010000001111100000010000000001011110000110101000000011001101010000101101110100001101011001000110000100011010 #
#4730
0!
#4740
1!
b111110011111010101000101110001001111100010010011111110010111110111101010111110110111111001111110010111110011110101011100111010011110111100101110011110111110101110011111101111011011011101011011101110011101100010011111111111010000111110011100111110110110001100011110101101011110111111111110111111101101011101100011110111011101101001100000011100001110100110011010111010011001011011011110101111111100011111101011110101011111 #
#4750
0!
#4760
1!
b010111111100101111010111111111100110111110010110010111110100001011111101011011111000101101011110110101100111110111110010101110111110111111001010111111001101111001101011111100010011110110111110111011111110011010110101111001111001101011110110101011111100100101111101111010010111010110111101010011111011011111100111110110011101101111010000111101011101111010111101111010101111010111100101111101111110001111111011110001111111 #
#4770
0!
#4780
1!
b101101111110110001111111110001100001111111110111111001111111110110111110110011111010111101010101110111100101011110111011101000110011011010101101111101110011110110111111110111101100101001110001110100111101111101111111110001100100111111111110110100111100011011110110101110011000100111011111111101111110011111000110101011011111001101110000111111011010110010100111110010101001101011111101000111111101010101111101101111110100 #
#4790
0!
#4800
1!
b011011111111101111111000111001001110111011001111011110111110000100011110001100001101010111111110111010100111111100111111011111111011111001011001001011110111001111110101011011111111111011111111111011101110111110101111111101010010111011111110001111111010110100111110110010101100100110010110111111010101101011101010001110010010111101100000110110101110100111010001100000101111101101111110011111111110010111001011001101010111 #
#4810
0!
#4820
1!
b000010100101001000001010011010011001100000101101000101001101001011101000000010001100101100011010001001010001110101000110010000001000000000101110111101000010000001111011010010011010001101011101000100010111110010011101100010110110100000001100000000000010011101010000100011001110000001011001101000100000000001001111110001001011110010010000100101001111000010011001100100100111100001100011000011001000010010000101000100010000 #
#4830
0!
#4840
1!
b101001010010001001000010011000100101001000000000000000011100000000100100100011100100000100010100001010001000101100010010101100001100000000110010001111101010000101100000001000000011100100100001000001010000001000001001000110010100010101000000100010111010011001000011001000000000000100000101100100000000000101101110011101000000000110000000110000001100000110000001011000110001101010011100110101101000001010000000000010101000 #
#4850
0!
#4860
1!
b000010001011000100000000000100000000000010100011001111000001101101110010010001001001101000110000101101111000011010100000100001000001010001001100000001000000000100000100000110000000000001000101100110010000011010001100001010000011100001000111000011000000110101000100001100000000110100001011010010011110101000000010000101000100100000010000000010011000000001000100000101000100100010011001101100000000101000010000000001010100 #
#4870
0!
#4880
1!
b011011100100000001000010100111010011010100011101001001101000000001000110110100001011100100101000100000110001101110001100000000001010101000001100000111100000000011100010010100101001101010001111000011101101011101010010011101100100000101000001101000001100001101000100000000000000000010001010100010011000111010111011110010101001010101010000100000101111100111000001000100000010101101000110100001100110100000010110011001001000 #
#4890
0!
#4900
1!
b111011111101111111010011100110011010110001101001001100101001010010000111010001111111011101101111111011011111111010111101101111101111011111001101110111100111111001011110100111011110000011110111000001111010011101111010111111001000101111111111111111101101111110101101001010001101001111101110101011111011110110111001110110111110011011010000000111001110000011111100011101110101010000111101001011111001111110110111111010110110 #
#4910
0!
#4920
1!
b101110110010001011101101110010101001110110011101111101111111110010011111110000101110110111111011101101011110101000101010111110111101110100110101011101011001111111011011111011101001111101110101101011111110001010001111011110001101001101110011111100110100010101110111011101101001111111101001101101011101001111100111011111010011101111110000011111111110110010010100011111010011111101101100010100111011101110111111101001111001 #
#4930
0!
#4940
1!
b111011111110011100001000010101111111110011111101110011111011110111010111011011110001111111111001111000111101111001111100111110110110110110011011000001100110111111100010001110110001111111101111101111111111011111000011101111010101101001111101011011011111100111111111110101111111100100111011111100111010110011100110111111001101100010010000001101101011110111011011111111011011011010110111111101011110001011110100011111111111 #
#4950
0!
#4960
1!
b011111100110111111111000100111111111111100111101111110110010010101110111110110111111111100110011111011111101111110110110011100110101110010111101110100011011100111111111001110101101111110010111111110111110011000110111111011100110111000110001000010101011110000111111110011110111110100110001100010111001111111110111111111001110101001110000100111111111001001101101111110101011111011101110101111111111100011001111110010110011 #
#4970
0!
#4980
1!
b010110000110000111000011100111101001110101010100000100000111000000000100100000101001001111010010001000011000000011100001100000001100001010111010000111010001000010010000001101000101000001010011011101010101001101011000111100001010101101111100110000000100010000010010100001100001100100010000001000010011100110110000110110101110101001010000101000000010010010110001010110100011011111100111000100010010101110010010011010010010 #
#4990
0!
#5000
1!
b011100011000101100000001011000101011001000010001001110111001111010110101001000000000010100101100011100000110011000100000000100010011000010100010111001010011000101111100100011000101011000011101010100100101101101000101000011000100011001110011100110000001111101110011100110000001001000001000101010000000110110110100111110011000111001000000111111011110011000001101010001110100000101010011100101110000010000000011001110110100 #
#5010
0!
#5020
1!
b010001001100000011010101000000000110101001000110000000000011110100100011000000101100100111010010111011000010010100110000101101011100000001001000100010000010100101000100010000000100000000000000000000010010011110111001010011111100000000010111000010100000100100000100000101001001011000000000010001000000011011000101011010001010000000100000011100010110100011000000100100100000101010011100101111100101111000101000011001100100 #
#5030
0!
#5040
1!
b101000000011101010000100010001000010100001001110110001000101101000110111000000001111011011111001111010000010010110101000011110101100000000010010101010001000000000000110011000000000101010000100010000001010001010010010000011000010000100110110100011101100000010101000100100000010011000000000101100000110110110000100100010000011001001000000110000001111110001001010001111001110100011000001000111101001010000110000000000001111 #
#5050
0!
#5060
1!
b111101101111101101111111111101111101111110111101010011101000001001011001101111011101011111110001111101111110010101110000111001101101111101011010001111111100100001111011010011011110110101011111011011101100111110011011001101101110101011110011111011111110001111110111110111110011110111100101111010101001101010101111011111011101111111010000100110111101101101111111011010011011011101111101011000011111111100110101111000001111 #
#5070
0!
#5080
1!
b111001001111100111111001111011011010011111100110010011110110011111100101001111011011111010111100111011101111101100110011111011010100101011011010010110101010110111101101100001111101111100110111100000111100110111110111100100011010010011111010011011111010111110111011111111001101110111000101111111011001110111011010010101101110101011010000010110111011111110110101011001001101101111110100110111111111101011110100011110101111 #
#5090
0!
#5100
1!
b001111100111001001111111001101111111110110101111101001111111101101111011101100001110100110111011100110001111111001101101101101110101001111101101100111111110101100111011110111101111011011101001010001111011010111110000111000111011111010111111111000100001100011110011111011000101011111111111100100111100011111010111111101010011101100110000000110111111010111011111011111010010101111101110110111111111101101111111100011101110 #
#5110
0!
#5120
1!
b111011111001111110111110001111101011110101111111011101010010010110111111111111111111111101111111111111000110101101111011111111011101111101011100111010111101100001111011010111011001101111011111111011001111111111011110111111011100011101111111111010111011111111010000100011100010111010110111110101001111000010111100111111110110101111010000110110111101111001111111110001110011101100111011110111001100110111101100110001010001 #
#5130
0!
#5140
1!
b010001111110101000001001010000101000111001000000001000010001100000010000000000010001001100101111110000000000100100100010001011110010111010011010110101001111100110001100100010100010001001101001010000001111111101010101000000100100010001011111000110001011100010011001011010000000001010101011010001111001011110010010001011010000000010100000010100001101111010001100101100000101101000101010000110100100001100010100000000010100 #
#5150
0!
#5160
1!
b000111110000110101000101101001000100011111100001111001010010010100000001001011010001100000110000000101110101000000000100011100010100111110010110100101011001110000100000011001000000101000011001010100000000100001010000100011011110000001000100110110000001101000010001110111000010001000111111100001100001000011100101000000111101010000100000110000101101100001001000011110000010101011110000011111100000000101000011010100011000 #
#5170
0!
#5180
1!
b010100101000110001000110010010000011000010001110101100001011111011011001011010001000011010011000001011001010001100001001001100001000100000010001010010100000000001110001001100000110001000000000001100001101001101010111001110010100000000110101100000001000111001001000100000010100011001000101010000001000100000110011100000010001010101100000001000010000001101010000101011111100001100101111001100001110100000000001110000000100 #
#5190
0!
#5200
1!
b000010100000100010000010100000010100000011101000110101010011100111111101001011100100000001010100001010111000000000100001000000000110011000010110000100000101000101011001110001000000100001001110111000000000011011110000100010101101101101000110001100001111000010011100001000110111001001001100000000001010101001001100100011111011001000000000000011000001000100010000000000011100000001001100001000000010100001000000001001100000 #
#5210
0!
#5220
1!
b111111111110110111011110111110111111100110011110100111101111010110011101101111101111101110011110111101001100011110111000011111001110001111010111110111111011011101110010111100110010111111011101111110101011110100011100011001011100100111101111110110101101011111001111111011111011010110011110111000001000000110111111001111101100011111110000100101100001011001000110111010111101110100000100100111111011111100110111111111001010 #
#5230
0!
#5240
1!
b011101111110110101000111111111001011101101101111101111101011101011111011111011111100101010110110001101110111111111101110111101101100001100111011111111111111111100010100011111011101100110111111111111011011101110111111101111110010100010101001111111111111101111110111010110111011011101101111111111000111011011001010111100111111011111100000001101110010011101111111001001011011100101111111101111110010110101101001111111111111 #
#5250
0!
#5260
1!
b111111011101011101001011101111011111101011111011111111110111101110011101111110101111011100000101110010111100111011101101111101101111110011010111110011111000011111111011100011111111111010101101101101111101011101001111111011011011111001111111111100110101011101011110100101111101110111011111111011111110000101001001110000111010111101000000101110011011000100111010111010111110111011101111111011011111100011111001001111010111 #
#5270
0!
#5280
1!
b111111011111001110111101101111011101110100001111101111100110111011000111101111000001010011100110111111011011101111011001101101000111110000101011111111101000111110111001111111111111011111101010011111111011111110101111010100110101110110000001111110010111101011111011011100111001110011100101100111101111011100101111000110111100111110110000110110010100011001111101111110011110011101101110100111010100110111011110111110011010 #
#5290
0!
#5300
1!
b000100010110110100010000100110001100000010110000000000100011010100001010000010000110010000100010111000001110111110011101001010100000100001000011000000100101000100000001100111001001100001000101100001001110011110010011010111001000011010110100010010010000110110100001000100010100101001000101001111001010000001001011000011001111001100010000110111110111011000110011000011101101111001000110100001110011000010011011100000010101 #
#5310
0!
#5320
1!
b000100100011010110101110001101110000000010010100001000010010100101000010100100001110101011010101000001000011111000000101000001100000001111000011110101000101011000000100111100000010001101000001010101110011000111000011011001010001011100100111111000010110001111000000000101010000000010000011001001010011000000000010100010001001100101000000001001001110000000001101001100000111111110010100000000111100010000000001100000000101 #
#5330
0!
#5340
1!
b000000000000101110000110001000000101010100000010001011100111001000101010001000110010110100010101000010000100100010110001000100010001000001100110100001001100100101110001100100010101000010100000101101000000000011100011111001010100101001011110000010000011101001001010010101011100000010011000101001000001101100100000000101110010001100010000001000101101101111000000100111011110011110001100001000010100001100000001011001011101 #
#5350
0!
#5360
1!
b101011100000010100000000000100000101000011101000011010100100000100000011000000011001010110101000001000001001000000010001000010110001001011110111000010100000011101010010110101000010001101001001101110001001000000101100101111000011010010101000000011000101011010011110000101000111010000001001000000100000000100000000000100001100000100100000000011100111100001101010110010000000000000100001111001000000000100010010001000000101 #
#5370
0!
#5380
1!
b010011101001111100110100111101011111110001111111101010100111100110101011010101110101101111011011110111100110011111111111001111000101000010101111110101110011101110000110011111010110111110001011100010011111110001111111010111110111101010110011000101100111101011111111010100111100011101101010110111111110110111111011001011011101100110110000111000010111110111101101011011101001110001100001001011010010101011111111000110101110 #
#5390
0!
#5400
1!
b000101010010011100101111100110111001111110111110101111000011011011110110011100110110111101111110101110111111110111011111001011001100110111011111100001111111001110010010111101001010011100001111011101011011011010111111111111111001010010111101111011111111110011011110111011011100110110100010111110100100100111011011010111010111100111110000111110110111111001111111000010111101110011110010011111111110001101010110011111111111 #
#5410
0!
#5420
1!
b110100011101110110011010110111110111111111111101111111100111111111001011111111001110110011100111001111101010001111011001111111011101111110110011011101111111011101010111100010110011001111110011111111111101111111001101111111011101111010110101110010111110111101110100111101100101111111001101111111011001101100010110111000011111000111100000100111001011100111110110011110110111011100110110011111111110010011111111101111111011 #
#5430
0!
#5440
1!
b110110110100111101100111110111111011010101000000111111110110101110110101111110110000111101110111010111001101110001111101110111111111110100010111111100101111110111111011100101111111011111110000111010110001011110110100111110011011100010010101101111101001111011110110111111101100010111111100101011111010110011000101111110111000101111010000111010111110111101111001001010111111111011000100111101001101100101111111100100111011 #
#5450
0!
#5460
1!
b000000001111101010000101000001110000000000110001000010101011001101101000110000000101001000010001101001000111101110100001010011101100000011011001001000001000110011101100101001011101000000000001011000001001100110011100101001010100000001111011010110100110100101011101010011000000001000001011010111111100001001011101001000101001000011000000010010100010010001110101101001000011001000100011010000100100011100000101010010100000 #
#5470
0!
#5480
1!
b101010001010000100101010010000000000001001000001010000000100000000110010101000010001010101001001001011000100010000111001011000010010001000000001100010101010000011000000110100101000000000000100010100011101000100100110000100010000000001000111011011011111011100110100000011101101000001100101111000110100010100100010000000010100011000000000100001100100110010011100110000101000110010100001011111001001011000000100010100100100 #
#5490
0!
#5500
1!
b000101010001101011010001011000100100000000001101110010011000100100101001000001101100101010110000101100001000111110110011011001110100000010000001001000010011111010100110000010000001100101010110010110101010101101100010000001000110110101000000110000010001101110000000110100000101010100001110101011000000101010011001010000000000000000000000001000000000101000010010010000001000000000100001100000000001011010100100100000010100 #
#5510
0!
#5520
1!
b000001010010010001100001110101010011101100011001100101001101000101111000001000001010000010101100111001100100101010111011100010001001100111101000011110100000000000010000001011100000111001100110010100000000101000110001101000101100000110100000001100001001010010000110100011000000000010000000000010000100010100101010000111000001001011010000100000101000011011001000010000110000010100111000100000010011001101000000001000000001 #
#5530
0!
#5540
1!
b010111101001011111100001000101101101101101101011011111101110110100100111101101111111101111010011100100110110101001010100111000001010100111101001011111010110111001011011110000111111101011111110111111111110001110001011100110111011001110011010011101010111011111100101110110101010011110101011111110001000111111100101101110111111110011110000001111011001011111100111011110100011000110000110111101111110111111101111001111000110 #
#5550
0!
#5560
1!
b111111111111001111110100110110111111110100110101111010111111111111000111010111001111010111111011011111111110011010001111111011110010100110011001101110101000101011111100111100011010001000111101100011011001101101111110111011110110101110100101000101101011110011011010010011001100111111111101110110110101110011111111111110100111111100100000101111111010101011111100010111010000111111100000110011101001110011110110001111001010 #
#5570
0!
#5580
1!
b001111101101111111010111101001101111110100000110011111111111110111111111111110101111111110111101011101101111111001110011110100101111011100100111111011100100110101000111011111111000111111110101101111111101101111111101100101110101011111111110111111111101101100110111111101111111001111001000010011111101001100111111111111001110110110100000001111110111110110111111101111000100101000111011011011111001111111111111011011101111 #
#5590
0!
#5600
1!
b011101110111101100011001001111011111011101110001100001001011111111011110011101011101011110100110110111111001111111011100011010111011110110111111011110111111011101010001111011101001111010100101110110111110110001111111101111101110110110100111111010111101100010111011101101111110111011100111110111101110111110111001011110101101110110100000111100011100011011011111110111011110011101001010101111001111111111011111011011010111 #
#5610
0!
#5620
1!
b000101101010010001110100100110010001100010001011010100101111010100000110000001101000010010010001000000000011101000010100001000011100000100000011000000100011101000001010000100001000001001011000101110110101101010000000100000110110011000101001010000100011101011010110000001000010110010011011011110001001100100101111101000100000101100000000001110001010000001100000001010001100011011000110111101100000110010100001101011000000 #
#5630
0!
#5640
1!
b000010000001000101001001010001000110011001000000111101010000111000100110010000000010101010001010100011000010001000000100011000101000111000001111100000100111000011110010100101100000011000110111000000000011101100010010010100110110000001001101011010101110011010000000000010000000011100111000100010000010001110011011000010000100000000110000010010011001000101010001000110100001001101000111101000100000110100011001011101111100 #
#5650
0!
#5660
1!
b000101010001000010000111001100000110010010000000110000000010011100100000100000011101000111111010000011000100110110101000000101000000001010010010001011001000001010001111000001100010000100010010110001100001101100010000010001001110000010011101101001100101110111000000000100010000000000001110100101010010000111000010000110100001101110010000111111000100000100100100101011010100110000111000100010000100000000100000000101000000 #
#5670
0!
#5680
1!
b000100010000000101100000010010000111000011000000010001010110001100010000010010001100011011110010100111100010111001101010100010100110101000000111011010000110001001000011001000101000100111010000000001000110110010000000101001100000001010010110011011000100110001101000001000100000000000010111000100100011101110010000101011100001000110110000110111100101111100101001000011100101110100000011110001011111000101000001110100000100 #
#5690
0!
#5700
1!
b111111111101011101011111100111111110111010001100011011011000110011101111101111111111111100111101011101111011111011011110111110011110110100110111010111001111011101001110010111111011111110010011111011110100101111011011010010101111111010101100001110111011011011010111010011110001100101011001101111011011011011011011001110111110111111110000101111111001110111111110110111011110111111111011011111010111010010110011110111111101 #
#5710
0!
#5720
1!
b111101001111111011011011101111010011111111001101111111111111111111101010111010101111110100011010111001111111101101111000100011011000011011110110110001011111111010111111000110110011010010111011110111001001100010100110101101001101111001101101111111100110001110110000111111001011111101111111000111110110111010110100010101111110010011000000011010010100110111111101011011011011111111101101100011101111001101101001111111011110 #
#5730
0!
#5740
1!
b001011011011111111011011110111111111111111111010111110111111010000100111011111101111011011011110111001110010010111101110110101110010111110011110110010101111011101111110111011001111110111011111110011101100110110110101111111111111001111110111111111100110101001100111101111001110100111110100011010000100100111011111111111101101010011000000011011110110101101000111100111010011111111001111101010011111110111111111111101111101 #
#5750
0!
#5760
1!
b111111101011011101111010100001111001111101111110011111100011011011001011111111100101111010111111011011001111101111111100011010111111111011011001101011001110111000100111100111001100011101011101111111101101011101011111101110011100000001110101111111111111111101111111100101010100011000111101100100110111011100111011010100110011000011110000111111101111101000111111100111011101100111101100101010101001110111111110001101111011 #
#5770
0!
#5780
1!
b000010000010000100000000001011001001011100010100000010010101011000001101000000000110010101101010001010010001111101001010100011000101000100101001100100101001100000100000100001110100000000001001100001000110011110101011001011001111000001000111111001111001111000001100100011000100101010000010000000000001000000011000101111000010000101000000011101011000110011100110010000000001001101010110101000011010000111110010001000100101 #
#5790
0!
#5800
1!
b101101000110010000000000000100000000100010000011101110000110110000000010001000101000001001111000000000010000000000001000110011011011111110000100010001011000000111010000011100000000001001010010100011101111100001000000001110110000001101001000010011000111110110000001010000111000001001000001100000111011001100010100100000001010000010010000000000000001101000000001110100111001000100010110110010110000010010000010110010000101 #
#5810
0!
#5820
1!
b001000000011101000000110100000100010100010011001101100000100011100111001101010000001100100010010101001101001111110010100001110111111011110011011010000100101011000100100001000100101000000000101100011101011110111010000011010011011100000000100010001000000110000110010101010100100001001000010000000100101010100100000010010000000100011000000100001010111011010001100111000000010000010000111000001100011011110011100000010000011 #
#5830
0!
#5840
1!
b000000101001100100001001001000000100001001000000010000100101100000001000101000000011101101010000000001100001100101010111000101010111111100000000010011000001001000000000100010111000100111100111000100000101000100001000100111001000101011110001000011010010010000001101101100010111000100010101001000001110000110010000000111111000000011000000111010111101100001110100010100010101100001010011000000001100011000100000000000010000 #
#5850
0!
#5860
1!
b011011100101101111011000101110001111111111111101110011111111011110111111101111111111001011101000111111111101111111100111010111110101011100001110110011110011111101111101111111011101111001110111101011110011111000010101010001010110101111111110111110100110011011011101101001100001101001011101001110111111001111111011111101111111111111110000000111010011101100110010101111001101110011010101010111110111011111111110011100000110 #
#5870
0!
#5880
1!
b111111111111110101101001000111111011100011111111101011111110000100111001111110010101101101011010101011110011111110000010111101000111011111011011101101010111110101101101010100110011111110111111101101010110100011101011101111101010110101111110110111001110111111111101010011011111111111111001110100111110111110111110100100001111101111000000111111110010001110111111110001000111001111100111101111001101111001111111001111111111 #
#5890
0!
#5900
1!
b111111011111111110011101111101101011010111101111101101010100100111101010111110010011100001100111111100111111110010111111111111101011101011111100011111101110010011111110001110111100111101100101011011111111101111110111001101110101011001111111010001111101110101011111000001111111111001010100001011010100001110111010110111110110011101010000111111011011111111011001010101011111111110100111111010111110011111111111111111011001 #
#5910
0!
#5920
1!
b111101001101110101001110111101111100111011000000111110110111011011011010000000101110111111111010111011001111111111101001101001001011101110111111011110101100010101111111011000110111110111110110111011011111101111111111101000101110110011110110101111010010101011111100111011111110011011011111100110111101001100110111110110001101100111110000101001111111001110110011101101011110111111111111101111111110111111011110100000010110 #
#5930
0!
#5940
1!
b001000000010010000100001010000110000001110011100101101010001110001101000000000010000110111010100110000110000000000010011000000110011000111100110000111100011001101001000000101100000010111010010100110000011011110110001010010001011101110001101101000000001000000111101000011101000101001001110001111010101101011110000010011010110100100010000000000110000101010100011111111101011001000001000011010100110010100100101101100000101 #
#5950
0!
#5960
1!
b000100100000000101110100000100001000110100101001000011101100010010111110000100010000110011100000010100010110010000101001110111000010100011000100100101010110101001010000000010011000000010011001100010000000100000101001001010001010011111111001110010010010110011110001010011010011001000100011000001010010000001100000110100100001010010100000001111000100010000100011011100000000000011011010001000110000010010000100000010001000 #
#5970
0!
#5980
1!
b000000100001010100010000110000011000010000010100110100001000011000000111101000011110000011100000001000100010011000110000000110000111001110000000111000001110100101100010100000111011001000001000001001001001010101110110000100011100001001110110110011101001100000010000101001100001001100100110000011110001000100010001000110110000001000010000100000011001000000001010110010010000100001001100000001000110110100100000001011001001 #
#5990
0!
#6000
1!
b100101010011001101011101001000000001100000010001010000001000111010100100011011000110000110011100000110100100100001000011010101110000000111011011001101101000001000001100001000100110100000000100011000110101110101110101100000100101000111001000000000000010000000011000111010010001001101101100000000011110001010010101001011111000011011000000111100111001110000100110001010001010010001100111011000000001100010010010110100011011 #
#6010
0!
#6020
1!
b111110011110101101001110011101111110001011011100110010110110001101100011101000110111010111100011111100101110111010000101010111101011011101111111111101111010011111111011111010111101101111010111101110011101111111111011100011111110110110110001111111100110101011110111100110011101110100111111111111101101011011111111010011001011110111000000111111101101111001101010101001010000011001110001010111101101110101010010110111111111 #
#6030
0!
#6040
1!
b001001111101011010111101011111101111111110011110100011110101101101011101110110000111111101000011101011011101100011100110101111111001011110111011011000111010111111011101100010010110111011111110111111111101100111010011101100011011101101110110111011111111011011101110111101101111111000000011011110110111011100111010110111001100011100000000101010111111101011010111111111001011101110011100101000110101111101101001001001010111 #
#6050
0!
#6060
1!
b110101010110111001111101000101111010111001110111101001111001010111010011110110000001111111111111101011111011101101101110111111000101110011101111111111111010111001101111011110111010010101001010110001011110101110011111111111111000100111110011111011111110110101110111101111010110111011011111111101100101111111010101111101111110111111010000001011110001010010101010111010101001001110011110111111001011111001110111100010100100 #
#6070
0!
#6080
1!
b110101111101011101111001010001111011110111110111111011001111000111111110000011010011011000000011011011111111011010111101001111011101100110111011001111110110110001101111110100111111111000100111101111001111101111011111000001010111111010111001111110101111111110100101111101110110011100101011111111110010111101101011010110010110110111100000111011101111010111111100101100111100111111110111110111101111111101111101111111011101 #
#6090
0!
#6100
1!
b100001000000010100001000000010100111000000001000001101011000111010010000111100011111001010000000000100111000001101101000101001011110100100101001000101110100001010011001011010010000101011101100000100001100011110100100100110001101010110100010000001011100110100110100000000001100010000101000000100110010100100111001010100000111111000110000111000001000110001000000001110110010000111001101001000010000000100001000100000000101 #
#6110
0!
#6120
1!
b101010100110000000000100000101001111010000100101110010010110100000001100000000010000010000111110001000110010000000001100000010011110100011011100000100000100101111011110100001100000100100010010011101001110100001000001101111001111101000000101100101010011000000000001000000010010100101000100000101110011100001001011101000001110111100100000010000010110000100101000000001000000010000000101001000101110010100101010111000010000 #
#6130
0!
#6140
1!
b101000000010010001111100000001111010101101000010011001001000010110000011111111110000001100010000101110101100001000000010100101101000000000100101011101000100110100010010001000011100011011011110000101000010011011100010111110000101100001000000000000000100101010000011000010000000010101110001010000010001110001000000000010000001101010000000000000000100110110010000111001000110000100011100101100000010110011101100010000110100 #
#6150
0!
#6160
1!
b100100101011001001000010010001010000100111000000000011100010001100100000100001110000000001010010000001110000001010101110000000000000100100000011101010000011000010000011111000110101000011000010000100000000100110010000100000101100000100000110010010001010110110110100010011111011000001010101000000000001111001001100100100110101001101010000100000100010101101101001110111000000100000100011011000001011100101100000000000101001 #
#6170
0!
#6180
1!
b111111111110011110101010111001101110111001111111000010110111110011111011001011011111101011011101011011010111010010011111011001011101110111011110110001010011000101101010110110101001101101001010111101111111001101001110111011100101111111011010110111111010111010010000110111111111011001111011101111110101100110100111110011111110100011010000010101001111110111111111111110110111000011100111111011110101111011100111100110111100 #
#6190
0!
#6200
1!
b110111110101110111101111001011110111011100110111101011111101011110011001001100101001111110011011111011111101110011011110000111111101111000111111111001110111011011110011111101101110101010011001110101011101101100101111101101101000011111101111111111101011101110111100110111010100111101010010110111111101101101110111110110111011001111100000001110010111101110111111011110010101111111011001101110110111111111111000101111110001 #
#6210
0!
#6220
1!
b011100110011101110110101101110110110011101111110111110101111111110010100111110100001111101000100110111111010010010111011011101110111100100111100111001101111101110110100100110010111101111001111110101110111110100110101110110011111100001101010000001111101011111101011101111011110100011101111111101111011101101111111111111000110111111010000111110111101011001010111111111011110001111011000111001110010101111101111010111110011 #
#6230
0!
#6240
1!
b010111100010100110110010110110111101010011101111011011011011111010101111111001110111001111011110101101001111001111011101001111111011010011011101101100101111110111110111111110110011100111111111011010100001111010111010110111111111011111111111110010011111011011001101010111111101111110001111111001111101011101001100110011101010011111100000111110100011111101011111101110001011110101010011010111110011101011111011010000111110 #
#6250
0!
#6260
1!
b001011001110000100101110000000011001001100010100001010100000111110001101110100100011011010111010010001100000011001101010010100110100000111000000001101100110111100110000101000001100001001001101111110000001101010000001001001010000101100000110010011100101110110011000111010101110100110100100110001100101100010011000001000100001011100100000001010000000111110001010100111000000010001000110000011100100000000001101000110110010 #
#6270
0!
#6280
1!
b101100101111011100100011001111110000111110111011111001001011101011110010110111110001100000100001000010000011010110000101000110001101100000010001100111000000000010110000011001000101100101011000101100001000011100100001010001100000101011000000110100000010000011110001010101000000011110110100001000000000100101100001110111011001011010000000011100000000001110110101100100000010010010101011100101100011010101000111001011100000 #
#6290
0!
#6300
1!
b010100000010100100000000010011000011100100001011011000111001100110001110001110010110010010101010000100000000100011000100010000010001000011011100010001100001001101011001011111001001100000100110110010110101010110101010011101000111000110011000001000011101100001011010011101111100001000111010000101100000111100110010101100110000000001000000001100001100010001001100101011000100100100001000100001010101100000000001110110010000 #
#6310
0!
#6320
1!
b001001010011000000000101000000000001000110111000111001001110001101011011110001011000011011010101111001011010000010000011100110000100101000110110000101001001010001100100000100000101101100010001011010100000101010100010000010010011010001101110110000010011111000111011100110110011101010010111011010000110110001101000000010101100101111010000000000111001000010100010101111100010000010000010001010010110000100110000001110100000 #
#6330
0!
#6340
1!
b011111000100010111111101011101111111110111001101011011101111111011111110111100011010000101011110001111101101101110001100111100111111011100111100000111110011110001111110111011110111101101111110100111110011111111101011011111100010010000001011111010101111011110001110101110100101011001111101100110111111101011111010011101010110110111100000111011100110111101111101110110111111111110111110111101111111111011101011100111011101 #
#6350
0!
#6360
1!
b111110001100111101111001111100111111101011101111111101110101011011110100001111001111110010110111110010111111111010011001011100110011101001101111111001101010110111111111111001101000111101111111010111001011110111001111101111011111110101111101111010100011111110010001111100001001110011011111110011110101011110110111101111111110111001110000111111110111111111011111100011110001111010001100001111011110101010001001101101111011 #
#6370
0!
#6380
1!
b111111100110111111111111100111000111001111011111111110111110001110111110110101101101101001110101000011101110010111001101011101111001001101010111111010100111011111010111110111001000110011111101111011010011111110101101101110101011011111111111010011110011011010110111011011111111011000111101110110100101000101101110011101111101111110010000101011101101110111001011110011111111111101001110011110010011101110001011111110111011 #
#6390
0!
#6400
1!
b010100011010100101111011101101111011111111110110110111101110110011011111011100111100111100001011110111111011100111111100000111010011010110110111111010111010000110001111110111101111111010111111011001111110110111111111111001101011001111011100101111010101000101111111110111000111011100100101101111011011110011111111111111111110101111100000011111011011000011100111110100011101001111111011111111011101100111101001001010011100 #
#6410
0!
#6420
1!
b000001000111110010110100001111111001100011011100011000110000011101010001111101101000010001110010100000000011000101100100001001000010111100000110101010011000011001000000111000010111001010100111101000100001101111110001100101100101010010000010110000000111100110010000100000011100000000010110111000000011100111110001000101010010001000000000101101110000001100000001110010110001011000101101001001010110001101010101011100010000 #
#6430
0!
#6440
1!
b000111101000101100100011000101100010000100010011111001001000101000000011011111101101001000111100001100000000001100011101000100000001100001101000100010101100001010000100100100101001101010110110001011010010000001000000011011101011011101000100011101000110110100000011000011000011111000010001001001110111011010010110010011101000111011100000000010101101001011000001001000011111001001100001000100110010111100110011100110000110 #
#6450
0!
#6460
1!
b010000010001011001101110010100101101000101001000100101101100000010010000111111100000000001000000110110110000011010100101001001100101001000010011001000111000000000001000101000011101001110011110001000001011000001000000000110110100101000000001011000001110101101101101011001100011001010000100000100011100100011010010000001001100010000000000001000001011110101000100101111010000010000000000010000001000000100101000100001100000 #
#6470
0!
#6480
1!
b010100001000000000010110010010000000100100110011110110101110001000101010110111000001100100000111100001110100000111001011011110100111011110010101001100001010010100010000001000000011110000100110011000100010111011100000010000011000110000000011111101000100000110000010100000010000000100100010000000001001001001110000010010110101001011100000100101001010101000001000000010010001011011000000101000100011101100101101100110010101 #
#6490
0!
#6500
1!
b111011011111010111111111010010111101011111111001011100111111110000111110110100010110011110111100001000111101111111101111011010101111111100111101011111111011100111110111111111110111111110100011111100000010100111110110101011000010011110101000110101110011111101001010111101101110111111011001101110111111010111111010110100000101011101100000111111111110110110111111111011010110101100100101111010111101101111011111111011111000 #
#6510
0!
#6520
1!
b011111101110011000001101110110011011100011100111001110101101101111111111100110111011101110110010011110111101110010111100111100001011101101111111111111101010001011011000101111111101110110111110011011110010011000101001100111100111111111101101011111101111100111001111111110011110101101111100101111011101101111101011001111010111011111100000111101101100111111011111011101101110111100101010101101101111011011001011110011111111 #
#6530
0!
#6540
1!
b111110110111101101111111111111111001111111001101001101100111101101111100011111100010111010111011010111110111111111111111001010101011011110000111001111001111010111111110001011111111111111011011111111111011110011110001011110101110011101100101110000010000101011011101111110111110111011100011101101111100111101111111110111111101111110100000111000011111110011101111011001000110101101111111011001101100011011011101110010011111 #
#6550
0!
#6560
1!
b111011111001111011111011100111000111101111011011111001100011111001001011010110010101110011111100111111100000010011111111010001101111000101111101111111101110111111101011011110101111111010110111001111111111001000110010011111100111101001111010011100010111111111101011111000011101110011111011111110011111110111100101111111110010111111010000111111101010010101111101101110110110111100111011010111101010010001011111100101001000 #
#6570
0!
#6580
1!
b111110100011100000100010010111110001101010011011100010011011101001101001111100100100110000010000111001000100011111011001001111001111010001101011101111101000000110001001001000000100100110011000001000101110100100110110110011010001000001010001010100010100000010110000010101000001101001011001000000101000101101000111000110100100111110000000100110110010001100011000010111011101101110000100000010000011100000010001000101001011 #
#6590
0!
#6600
1!
b000001110010010010101110110000010010101000000101000011100011010101011000011111010011010111000000010001011000001000101101100000111010000000101001001101001000001000010011001000100010011000011000001101111001000001000010000000110111001101011010101000001001000000000000110111000000000100000000000000010001001101100000000111010011001000000000110001100110001100101101000101010000110110001011010000001000001100100100100000100010 #
#6610
0!
#6620
1!
b100000101011000110000000100010000111010010000001001000110010010100111000101000000110001010000000100011100101010111000100000010011110101101100110110000010000010000000001111000010001000010101001000010010010000000111010011000110101010100010001000100000100000000100100101000000111010110011111000010000001001001010000101110000000001011010000000000010001000100000100010010000000010100010010101010010001010000000001110000000001 #
#6630
0!
#6640
1!
b010100010100001001011101011001010110011001001000000101100101001111000000010101011101111110011100000001010100001000000001000000001011000100100001010001100000010001010110010000110010100100101001000000011000000000001000000010010000011110001000010000111011101000011110101000000000011011101101001000101100111111010010000001000001000010010000001101001010011101111011000111011000000000000110101001110000010000100000001000001010 #
#6650
0!
#6660
1!
b011101101111111101110101100111111101110110111011101110000110101111011011010100111011011101110100101010011110111101111110111011111101000101111001011111100111111011111111101110011111000000101101100111101101010101111110110101010001001110011000111111111101110101010011101001010001111110111101100111011111100110110111001011011011101001010000010110101001110110000111101011111110110101010011101111110110110011111010101100110111 #
#6670
0!
#6680
1!
b010010010101001111111100100011011011101011111101110101110111000000011111111010110000110111011000111001100111111101111101100001111101011111010111000011101100101111000111011110101101000111111101110100110111100011101010011101010101111111111111101110111011111011111111100111111010011011101100011110110111011001111110100100111011010000010000111010101111010100011011110011110100101111011101100111111101111111110111101111101000 #
#6690
0!
#6700
1!
b110011111111111011101111101001001111111001111001111001111110001010111001100001100111100110111011101110111111000111111011011111111111111110011010110110111011110111110000001111110110011011111111111111101111010100110101001111111010111110111111111111111100011011100001111101011000001010010111110110110101011111101010110000101111101101010000011110011000001110110011010101101111111101011010110101110011010111111111111111110110 #
#6710
0!
#6720
1!
b010111010001110110111101101001111111111011001111101010110110111000000001011101110111101111111101000100111011100011011011111101111101111111111001101101011111001011100011011110101101010111110010001011111101100010110111000001001010001011101111010111001001110110101001111011111100111100100111111011101101101111101101111010110010111011110000011011101111110011110111110101111100001101100001011111111011001110010111011001011101 #
#6730
0!
#6740
1!
b001100101010011000000011010011011000010101101001011110001110011110100010100111000101011010010011100000010000110000000110010010110000100010101100010000000100010101110000011000010011010100000010011001100100000111010000000111011101000010100100011101000010110000000010001100100111001001001101100001001101010000010011001101100100100110000000000111011100010000110101110100110100000000010101000100010010011011011101110001011010 #
#6750
0!
#6760
1!
b000011010000111010101010000000001010000010100000011000000001001010110101010011100000101001001101000010101100110000001111111001110000000101101000111100010111001000110000010000100001001010010011000101010000110001000110010111010011101110000100100100001111000100000011000001010011101000000010101000000110101001010100100101001000000000100000000010000000001000101000010111000000010101001010000000001000110010000111011000000000 #
#6770
0!
#6780
1!
b000000011000011110011100010100100010100000001011001100101001010001100101010011010000010101000100000010011000000010110000001010010000011100100111110001111100000000000001110000110001111110001100000100110000110000100000010111000011000000110100010100001111100001000010000011000100100000111100110011110000000010000000110000100100111100100000011010100001101001010010001110010100001000001001001000100000000100011000101101000001 #
#6790
0!
#6800
1!
b010000010000100010000101000100011100110001010000000101011110100010101000000110010000011011010001010100110000000001101100110000010110101001010000000101100100011101100100100110000010000010101001000010010100000100000110101010101001000101000011101010000110010011100010100011010001011010111010110100000000111010010100000100010001000000100000000001010011001100000000100000001100100101000001110001100010001000010010001001110010 #
#6810
0!
#6820
1!
b110111001001110111110111101011101010111101111111111111111111101011000101111111101011111101101110100101001001111011111100100011101100110110011101011010110101111111101111010001100010111101111101011010001111111010110100001100101000110111110111111010100111010110101110111011110111101110111000111110011001010001111001100101110000101111110000011111111100101110011101101010011111110000101110011011111110011011101000011101100111 #
#6830
0!
#6840
1!
b111111010110010001111111101100100110111101001101101111111011000000111111110011101101011111000011010101101001101110110111001101100111100001110101110110000111111010111011111110011101111000010011111011100101111110011101011111100101101111100111111111111111110111101111101001010011100111011010101111011010101111011101011111110000111111100000010101110111011110011011000111111111001111001001101110111011100110110011010111110011 #
#6850
0!
#6860
1!
b111111101001101011101110110100100111111101111111111110111111100111101011111010111110011100111111101001101010111010111010000111111101101101001111110111100110001000110100111011111111110111111111010111101100111111000011100101110101101000111011011111110010011100101011111101001011011110110010011111111110001010000101001111110101111011110000100100111011111100100111001010110110100111111001111101011111111110001101011101111010 #
#6870
0!
#6880
1!
b101111101001011111000111111111011011111101101110101111011101110011100011100001011011010011100111111100111101111110100010001011110100111111111111110111011111011010111110011011100111111101111111111101111100101011111110000110111010100001111110011010110110110110101011011111000111111111110111101011111001111101010010111100100111000111010000001001101011111101011111010111101111010101111111011001111111001110011110010111101010 #
#6890
0!
#6900
1!
b001011101101010001101100000100000010100100001010110111111010001001000010110110000101011011001001001000010000000010001000100001001011000011110000111010101101010001010010000001000100000000000000110101101010011100011101110110111111111010001000010100010000110000010000000001111000001110111001000011010110000010000111000110000110100110000000000000000101000001100101010011110110000100100101001001010010010110101100110001000011 #
#6910
0!
#6920
1!
b100001000000001111110110100001001000100100010100000101000111011110001000000011000010000111110011111100101100001000100000001110111000000001100001101000001011001101111011000001011010101011000001000000100000010110100010100100010100001000000011110000100010010101000001001011010000010111100011100011010110010100010111000000001010100000110000001000111110100011100101001110110001010011110001100100001001000100011001110110101111 #
#6930
0!
#6940
1!
b010010000000000000000100011001100000000010010110111001101000101010000010101000110100010111100110110000010000011000100001100000100000100001111010101001100001000001101000001001010011110110100000000000010100110010111000001001001010100110000111000101010100101011011110000010001000001010111011001100100100010001011111000111000111001010100000101100001111010110000101000010000000011010000001001000000100110100000001001100000100 #
#6950
0!
#6960
1!
b000111001110011011101011001001001100100001001100001000000000001011000000100110000111010000000011111011000000011110111110001010101100101100011110000001000010100001100000110000000101010010001000110100011100000010100011101101001111101000110001110110100100000001000000011001001001010101000001011000001101000100000001000000001000011000010000000001010000000011001110100110100010000001011011010000110101001111010110001001101011 #
#6970
0!
#6980
1!
b101010010110111110110110011011111111110100111111011111101001101010011101110101111111011111101110110011010001011111101100101111111101001011111110001011110101011101111011111011111101001001111111011111000110111110111011100101010001101100110111110110001000010001110101111101011111111101111100111111111111100111101001110001111111111111000000111101111011111010111111010010111001011000001111110110101111111011101110110111101011 #
#6990
0!
#7000
1!
b111001011011100111011111110111111101010111001111110100000110101011111111001110111110110111100111111101101111101011111101111100111110111101010110101100110110100111101111100111101111111111111100011111111101010111110011110000011101011111111011111010101100101011011101111101111001100111011001111111111000111011110001111011011101111101110000011110010111001101011111111010011111111010111010011101011111110011111101111111110001 #
#7010
0!
#7020
1!
b110011011100101011101100011101110110110101011110101101011111101110101111111111110111011101110111111110111101000011111000111101111000011101101111101100001111111011101110101111111111011110111101100110110010110011100100110110101100111111101011010111101101110000000001111101101100111110111110110111101111110011111000000111110111000111110000111111101110111111010001111011101010110111101011011011111111010110010110001001111111 #
#7030
0!
#7040
1!
b000101111001101111101111111111111111110010011101111110011100010111111100110010010001111011101011111111111001011111010111010111111111001110101111100111011110000011101101111110011111111111011111110111111011101100000011110100110011001110101111101111011100110111111101101011111111110001011010011111101011111111001011001111100110111111100000101001111101101010001110000111101111111011001011001111000110101011101111010101011110 #
#7050
0!
#7060
1!
b111110100011001011001100101001100100010010100000000100001100000111110010010010001101100010110101111101000000010100100011100000111100100010100000100101011001001001011100101101001010011001101010100000001010000100110010111100011111001101001111100110100010001100100110000001011100100100100010100001010100001011100000110001101100011100000000101000101000111000100000001110000010010100000001000000011010010110000010111001000000 #
#7070
0!
#7080
1!
b010010000110111001001000001010011010010010101100010100001000011000001110000101000100001100100000101100000000000000110100100110001101010010100010001011000010111011010100100110011110010110100001101000000100110000011010101001001101100110111101001011101011101111011110100010101000010000001010001100110110100001100010001100000100110000010000110111101010110111010010000011100000001010111101000011110000011010100000011000010000 #
#7090
0!
#7100
1!
b100010011011000000011010100011100000100010100101000111000000101001101000011101010100101000101001001001101001000010010000101100100001010101000101000000101101010000011010000000000100000111011011101000001100110001000100000111000000000001000001001010101101110011011011111001110011001010000010010000000000000010101011001111100000000100100000000001010000101100011111100011111000011110110011010000100100000001010010101000110010 #
#7110
0!
#7120
1!
b001011001100100100100000000011101000000001110110000000111110101110011101100101001001011101101101001110100100001110010100000101001000100011110001101001010010111000010000101000100100101000010001110010100001000001001001011011111110011110000010000001000000001100010000100011000100100000010000100100001100001101000110101100001000000101010000010000000000001100000000111010011000100001111100110001101110100001001000000011110000 #
#7130
0!
#7140
1!
b011111010111100001001111100101011011100101111011111111111101110101001010000101011101111011011110110110001111111110100101110101000011111011111101101110011101011101111011011111111101111101111111111111100110010101101110111010101111011010000010111011101010011111111111111100000111111001000111011111111011111111011111111001101111111100100000110001111100100111110100111011111010100101110110110110111101111011001111010110011110 #
#7150
0!
#7160
1!
b111101101100110011011110101101111001111111110100011010101111110101101111111011111110011101110111011011111110010100111100111100111011110111011111110100011111110110011011110111110110010011111111011011111001111110011010001110001110110110111111101011111100100111110111111101111111011011111101101111110011110110111111011111111101011101010000011100101100111001111111110110011111111110000101100111011001111111001101110111011011 #
#7170
0!
#7180
1!
b110011001111100110101111000101011111110011011011111101110011101010011111001100001001110011101101111110101101111101000111111111110001101111100101101010111111011111111111100111101111111110111111111111101111101101011111000111001101000101101011000001100011011111111101111111011101101101011011111111101111100101001110001111111111010001100000010100101100101101111111101111010111011110001010111111101110001011111111110111111110 #
#7190
0!
#7200
1!
b011101010111111101110111111110111111011011110011111111111011111111101101111100011001100100110100111101110110001111001111111101101011111101110111111011101111011011011111111011101111010001011110111011101111100100101111100110111000110010110111001111100100011111101110100111101111111110111111110001111100101010111100111111110010111111110000010110111111110101101111100111111110110111010011101111111110101010111111011111101111 #
#7210
0!
#7220
1!
b000011010111101111101000001011110101010011000001101101001010010000010001100101000110011011111011101111000110110001010101100000010010010010000101001001000101000001010100010101010011100010001000000000001000001101110001101100001000111001000100110110110010000011010010000010000000100000110010100001010100001100100100000001000000000000100000101100111011101000011000110111011000101011010101010111000000101100010011001011010110 #
#7230
0!
#7240
1!
b100010000110000100000011010100101100000000000111010110001000101110011000000100010110111110000101001100100000000111000101000111111000010001010000100010011011011001110001101010000010000111110111100011101000001001100101110111000101101001010001000000000000010001010000011010001100110101010010000010100001101001010100001000001100010101000000010010101001001100101000011101011110110001000011010100001000100110000110011000001001 #
#7250
0!
#7260
1!
b000010010011000110001000000001001100000000001110100101100100111010010001000000011001000101110100001000000001010101000101001001101110011000010100001000010011110110000111011110000011000011010011000001010000111001111100010100000111110001000101000000001100100010000010000100100110010010000000011001001110000001010000000101000111000010010000010000010000011010000110010001001011010001100011010000100100111101001101001010111101 #
#7270
0!
#7280
1!
b000000100001000001000010100001101110000111001001100111101100110110011010110011100011110001010001000110011000010000011100010010000010100101000001010001100000100001010000010100100000010100010100110000101110101100000000100001101001000000001001010110010010011000010000100000000010101100000010000100111100010001010000000011110001010010100000000010110100100110001101100100101101001011000010001011101000001000001110101010101100 #
#7290
0!
#7300
1!
b011111100011111101111101111101110111001110011001001011001101110111101011111011111111100101111111010101011010101011101101111000000111001111110101101011101110111101111011111111101111110001000010100011100001001001110110111111111011000110110000011111011001111111010011111110010010101110000111010100001010001101011110101110010011101001010000101101011001001100110000001101111101111010011111111111010011001111011011011110101011 #
#7310
0!
#7320
1!
b100110110001110110010001101111111111000100110101111111101110001110010111111100101110111000101110111111001110011000011111101100011101010111101000011011100101101110101010110111110110101101111011101010110011111011001011101100111111101100010100111000010000110111111110011110010111011111101110101100001111111011100011111110111011000011010000101011100111010011010110111010001011110101010100011110101111101001001100001000111110 #
#7330
0!
#7340
1!
b101111000111011111111001111011111111100101111111011111111110001010011110111000000101011111100100101101110110011110011110110101011110101001001111111101111101101110111100111101110110101011111101110101000111111111111101110111110100111110110111001101111110010101101111111111011111001011111111111111111101010011110111110110111101010011100000011111001111001101111011001101101001111011011010110111110100100011010101100101111010 #
#7350
0!
#7360
1!
b111101011011111011111100111111111111010110000101101011111111100011110101101010011111111001000010001010001111011011111000110110111010000001011011001101111101011101111101111000011000111111110111111011100111010010111100010110001101111010110111101101011011110011010110111111100101110111011100101101111110001010011101101011000111011111110000000101011010001110111101111111101111111101110011010110100011011001011100011110110101 #
#7370
0!
#7380
1!
b011110100001111110000100000000011010111010010100001001100100000010101101111001100001000000001101101011100011101000001111010111100000011000000100001101000011110101100101100001010010011100111100000000100011000000000100000010100101110000000010000010000011100000100000100011110001111011000000101000001010000000000000010100001100000010010000000010000110000100110010001100010000000011110000100001000001100101101101101001000101 #
#7390
0!
#7400
1!
b000110000011001010001110000101010000011101100111100100100011000000110000001011101010001001000100101111000011011000001000001001100000010101110011000100000000000110011001001100001010110001000000001101101011011001100101000001101100010010111100101010101101100110010000010011100100000000110000011000110000100000000100110111101000010100000000100010100000100000001001111001100100010010000000101011011010000001000100100010000100 #
#7410
0!
#7420
1!
b100001010110100000000101111010000100000010000000011101010000000010010000111011010001010000011010111000001010111100001001000000100111100000011000100011000000100101001100001000000101111001110000000000000101000110000010000110010010001100110100001101000000100010011010111000100100101101000000100011110001000001000000110010001010001000000000100110000011101000101000100001100001101001110000010000010011000000000101000101100000 #
#7430
0!
#7440
1!
b001111000000010000011110010000010000010001111001001001100000100100110001001000100000011000010010000000101001011010000000100000000100000110100110101000011010000001000000101011000100001001001100011000100001000101111010100110110011000010100011010100001000100000011100100100001100000000000111000010000000000000100000110001100110100011110000001000000111100000000001101111000001010000110100000000000000000110000100000000000000 #
#7450
0!
#7460
1!
b000011111100110111111110010101000111101111100000110010010110111111001110100110101101111111110011010111111101001110011111111110011101110110100101011110100001110011101101111100101111011011111101111001111110111011101110101111001010010111101111011011101011001100010111111110100111111000101010100101101111100110100011101111111101111100110000100111111111010110101110110111001111011111111110101111001011110101111011110010110101 #
#7470
0!
#7480
1!
b001110111110111100111101100111010101100001111110111010110111010101110010101010101000011011011000111001011111100100111101011111110101110110011111101101110011110111111111111011111010101011110011111110111011110111110111100100011111010100101001110101110101111100111010011010110111111011101111100101110110010001111000101111001011011110100000001010101100001111000010010110111111011001111001111111001110101111111011001111111111 #
#7490
0!
#7500
1!
b000010101100111101110101110111100110110001001010001011101000110110111101010110110011001110110110011000011101101111000010100111001011101001100111101100011011110001110000110111011101101101101000110000111111010111111111011001111101100101111011111011110110111110100011110101011110011011101110110011111111011111111110100101011001111101000000100001011011110111111110110101001111111001101101111110111110111111101111101110110111 #
#7510
0!
#7520
1!
b111111011110111111011010111100111111110100111110011000111110011011111010001111110110111111111110110011010000011001101100110011000101010100000011111001111101001111111111110110110101110111101010111111000110111011001110001101111010101111011110111111111111111000101111010011100111111110000101111100001101101111011001111010111111100110000000001011101101011011010011111110111100110111100010111111011111111011101100110111100010 #
#7530
0!
#7540
1!
b010000100011101000010111111001101010010000001100011101010011000110000000100001100011101010100010000011011100110010010010000000000101110010000110001000100100000011000010100001100011110001000000011101100100010001010100001100110000010000001001011100000100100101000000010101100001001000010010010000010000010010000010101001010100010001000000000100100000010100000010000011111000110101000110010000000000010100010010100101010100 #
#7550
0!
#7560
1!
b000000000000000100000001110001010000001101100110000110000011000010000001000001010011010000010010001101010000010000001100000001100001000110001001100000100001010001010000000110000101000010010001010001110010100011101110110000000001000110000101010000100100110000000101111001000100010101001001001100010000100011100000000000001101010111100000001101000000111010010000000001111001000000001011110100100000110100001010000111100100 #
#7570
0!
#7580
1!
b000001001010000100010100100000100100100000011101001001100100001111010101000001010010000000001010010000000010011100000100000100001100000010110000100011010010111001000011111101100010000000010000111000000000010010010100100100100101000001010110000101001000100010000100000001010010000010111000001101010000010110001000000000001010100001000000101000001001100001100111011111100001001001000000111000010111100000000100010001000100 #
#7590
0!
#7600
1!
b100001001000100011001000100010010001001001000010111000100000000010000000001001000000101010001001010010100101011011110100010011000000111000010010000101110100000000110110110010010110000100001010000000000000100100110100000000011101010100110100101010100110011000100001101101010100001000100000000001001000011010001000000101100100100000000000001100010000001111100100111010101001000010100010000100100000010101010000000010000001 #
#7610
0!
#7620
1!
b101111001111111101111100011011110111101110100000100111110111110101101011011110110110110011011011011111010011001101101110011111001100010110001000001011101001011011010010011111000101010111111100011010111110111101110110111111000001011011110001011111111001011010100110010011010010110100100101101111111100111100100011101101001010010011010000101101111011110010011111001110101111010110111100111010101110010011111000011101001001 #
#7630
0!
#7640
1!
b111111111111111111110010100101001111110110000100101110111001111011110011111101110000011010000100100000111111101110011111100001100101010001111011011101101000110001100011111101111111011111100010100111011111001111110110110101101000100101110100001111111001101101010011111111011110011011101111111110111001100011110110011100111000011011010000110010010101101111000011111101111100101110100101000011101101100101001001111001111010 #
#7650
0!
#7660
1!
b011111111010101111110011110101010110110101011111101111011010010010101011000101011110111111110011100010111111011000001001010110111010111110111110011100111101010011100110001100011101010011010111001011110001100111111100000110111011110101011011111110111110101010110111110000101011101101100110101100110011011110111110000101110111101100110000110001110010111101111011110010010100101100001100111010101110111110011111111111011110 #
#7670
0!
#7680
1!
b010010010100101011111111000101101100111100001001111010111111001011111010110110001001111111011111000111110010110111101000110111010001111010100001111111110001110110111110111110011110011101111110011110101101001010011100011111001000111111011111000101011101011011100110101101100111011011101110110011001111110001111111111111111001111111000000101101011111011000111010110100110101111111100101011110111101011010111010011011111011 #
#7690
0!
#7700
1!
b111010000011000000010010011000101100000101001000011010110101001000010100100101001100100010001011101000000000000100001101111100100000011010010000100100001000110000000100000100110001001000101010000000100100100000010110010010100100001100000100001000011111100000001010101001010100000000010011000100010011000010001010000000001011000010010000000000010000110111110000100001001000001100001100000000000100111000001100011000010000 #
#7710
0!
#7720
1!
b100000010100101010011010110011100001100000010000100111010101000100110110001010100000010001100011100000001001101101000000100010110001000001000101010000100011101111110000011010000100000000010000010110000100101100010001100001001111101001001101010000000000000100100000000100010001001010111000010100001100000010010000011000110000000100000000010000010000001110010111010000010001100001100000010100100110011100011001010101001110 #
#7730
0!
#7740
1!
b000000011011010100001000000001000010001010000001110100001101101110010100111001011000010100001001000001001000110100000000000010001000100010000101010000000001010101000100100010010100101010000100001001100001100101010010010000001110000001001101000001110001001000010001100110101101010001101001000000000001000100001000000100110110101101000000000111000000100000000100100001110011010000000000000000000100100000100000000000010000 #
#7750
0!
#7760
1!
b000010001010000110111000000000101000100010010011101000000110101111001011000100000100000000010101000000001010010100000000010011000010110110010100100000000101001100000001100010000100110000110111101000010001110000000001000000100111011000111110010111010000000010111000000000000100100100000001001000000100001100000111000010100010011000100000000101101111001101111010110000011011000010001010000011100111000100000000001111000000 #
#7770
0!
#7780
1!
b011111001111010011111011111101000100011111100011011010101011011001100111011110111111111110001101001101110011101101011001111110110101100110011011011010101111111100111001011101111011111111010101011011111001111010011111101111011010110101100101110011110000101110011011110011100011101011110011101010100111010110110011111100001110111110100000000011101011001100111011000101010111010011001100111011100111110101111011101110110010 #
#7790
0!
#7800
1!
b111111100111110011111101111101101110111101111111111110101101110000111110110110101111111110111011110011111110010101111011101110111110011011101011110111110111101110011111100101011110111101111110111010111001101010001111110101011111101001111101101101001110001111111111111111111100010111100011100101010011111110100011111000001101011101010000100001111101011111101111001011011110111101000101101110111011101111010100001000111101 #
#7810
0!
#7820
1!
b110111111000101001011001011111110011011101011111011001110100111101111001010111101101100000110111101110111001101111110110101111111011001111011100001111101101101100110110100011010111111110111111101101010111101111101111011111101001111111101101111111011101010110110010000111111100111111111100110001111110011111011100101001011111111010110000011010110101001110101111011111101110010101111111110110011010000110110110101111011111 #
#7830
0!
#7840
1!
b000000000000000001111100001110100000000000000000100110011110000000001111001000001111110100011111110000000000000000000000000000000000000010001100001111110000000000000000000000100000100100001111001000001111110100011111110001101000000000000000000100000100011000101000000000000000001001100111100000000000000000000000000000000000110100000000011001111111000000000110000000000000000000100000000000000000001000000000000000000011 #
#7850
0!
#7860
1!
b000000000000000000000000000000000000000000000000000000000000000000000000000000000000000000000000000000000000000000000000000000000000000000000000000000000000000000000000000000000000000000000000000000000000000000000000000000000000000000000000000000000000000000000000000000000000000000000000000000000000000000000000000000000000000000000000000000000000000000000000000000000000000000000000000000000000000000000000000000000000 #
#7870
0!
#7880
1!
#7890
0!
#7900
1!
#7910
0!
#7920
1!
#7930
0!
#7940
1!
#7950
0!
#7960
1!
#7970
0!
#7980
1!
#7990
0!
#8000
1!
1"
b000000000000000001111100001110100000000000000000100110011110000000001011111100000000001110000000000100000000000000000000000000000000000010001000001111110000000000000000000000100000100011001011111100000000001110000000000101101000000000000000000100000100010000101000000000000000001001100111100000000000000000000000000000000000110100000000011001111111000000000110000000000000000000100000000000000000001000000000000000000011 #
#8010
0!
#8020
1!
b000000000000000001111100001110100000000000000000100110011110000000001111001000001111110100011111110000000000000000000000000000000000000010001100010011110000000000000000000000000000000000001111001000001111110100011111110000001000000000000000000100000100011000101000000000000000001001100111100000000000000000000000000000000000110100000000011001111111000000000110000000000000000000100000000000000000001000000000000000000011 #
#8030
0!
#8040
1!
b000000000000000001111100001110100000000000000000100110011110000000001111001000001111110100011111110000000000000000000000000000000000000010001100001111110000000000000000000000100000100100001111001000001111110100011111110001101000000000000000000100000100011000101000000000000000001001100111100000000000000000000000000000000000110100000000011001111111000000000110000000000000000000100000000000000000001000000000000000000011 #
#8050
0!
#8060
1!
b000000000000000001111100001110100000000000000000100110011110000000001111011111111110010100001110100000000000000000000000000000000000000010010000010011110000000000000000000000000000000000001111011111111110010100001110100000001000000000000000000100000100100000101000000000000000001001100111100000000000000000000000000000000000110100000000011001111111000000000110000000000000000000100000000000000000001000000000000000000011 #
#8070
0!
#8080
1!
b000000000000000001111100001110100000000000000000100110011110000000001111011111111110010100001110100000000000000000000000000000000000000010010000001111110000000000000000000000100000100010001111011111111110010100001110100001101000000000000000000100000100100000101000000000000000001001100111100000000000000000000000000000000000110100000000011001111111000000000110000000000000000000100000000000000000001000000000000000000011 #
#8090
0!
#8100
1!
b000000000000000001111100001110100000000000000000100110011110000000001011111100000000001110000000000100000000000000000000000000000000000010001000010011110000000000000000000000000000000000001011111100000000001110000000000100001000000000000000000100000100010000101000000000000000001001100111100000000000000000000000000000000000110100000000011001111111000000000110000000000000000000100000000000000000001000000000000000000011 #
#8110
0!
#8120
1!
b000000000000000001111100001110100000000000000000100110011110000000001011111100000000001110000000000100000000000000000000000000000000000010001000001111110000000000000000000000100000100011001011111100000000001110000000000101101000000000000000000100000100010000101000000000000000001001100111100000000000000000000000000000000000110100000000011001111111000000000110000000000000000000100000000000000000001000000000000000000011 #
#8130
0!
#8140
1!
b000000000000000001111100001110100000000000000000100110011110000000001111001000001111110100011111110000000000000000000000000000000000000010001100010011110000000000000000000000000000000000001111001000001111110100011111110000001000000000000000000100000100011000101000000000000000001001100111100000000000000000000000000000000000110100000000011001111111000000000110000000000000000000100000000000000000001000000000000000000011 #
#8150
0!
#8160
1!
b000000000000000001111100001110100000000000000000100110011110000000001111001000001111110100011111110000000000000000000000000000000000000010001100001111110000000000000000000000100000100100001111001000001111110100011111110001101000000000000000000100000100011000101000000000000000001001100111100000000000000000000000000000000000110100000000011001111111000000000110000000000000000000100000000000000000001000000000000000000011 #
#8170
0!
#8180
1!
b000000000000000001111100001110100000000000000000100110011110000000001111011111111110010100001110100000000000000000000000000000000000000010010000010011110000000000000000000000000000000000001111011111111110010100001110100000001000000000000000000100000100100000101000000000000000001001100111100000000000000000000000000000000000110100000000011001111111000000000110000000000000000000100000000000000000001000000000000000000011 #
#8190
0!
#8200
1!
b000000000000000001111100001110100000000000000000100110011110000000001111011111111110010100001110100000000000000000000000000000000000000010010000001111110000000000000000000000100000100010001111011111111110010100001110100001101000000000000000000100000100100000101000000000000000001001100111100000000000000000000000000000000000110100000000011001111111000000000110000000000000000000100000000000000000001000000000000000000011 #
#8210
0!
#8220
1!
b000000000000000001111100001110100000000000000000100110011110000000001011111100000000001110000000000100000000000000000000000000000000000010001000010011110000000000000000000000000000000000001011111100000000001110000000000100001000000000000000000100000100010000101000000000000000001001100111100000000000000000000000000000000000110100000000011001111111000000000110000000000000000000100000000000000000001000000000000000000011 #
#8230
0!
#8240
1!
b000000000000000001111100001110100000000000000000100110011110000000001011111100000000001110000000000100000000000000000000000000000000000010001000001111110000000000000000000000100000100011001011111100000000001110000000000101101000000000000000000100000100010000101000000000000000001001100111100000000000000000000000000000000000110100000000011001111111000000000110000000000000000000100000000000000000001000000000000000000011 #
#8250
0!
#8260
1!
b000000000000000001111100001110100000000000000000100110011110000000001111001000001111110100011111110000000000000000000000000000000000000010001100010011110000000000000000000000000000000000001111001000001111110100011111110000001000000000000000000100000100011000101000000000000000001001100111100000000000000000000000000000000000110100000000011001111111000000000110000000000000000000100000000000000000001000000000000000000011 #
#8270
0!
#8280
1!
b000000000000000001111100001110100000000000000000100110011110000000001111001000001111110100011111110000000000000000000000000000000000000010001100001111110000000000000000000000100000100100001111001000001111110100011111110001101000000000000000000100000100011000101000000000000000001001100111100000000000000000000000000000000000110100000000011001111111000000000110000000000000000000100000000000000000001000000000000000000011 #
#8290
0!
#8300
1!
b000000000000000001111100001110100000000000000000100110011110000000001111011111111110010100001110100000000000000000000000000000000000000010010000010011110000000000000000000000000000000000001111011111111110010100001110100000001000000000000000000100000100100000101000000000000000001001100111100000000000000000000000000000000000110100000000011001111111000000000110000000000000000000100000000000000000001000000000000000000011 #
#8310
0!
#8320
1!
b000000000000000001111100001110100000000000000000100110011110000000001111011111111110010100001110100000000000000000000000000000000000000010010000001111110000000000000000000000100000100010001111011111111110010100001110100001101000000000000000000100000100100000101000000000000000001001100111100000000000000000000000000000000000110100000000011001111111000000000110000000000000000000100000000000000000001000000000000000000011 #
#8330
0!
#8340
1!
b000000000000000001111100001110100000000000000000100110011110000000001011111100000000001110000000000100000000000000000000000000000000000010001000010011110000000000000000000000000000000000001011111100000000001110000000000100001000000000000000000100000100010000101000000000000000001001100111100000000000000000000000000000000000110100000000011001111111000000000110000000000000000000100000000000000000001000000000000000000011 #
#8350
0!
#8360
1!
b000000000000000001111100001110100000000000000000100110011110000000001011111100000000001110000000000100000000000000000000000000000000000010001000001111110000000000000000000000100000100011001011111100000000001110000000000101101000000000000000000100000100010000101000000000000000001001100111100000000000000000000000000000000000110100000000011001111111000000000110000000000000000000100000000000000000001000000000000000000011 #
#8370
0!
#8380
1!
b000000000000000001111100001110100000000000000000100110011110000000001111001000001111110100011111110000000000000000000000000000000000000010001100010011110000000000000000000000000000000000001111001000001111110100011111110000001000000000000000000100000100011000101000000000000000001001100111100000000000000000000000000000000000110100000000011001111111000000000110000000000000000000100000000000000000001000000000000000000011 #
#8390
0!
#8400
1!
b000000000000000001111100001110100000000000000000100110011110000000001111001000001111110100011111110000000000000000000000000000000000000010001100001111110000000000000000000000100000100100001111001000001111110100011111110001101000000000000000000100000100011000101000000000000000001001100111100000000000000000000000000000000000110100000000011001111111000000000110000000000000000000100000000000000000001000000000000000000011 #
#8410
0!
#8420
1!
b000000000000000001111100001110100000000000000000100110011110000000001111011111111110010100001110100000000000000000000000000000000000000010010000010011110000000000000000000000000000000000001111011111111110010100001110100000001000000000000000000100000100100000101000000000000000001001100111100000000000000000000000000000000000110100000000011001111111000000000110000000000000000000100000000000000000001000000000000000000011 #
#8430
0!
#8440
1!
b000000000000000001111100001110100000000000000000100110011110000000001111011111111110010100001110100000000000000000000000000000000000000010010000001111110000000000000000000000100000100010001111011111111110010100001110100001101000000000000000000100000100100000101000000000000000001001100111100000000000000000000000000000000000110100000000011001111111000000000110000000000000000000100000000000000000001000000000000000000011 #
#8450
0!
#8460
1!
b000000000000000001111100001110100000000000000000100110011110000000001011111100000000001110000000000100000000000000000000000000000000000010001000010011110000000000000000000000000000000000001011111100000000001110000000000100001000000000000000000100000100010000101000000000000000001001100111100000000000000000000000000000000000110100000000011001111111000000000110000000000000000000100000000000000000001000000000000000000011 #
#8470
0!
#8480
1!
b000000000000000001111100001110100000000000000000100110011110000000001011111100000000001110000000000100000000000000000000000000000000000010001000001111110000000000000000000000100000100011001011111100000000001110000000000101101000000000000000000100000100010000101000000000000000001001100111100000000000000000000000000000000000110100000000011001111111000000000110000000000000000000100000000000000000001000000000000000000011 #
#8490
0!
#8500
1!
b000000000000000001111100001110100000000000000000100110011110000000001111001000001111110100011111110000000000000000000000000000000000000010001100010011110000000000000000000000000000000000001111001000001111110100011111110000001000000000000000000100000100011000101000000000000000001001100111100000000000000000000000000000000000110100000000011001111111000000000110000000000000000000100000000000000000001000000000000000000011 #
#8510
0!
#8520
1!
b000000000000000001111100001110100000000000000000100110011110000000001111001000001111110100011111110000000000000000000000000000000000000010001100001111110000000000000000000000100000100100001111001000001111110100011111110001101000000000000000000100000100011000101000000000000000001001100111100000000000000000000000000000000000110100000000011001111111000000000110000000000000000000100000000000000000001000000000000000000011 #
#8530
0!
#8540
1!
b000000000000000001111100001110100000000000000000100110011110000000001111011111111110010100001110100000000000000000000000000000000000000010010000010011110000000000000000000000000000000000001111011111111110010100001110100000001000000000000000000100000100100000101000000000000000001001100111100000000000000000000000000000000000110100000000011001111111000000000110000000000000000000100000000000000000001000000000000000000011 #
#8550
0!
#8560
1!
b000000000000000001111100001110100000000000000000100110011110000000001111011111111110010100001110100000000000000000000000000000000000000010010000001111110000000000000000000000100000100010001111011111111110010100001110100001101000000000000000000100000100100000101000000000000000001001100111100000000000000000000000000000000000110100000000011001111111000000000110000000000000000000100000000000000000001000000000000000000011 #
#8570
0!
#8580
1!
b000000000000000001111100001110100000000000000000100110011110000000001011111100000000001110000000000100000000000000000000000000000000000010001000010011110000000000000000000000000000000000001011111100000000001110000000000100001000000000000000000100000100010000101000000000000000001001100111100000000000000000000000000000000000110100000000011001111111000000000110000000000000000000100000000000000000001000000000000000000011 #
#8590
0!
#8600
1!
b000000000000000001111100001110100000000000000000100110011110000000001011111100000000001110000000000100000000000000000000000000000000000010001000001111110000000000000000000000100000100011001011111100000000001110000000000101101000000000000000000100000100010000101000000000000000001001100111100000000000000000000000000000000000110100000000011001111111000000000110000000000000000000100000000000000000001000000000000000000011 #
#8610
0!
#8620
1!
b000000000000000001111100001110100000000000000000100110011110000000001111001000001111110100011111110000000000000000000000000000000000000010001100010011110000000000000000000000000000000000001111001000001111110100011111110000001000000000000000000100000100011000101000000000000000001001100111100000000000000000000000000000000000110100000000011001111111000000000110000000000000000000100000000000000000001000000000000000000011 #
#8630
0!
#8640
1!
b000000000000000001111100001110100000000000000000100110011110000000001111001000001111110100011111110000000000000000000000000000000000000010001100001111110000000000000000000000100000100100001111001000001111110100011111110001101000000000000000000100000100011000101000000000000000001001100111100000000000000000000000000000000000110100000000011001111111000000000110000000000000000000100000000000000000001000000000000000000011 #
#8650
0!
#8660
1!
b000000000000000001111100001110100000000000000000100110011110000000001111011111111110010100001110100000000000000000000000000000000000000010010000010011110000000000000000000000000000000000001111011111111110010100001110100000001000000000000000000100000100100000101000000000000000001001100111100000000000000000000000000000000000110100000000011001111111000000000110000000000000000000100000000000000000001000000000000000000011 #
#8670
0!
#8680
1!
b000000000000000001111100001110100000000000000000100110011110000000001111011111111110010100001110100000000000000000000000000000000000000010010000001111110000000000000000000000100000100010001111011111111110010100001110100001101000000000000000000100000100100000101000000000000000001001100111100000000000000000000000000000000000110100000000011001111111000000000110000000000000000000100000000000000000001000000000000000000011 #
#8690
0!
#8700
1!
b000000000000000001111100001110100000000000000000100110011110000000001011111100000000001110000000000100000000000000000000000000000000000010001000010011110000000000000000000000000000000000001011111100000000001110000000000100001000000000000000000100000100010000101000000000000000001001100111100000000000000000000000000000000000110100000000011001111111000000000110000000000000000000100000000000000000001000000000000000000011 #
#8710
0!
#8720
1!
b000000000000000001111100001110100000000000000000100110011110000000001011111100000000001110000000000100000000000000000000000000000000000010001000001111110000000000000000000000100000100011001011111100000000001110000000000101101000000000000000000100000100010000101000000000000000001001100111100000000000000000000000000000000000110100000000011001111111000000000110000000000000000000100000000000000000001000000000000000000011 #
#8730
0!
#8740
1!
b000000000000000001111100001110100000000000000000100110011110000000001111001000001111110100011111110000000000000000000000000000000000000010001100010011110000000000000000000000000000000000001111001000001111110100011111110000001000000000000000000100000100011000101000000000000000001001100111100000000000000000000000000000000000110100000000011001111111000000000110000000000000000000100000000000000000001000000000000000000011 #
#8750
0!
#8760
1!
b000000000000000001111100001110100000000000000000100110011110000000001111001000001111110100011111110000000000000000000000000000000000000010001100001111110000000000000000000000100000100100001111001000001111110100011111110001101000000000000000000100000100011000101000000000000000001001100111100000000000000000000000000000000000110100000000011001111111000000000110000000000000000000100000000000000000001000000000000000000011 #
#8770
0!
#8780
1!
b000000000000000001111100001110100000000000000000100110011110000000001111011111111110010100001110100000000000000000000000000000000000000010010000010011110000000000000000000000000000000000001111011111111110010100001110100000001000000000000000000100000100100000101000000000000000001001100111100000000000000000000000000000000000110100000000011001111111000000000110000000000000000000100000000000000000001000000000000000000011 #
#8790
0!
#8800
1!
b000000000000000001111100001110100000000000000000100110011110000000001111011111111110010100001110100000000000000000000000000000000000000010010000001111110000000000000000000000100000100010001111011111111110010100001110100001101000000000000000000100000100100000101000000000000000001001100111100000000000000000000000000000000000110100000000011001111111000000000110000000000000000000100000000000000000001000000000000000000011 #
#8810
0!
#8820
1!
b000000000000000001111100001110100000000000000000100110011110000000001011111100000000001110000000000100000000000000000000000000000000000010001000010011110000000000000000000000000000000000001011111100000000001110000000000100001000000000000000000100000100010000101000000000000000001001100111100000000000000000000000000000000000110100000000011001111111000000000110000000000000000000100000000000000000001000000000000000000011 #
#8830
0!
#8840
1!
b000000000000000001111100001110100000000000000000100110011110000000001011111100000000001110000000000100000000000000000000000000000000000010001000001111110000000000000000000000100000100011001011111100000000001110000000000101101000000000000000000100000100010000101000000000000000001001100111100000000000000000000000000000000000110100000000011001111111000000000110000000000000000000100000000000000000001000000000000000000011 #
#8850
0!
#8860
1!
b000000000000000001111100001110100000000000000000100110011110000000001111001000001111110100011111110000000000000000000000000000000000000010001100010011110000000000000000000000000000000000001111001000001111110100011111110000001000000000000000000100000100011000101000000000000000001001100111100000000000000000000000000000000000110100000000011001111111000000000110000000000000000000100000000000000000001000000000000000000011 #
#8870
0!
#8880
1!
b000000000000000001111100001110100000000000000000100110011110000000001111001000001111110100011111110000000000000000000000000000000000000010001100001111110000000000000000000000100000100100001111001000001111110100011111110001101000000000000000000100000100011000101000000000000000001001100111100000000000000000000000000000000000110100000000011001111111000000000110000000000000000000100000000000000000001000000000000000000011 #
#8890
0!
#8900
1!
b000000000000000001111100001110100000000000000000100110011110000000001111011111111110010100001110100000000000000000000000000000000000000010010000010011110000000000000000000000000000000000001111011111111110010100001110100000001000000000000000000100000100100000101000000000000000001001100111100000000000000000000000000000000000110100000000011001111111000000000110000000000000000000100000000000000000001000000000000000000011 #
#8910
0!
#8920
1!
b000000000000000001111100001110100000000000000000100110011110000000001111011111111110010100001110100000000000000000000000000000000000000010010000001111110000000000000000000000100000100010001111011111111110010100001110100001101000000000000000000100000100100000101000000000000000001001100111100000000000000000000000000000000000110100000000011001111111000000000110000000000000000000100000000000000000001000000000000000000011 #
#8930
0!
#8940
1!
b000000000000000001111100001110100000000000000000100110011110000000001011111100000000001110000000000100000000000000000000000000000000000010001000010011110000000000000000000000000000000000001011111100000000001110000000000100001000000000000000000100000100010000101000000000000000001001100111100000000000000000000000000000000000110100000000011001111111000000000110000000000000000000100000000000000000001000000000000000000011 #
#8950
0!
#8960
1!
b000000000000000001111100001110100000000000000000100110011110000000001011111100000000001110000000000100000000000000000000000000000000000010001000001111110000000000000000000000100000100011001011111100000000001110000000000101101000000000000000000100000100010000101000000000000000001001100111100000000000000000000000000000000000110100000000011001111111000000000110000000000000000000100000000000000000001000000000000000000011 #
#8970
0!
#8980
1!
b000000000000000001111100001110100000000000000000100110011110000000001111001000001111110100011111110000000000000000000000000000000000000010001100010011110000000000000000000000000000000000001111001000001111110100011111110000001000000000000000000100000100011000101000000000000000001001100111100000000000000000000000000000000000110100000000011001111111000000000110000000000000000000100000000000000000001000000000000000000011 #
#8990
0!
#9000
1!
b000000000000000001111100001110100000000000000000100110011110000000001111001000001111110100011111110000000000000000000000000000000000000010001100001111110000000000000000000000100000100100001111001000001111110100011111110001101000000000000000000100000100011000101000000000000000001001100111100000000000000000000000000000000000110100000000011001111111000000000110000000000000000000100000000000000000001000000000000000000011 #
#9010
0!
#9020
1!
b000000000000000001111100001110100000000000000000100110011110000000001111011111111110010100001110100000000000000000000000000000000000000010010000010011110000000000000000000000000000000000001111011111111110010100001110100000001000000000000000000100000100100000101000000000000000001001100111100000000000000000000000000000000000110100000000011001111111000000000110000000000000000000100000000000000000001000000000000000000011 #
#9030
0!
#9040
1!
b000000000000000001111100001110100000000000000000100110011110000000001111011111111110010100001110100000000000000000000000000000000000000010010000001111110000000000000000000000100000100010001111011111111110010100001110100001101000000000000000000100000100100000101000000000000000001001100111100000000000000000000000000000000000110100000000011001111111000000000110000000000000000000100000000000000000001000000000000000000011 #
#9050
0!
#9060
1!
b000000000000000001111100001110100000000000000000100110011110000000001011111100000000001110000000000100000000000000000000000000000000000010001000010011110000000000000000000000000000000000001011111100000000001110000000000100001000000000000000000100000100010000101000000000000000001001100111100000000000000000000000000000000000110100000000011001111111000000000110000000000000000000100000000000000000001000000000000000000011 #
#9070
0!
#9080
1!
b000000000000000001111100001110100000000000000000100110011110000000001011111100000000001110000000000100000000000000000000000000000000000010001000001111110000000000000000000000100000100011001011111100000000001110000000000101101000000000000000000100000100010000101000000000000000001001100111100000000000000000000000000000000000110100000000011001111111000000000110000000000000000000100000000000000000001000000000000000000011 #
#9090
0!
#9100
1!
b000000000000000001111100001110100000000000000000100110011110000000001111001000001111110100011111110000000000000000000000000000000000000010001100010011110000000000000000000000000000000000001111001000001111110100011111110000001000000000000000000100000100011000101000000000000000001001100111100000000000000000000000000000000000110100000000011001111111000000000110000000000000000000100000000000000000001000000000000000000011 #
#9110
0!
#9120
1!
b000000000000000001111100001110100000000000000000100110011110000000001111001000001111110100011111110000000000000000000000000000000000000010001100001111110000000000000000000000100000100100001111001000001111110100011111110001101000000000000000000100000100011000101000000000000000001001100111100000000000000000000000000000000000110100000000011001111111000000000110000000000000000000100000000000000000001000000000000000000011 #
#9130
0!
#9140
1!
b000000000000000001111100001110100000000000000000100110011110000000001111011111111110010100001110100000000000000000000000000000000000000010010000010011110000000000000000000000000000000000001111011111111110010100001110100000001000000000000000000100000100100000101000000000000000001001100111100000000000000000000000000000000000110100000000011001111111000000000110000000000000000000100000000000000000001000000000000000000011 #
#9150
0!
#9160
1!
b000000000000000001111100001110100000000000000000100110011110000000001111011111111110010100001110100000000000000000000000000000000000000010010000001111110000000000000000000000100000100010001111011111111110010100001110100001101000000000000000000100000100100000101000000000000000001001100111100000000000000000000000000000000000110100000000011001111111000000000110000000000000000000100000000000000000001000000000000000000011 #
#9170
0!
#9180
1!
b000000000000000001111100001110100000000000000000100110011110000000001011111100000000001110000000000100000000000000000000000000000000000010001000010011110000000000000000000000000000000000001011111100000000001110000000000100001000000000000000000100000100010000101000000000000000001001100111100000000000000000000000000000000000110100000000011001111111000000000110000000000000000000100000000000000000001000000000000000000011 #
#9190
0!
#9200
1!
b000000000000000001111100001110100000000000000000100110011110000000001011111100000000001110000000000100000000000000000000000000000000000010001000001111110000000000000000000000100000100011001011111100000000001110000000000101101000000000000000000100000100010000101000000000000000001001100111100000000000000000000000000000000000110100000000011001111111000000000110000000000000000000100000000000000000001000000000000000000011 #
#9210
0!
#9220
1!
b000000000000000001111100001110100000000000000000100110011110000000001111001000001111110100011111110000000000000000000000000000000000000010001100010011110000000000000000000000000000000000001111001000001111110100011111110000001000000000000000000100000100011000101000000000000000001001100111100000000000000000000000000000000000110100000000011001111111000000000110000000000000000000100000000000000000001000000000000000000011 #
#9230
0!
#9240
1!
b000000000000000001111100001110100000000000000000100110011110000000001111001000001111110100011111110000000000000000000000000000000000000010001100001111110000000000000000000000100000100100001111001000001111110100011111110001101000000000000000000100000100011000101000000000000000001001100111100000000000000000000000000000000000110100000000011001111111000000000110000000000000000000100000000000000000001000000000000000000011 #
#9250
0!
#9260
1!
b000000000000000001111100001110100000000000000000100110011110000000001111011111111110010100001110100000000000000000000000000000000000000010010000010011110000000000000000000000000000000000001111011111111110010100001110100000001000000000000000000100000100100000101000000000000000001001100111100000000000000000000000000000000000110100000000011001111111000000000110000000000000000000100000000000000000001000000000000000000011 #
#9270
0!
#9280
1!
b000000000000000001111100001110100000000000000000100110011110000000001111011111111110010100001110100000000000000000000000000000000000000010010000001111110000000000000000000000100000100010001111011111111110010100001110100001101000000000000000000100000100100000101000000000000000001001100111100000000000000000000000000000000000110100000000011001111111000000000110000000000000000000100000000000000000001000000000000000000011 #
#9290
0!
#9300
1!
b000000000000000001111100001110100000000000000000100110011110000000001011111100000000001110000000000100000000000000000000000000000000000010001000010011110000000000000000000000000000000000001011111100000000001110000000000100001000000000000000000100000100010000101000000000000000001001100111100000000000000000000000000000000000110100000000011001111111000000000110000000000000000000100000000000000000001000000000000000000011 #
#9310
0!
#9320
1!
b000000000000000001111100001110100000000000000000100110011110000000001011111100000000001110000000000100000000000000000000000000000000000010001000001111110000000000000000000000100000100011001011111100000000001110000000000101101000000000000000000100000100010000101000000000000000001001100111100000000000000000000000000000000000110100000000011001111111000000000110000000000000000000100000000000000000001000000000000000000011 #
#9330
0!
#9340
1!
b000000000000000001111100001110100000000000000000100110011110000000001111001000001111110100011111110000000000000000000000000000000000000010001100010011110000000000000000000000000000000000001111001000001111110100011111110000001000000000000000000100000100011000101000000000000000001001100111100000000000000000000000000000000000110100000000011001111111000000000110000000000000000000100000000000000000001000000000000000000011 #
#9350
0!
#9360
1!
b000000000000000001111100001110100000000000000000100110011110000000001111001000001111110100011111110000000000000000000000000000000000000010001100001111110000000000000000000000100000100100001111001000001111110100011111110001101000000000000000000100000100011000101000000000000000001001100111100000000000000000000000000000000000110100000000011001111111000000000110000000000000000000100000000000000000001000000000000000000011 #
#9370
0!
#9380
1!
b000000000000000001111100001110100000000000000000100110011110000000001111011111111110010100001110100000000000000000000000000000000000000010010000010011110000000000000000000000000000000000001111011111111110010100001110100000001000000000000000000100000100100000101000000000000000001001100111100000000000000000000000000000000000110100000000011001111111000000000110000000000000000000100000000000000000001000000000000000000011 #
#9390
0!
#9400
1!
b000000000000000001111100001110100000000000000000100110011110000000001111011111111110010100001110100000000000000000000000000000000000000010010000001111110000000000000000000000100000100010001111011111111110010100001110100001101000000000000000000100000100100000101000000000000000001001100111100000000000000000000000000000000000110100000000011001111111000000000110000000000000000000100000000000000000001000000000000000000011 #
#9410
0!
#9420
1!
b000000000000000001111100001110100000000000000000100110011110000000001011111100000000001110000000000100000000000000000000000000000000000010001000010011110000000000000000000000000000000000001011111100000000001110000000000100001000000000000000000100000100010000101000000000000000001001100111100000000000000000000000000000000000110100000000011001111111000000000110000000000000000000100000000000000000001000000000000000000011 #
#9430
0!
#9440
1!
b000000000000000001111100001110100000000000000000100110011110000000001011111100000000001110000000000100000000000000000000000000000000000010001000001111110000000000000000000000100000100011001011111100000000001110000000000101101000000000000000000100000100010000101000000000000000001001100111100000000000000000000000000000000000110100000000011001111111000000000110000000000000000000100000000000000000001000000000000000000011 #
#9450
0!
#9460
1!
b000000000000000001111100001110100000000000000000100110011110000000001111001000001111110100011111110000000000000000000000000000000000000010001100010011110000000000000000000000000000000000001111001000001111110100011111110000001000000000000000000100000100011000101000000000000000001001100111100000000000000000000000000000000000110100000000011001111111000000000110000000000000000000100000000000000000001000000000000000000011 #
#9470
0!
#9480
1!
b000000000000000001111100001110100000000000000000100110011110000000001111001000001111110100011111110000000000000000000000000000000000000010001100001111110000000000000000000000100000100100001111001000001111110100011111110001101000000000000000000100000100011000101000000000000000001001100111100000000000000000000000000000000000110100000000011001111111000000000110000000000000000000100000000000000000001000000000000000000011 #
#9490
0!
#9500
1!
b000000000000000001111100001110100000000000000000100110011110000000001111011111111110010100001110100000000000000000000000000000000000000010010000010011110000000000000000000000000000000000001111011111111110010100001110100000001000000000000000000100000100100000101000000000000000001001100111100000000000000000000000000000000000110100000000011001111111000000000110000000000000000000100000000000000000001000000000000000000011 #
#9510
0!
#9520
1!
b000000000000000001111100001110100000000000000000100110011110000000001111011111111110010100001110100000000000000000000000000000000000000010010000001111110000000000000000000000100000100010001111011111111110010100001110100001101000000000000000000100000100100000101000000000000000001001100111100000000000000000000000000000000000110100000000011001111111000000000110000000000000000000100000000000000000001000000000000000000011 #
#9530
0!
#9540
1!
b000000000000000001111100001110100000000000000000100110011110000000001011111100000000001110000000000100000000000000000000000000000000000010001000010011110000000000000000000000000000000000001011111100000000001110000000000100001000000000000000000100000100010000101000000000000000001001100111100000000000000000000000000000000000110100000000011001111111000000000110000000000000000000100000000000000000001000000000000000000011 #
#9550
0!
#9560
1!
b000000000000000001111100001110100000000000000000100110011110000000001011111100000000001110000000000100000000000000000000000000000000000010001000001111110000000000000000000000100000100011001011111100000000001110000000000101101000000000000000000100000100010000101000000000000000001001100111100000000000000000000000000000000000110100000000011001111111000000000110000000000000000000100000000000000000001000000000000000000011 #
#9570
0!
#9580
1!
b000000000000000001111100001110100000000000000000100110011110000000001111001000001111110100011111110000000000000000000000000000000000000010001100010011110000000000000000000000000000000000001111001000001111110100011111110000001000000000000000000100000100011000101000000000000000001001100111100000000000000000000000000000000000110100000000011001111111000000000110000000000000000000100000000000000000001000000000000000000011 #
#9590
0!
#9600
1!
b000000000000000001111100001110100000000000000000100110011110000000001111001000001111110100011111110000000000000000000000000000000000000010001100001111110000000000000000000000100000100100001111001000001111110100011111110001101000000000000000000100000100011000101000000000000000001001100111100000000000000000000000000000000000110100000000011001111111000000000110000000000000000000100000000000000000001000000000000000000011 #
#9610
0!
#9620
1!
b000000000000000001111100001110100000000000000000100110011110000000001111011111111110010100001110100000000000000000000000000000000000000010010000010011110000000000000000000000000000000000001111011111111110010100001110100000001000000000000000000100000100100000101000000000000000001001100111100000000000000000000000000000000000110100000000011001111111000000000110000000000000000000100000000000000000001000000000000000000011 #
#9630
0!
#9640
1!
b000000000000000001111100001110100000000000000000100110011110000000001111011111111110010100001110100000000000000000000000000000000000000010010000001111110000000000000000000000100000100010001111011111111110010100001110100001101000000000000000000100000100100000101000000000000000001001100111100000000000000000000000000000000000110100000000011001111111000000000110000000000000000000100000000000000000001000000000000000000011 #
#9650
0!
#9660
1!
b000000000000000001111100001110100000000000000000100110011110000000001011111100000000001110000000000100000000000000000000000000000000000010001000010011110000000000000000000000000000000000001011111100000000001110000000000100001000000000000000000100000100010000101000000000000000001001100111100000000000000000000000000000000000110100000000011001111111000000000110000000000000000000100000000000000000001000000000000000000011 #
#9670
0!
#9680
1!
b000000000000000001111100001110100000000000000000100110011110000000001011111100000000001110000000000100000000000000000000000000000000000010001000001111110000000000000000000000100000100011001011111100000000001110000000000101101000000000000000000100000100010000101000000000000000001001100111100000000000000000000000000000000000110100000000011001111111000000000110000000000000000000100000000000000000001000000000000000000011 #
#9690
0!
#9700
1!
b000000000000000001111100001110100000000000000000100110011110000000001111001000001111110100011111110000000000000000000000000000000000000010001100010011110000000000000000000000000000000000001111001000001111110100011111110000001000000000000000000100000100011000101000000000000000001001100111100000000000000000000000000000000000110100000000011001111111000000000110000000000000000000100000000000000000001000000000000000000011 #
#9710
0!
#9720
1!
b000000000000000001111100001110100000000000000000100110011110000000001111001000001111110100011111110000000000000000000000000000000000000010001100001111110000000000000000000000100000100100001111001000001111110100011111110001101000000000000000000100000100011000101000000000000000001001100111100000000000000000000000000000000000110100000000011001111111000000000110000000000000000000100000000000000000001000000000000000000011 #
#9730
0!
#9740
1!
b000000000000000001111100001110100000000000000000100110011110000000001111011111111110010100001110100000000000000000000000000000000000000010010000010011110000000000000000000000000000000000001111011111111110010100001110100000001000000000000000000100000100100000101000000000000000001001100111100000000000000000000000000000000000110100000000011001111111000000000110000000000000000000100000000000000000001000000000000000000011 #
#9750
0!
#9760
1!
b000000000000000001111100001110100000000000000000100110011110000000001111011111111110010100001110100000000000000000000000000000000000000010010000001111110000000000000000000000100000100010001111011111111110010100001110100001101000000000000000000100000100100000101000000000000000001001100111100000000000000000000000000000000000110100000000011001111111000000000110000000000000000000100000000000000000001000000000000000000011 #
#9770
0!
#9780
1!
b000000000000000001111100001110100000000000000000100110011110000000001011111100000000001110000000000100000000000000000000000000000000000010001000010011110000000000000000000000000000000000001011111100000000001110000000000100001000000000000000000100000100010000101000000000000000001001100111100000000000000000000000000000000000110100000000011001111111000000000110000000000000000000100000000000000000001000000000000000000011 #
#9790
0!
#9800
1!
b000000000000000001111100001110100000000000000000100110011110000000001011111100000000001110000000000100000000000000000000000000000000000010001000001111110000000000000000000000100000100011001011111100000000001110000000000101101000000000000000000100000100010000101000000000000000001001100111100000000000000000000000000000000000110100000000011001111111000000000110000000000000000000100000000000000000001000000000000000000011 #
#9810
0!
#9820
1!
b000000000000000001111100001110100000000000000000100110011110000000001111001000001111110100011111110000000000000000000000000000000000000010001100010011110000000000000000000000000000000000001111001000001111110100011111110000001000000000000000000100000100011000101000000000000000001001100111100000000000000000000000000000000000110100000000011001111111000000000110000000000000000000100000000000000000001000000000000000000011 #
#9830
0!
#9840
1!
b000000000000000001111100001110100000000000000000100110011110000000001111001000001111110100011111110000000000000000000000000000000000000010001100001111110000000000000000000000100000100100001111001000001111110100011111110001101000000000000000000100000100011000101000000000000000001001100111100000000000000000000000000000000000110100000000011001111111000000000110000000000000000000100000000000000000001000000000000000000011 #
#9850
0!
#9860
1!
b000000000000000001111100001110100000000000000000100110011110000000001111011111111110010100001110100000000000000000000000000000000000000010010000010011110000000000000000000000000000000000001111011111111110010100001110100000001000000000000000000100000100100000101000000000000000001001100111100000000000000000000000000000000000110100000000011001111111000000000110000000000000000000100000000000000000001000000000000000000011 #
#9870
0!
#9880
1!
b000000000000000001111100001110100000000000000000100110011110000000001111011111111110010100001110100000000000000000000000000000000000000010010000001111110000000000000000000000100000100010001111011111111110010100001110100001101000000000000000000100000100100000101000000000000000001001100111100000000000000000000000000000000000110100000000011001111111000000000110000000000000000000100000000000000000001000000000000000000011 #
#9890
0!
#9900
1!
b000000000000000001111100001110100000000000000000100110011110000000001011111100000000001110000000000100000000000000000000000000000000000010001000010011110000000000000000000000000000000000001011111100000000001110000000000100001000000000000000000100000100010000101000000000000000001001100111100000000000000000000000000000000000110100000000011001111111000000000110000000000000000000100000000000000000001000000000000000000011 #
#9910
0!
#9920
1!
b000000000000000001111100001110100000000000000000100110011110000000001011111100000000001110000000000100000000000000000000000000000000000010001000001111110000000000000000000000100000100011001011111100000000001110000000000101101000000000000000000100000100010000101000000000000000001001100111100000000000000000000000000000000000110100000000011001111111000000000110000000000000000000100000000000000000001000000000000000000011 #
#9930
0!
#9940
1!
b000000000000000001111100001110100000000000000000100110011110000000001111001000001111110100011111110000000000000000000000000000000000000010001100010011110000000000000000000000000000000000001111001000001111110100011111110000001000000000000000000100000100011000101000000000000000001001100111100000000000000000000000000000000000110100000000011001111111000000000110000000000000000000100000000000000000001000000000000000000011 #
#9950
0!
#9960
1!
b000000000000000001111100001110100000000000000000100110011110000000001111001000001111110100011111110000000000000000000000000000000000000010001100001111110000000000000000000000100000100100001111001000001111110100011111110001101000000000000000000100000100011000101000000000000000001001100111100000000000000000000000000000000000110100000000011001111111000000000110000000000000000000100000000000000000001000000000000000000011 #
#9970
0!
#9980
1!
b000000000000000001111100001110100000000000000000100110011110000000001111011111111110010100001110100000000000000000000000000000000000000010010000010011110000000000000000000000000000000000001111011111111110010100001110100000001000000000000000000100000100100000101000000000000000001001100111100000000000000000000000000000000000110100000000011001111111000000000110000000000000000000100000000000000000001000000000000000000011 #
#9990
0!
#10000
1!
b000000000000000001111100001110100000000000000000100110011110000000001111011111111110010100001110100000000000000000000000000000000000000010010000001111110000000000000000000000100000100010001111011111111110010100001110100001101000000000000000000100000100100000101000000000000000001001100111100000000000000000000000000000000000110100000000011001111111000000000110000000000000000000100000000000000000001000000000000000000011 #
#10010
0!
#10020
1!
b000000000000000001111100001110100000000000000000100110011110000000001011111100000000001110000000000100000000000000000000000000000000000010001000010011110000000000000000000000000000000000001011111100000000001110000000000100001000000000000000000100000100010000101000000000000000001001100111100000000000000000000000000000000000110100000000011001111111000000000110000000000000000000100000000000000000001000000000000000000011 #
#10030
0!
#10040
1!
b000000000000000001111100001110100000000000000000100110011110000000001011111100000000001110000000000100000000000000000000000000000000000010001000001111110000000000000000000000100000100011001011111100000000001110000000000101101000000000000000000100000100010000101000000000000000001001100111100000000000000000000000000000000000110100000000011001111111000000000110000000000000000000100000000000000000001000000000000000000011 #
#10050
0!
#10060
1!
b000000000000000001111100001110100000000000000000100110011110000000001111001000001111110100011111110000000000000000000000000000000000000010001100010011110000000000000000000000000000000000001111001000001111110100011111110000001000000000000000000100000100011000101000000000000000001001100111100000000000000000000000000000000000110100000000011001111111000000000110000000000000000000100000000000000000001000000000000000000011 #
#10070
0!
#10080
1!
b000000000000000001111100001110100000000000000000100110011110000000001111001000001111110100011111110000000000000000000000000000000000000010001100001111110000000000000000000000100000100100001111001000001111110100011111110001101000000000000000000100000100011000101000000000000000001001100111100000000000000000000000000000000000110100000000011001111111000000000110000000000000000000100000000000000000001000000000000000000011 #
#10090
0!
#10100
1!
b000000000000000001111100001110100000000000000000100110011110000000001111011111111110010100001110100000000000000000000000000000000000000010010000010011110000000000000000000000000000000000001111011111111110010100001110100000001000000000000000000100000100100000101000000000000000001001100111100000000000000000000000000000000000110100000000011001111111000000000110000000000000000000100000000000000000001000000000000000000011 #
#10110
0!
#10120
1!
b000000000000000001111100001110100000000000000000100110011110000000001111011111111110010100001110100000000000000000000000000000000000000010010000001111110000000000000000000000100000100010001111011111111110010100001110100001101000000000000000000100000100100000101000000000000000001001100111100000000000000000000000000000000000110100000000011001111111000000000110000000000000000000100000000000000000001000000000000000000011 #
#10130
0!
#10140
1!
b000000000000000001111100001110100000000000000000100110011110000000001011111100000000001110000000000100000000000000000000000000000000000010001000010011110000000000000000000000000000000000001011111100000000001110000000000100001000000000000000000100000100010000101000000000000000001001100111100000000000000000000000000000000000110100000000011001111111000000000110000000000000000000100000000000000000001000000000000000000011 #
#10150
0!
#10160
1!
b000000000000000001111100001110100000000000000000100110011110000000001011111100000000001110000000000100000000000000000000000000000000000010001000001111110000000000000000000000100000100011001011111100000000001110000000000101101000000000000000000100000100010000101000000000000000001001100111100000000000000000000000000000000000110100000000011001111111000000000110000000000000000000100000000000000000001000000000000000000011 #
#10170
0!
#10180
1!
b000000000000000001111100001110100000000000000000100110011110000000001111001000001111110100011111110000000000000000000000000000000000000010001100010011110000000000000000000000000000000000001111001000001111110100011111110000001000000000000000000100000100011000101000000000000000001001100111100000000000000000000000000000000000110100000000011001111111000000000110000000000000000000100000000000000000001000000000000000000011 #
#10190
0!
#10200
1!
b000000000000000001111100001110100000000000000000100110011110000000001111001000001111110100011111110000000000000000000000000000000000000010001100001111110000000000000000000000100000100100001111001000001111110100011111110001101000000000000000000100000100011000101000000000000000001001100111100000000000000000000000000000000000110100000000011001111111000000000110000000000000000000100000000000000000001000000000000000000011 #
#10210
0!
#10220
1!
b000000000000000001111100001110100000000000000000100110011110000000001111011111111110010100001110100000000000000000000000000000000000000010010000010011110000000000000000000000000000000000001111011111111110010100001110100000001000000000000000000100000100100000101000000000000000001001100111100000000000000000000000000000000000110100000000011001111111000000000110000000000000000000100000000000000000001000000000000000000011 #
#10230
0!
#10240
1!
b000000000000000001111100001110100000000000000000100110011110000000001111011111111110010100001110100000000000000000000000000000000000000010010000001111110000000000000000000000100000100010001111011111111110010100001110100001101000000000000000000100000100100000101000000000000000001001100111100000000000000000000000000000000000110100000000011001111111000000000110000000000000000000100000000000000000001000000000000000000011 #
#10250
0!
#10260
1!
b000000000000000001111100001110100000000000000000100110011110000000001011111100000000001110000000000100000000000000000000000000000000000010001000010011110000000000000000000000000000000000001011111100000000001110000000000100001000000000000000000100000100010000101000000000000000001001100111100000000000000000000000000000000000110100000000011001111111000000000110000000000000000000100000000000000000001000000000000000000011 #
#10270
0!
#10280
1!
b000000000000000001111100001110100000000000000000100110011110000000001011111100000000001110000000000100000000000000000000000000000000000010001000001111110000000000000000000000100000100011001011111100000000001110000000000101101000000000000000000100000100010000101000000000000000001001100111100000000000000000000000000000000000110100000000011001111111000000000110000000000000000000100000000000000000001000000000000000000011 #
#10290
0!
#10300
1!
b000000000000000001111100001110100000000000000000100110011110000000001111001000001111110100011111110000000000000000000000000000000000000010001100010011110000000000000000000000000000000000001111001000001111110100011111110000001000000000000000000100000100011000101000000000000000001001100111100000000000000000000000000000000000110100000000011001111111000000000110000000000000000000100000000000000000001000000000000000000011 #
#10310
0!
#10320
1!
b000000000000000001111100001110100000000000000000100110011110000000001111001000001111110100011111110000000000000000000000000000000000000010001100001111110000000000000000000000100000100100001111001000001111110100011111110001101000000000000000000100000100011000101000000000000000001001100111100000000000000000000000000000000000110100000000011001111111000000000110000000000000000000100000000000000000001000000000000000000011 #
#10330
0!
#10340
1!
b000000000000000001111100001110100000000000000000100110011110000000001111011111111110010100001110100000000000000000000000000000000000000010010000010011110000000000000000000000000000000000001111011111111110010100001110100000001000000000000000000100000100100000101000000000000000001001100111100000000000000000000000000000000000110100000000011001111111000000000110000000000000000000100000000000000000001000000000000000000011 #
#10350
0!
#10360
1!
b000000000000000001111100001110100000000000000000100110011110000000001111011111111110010100001110100000000000000000000000000000000000000010010000001111110000000000000000000000100000100010001111011111111110010100001110100001101000000000000000000100000100100000101000000000000000001001100111100000000000000000000000000000000000110100000000011001111111000000000110000000000000000000100000000000000000001000000000000000000011 #
#10370
0!
#10380
1!
b000000000000000001111100001110100000000000000000100110011110000000001011111100000000001110000000000100000000000000000000000000000000000010001000010011110000000000000000000000000000000000001011111100000000001110000000000100001000000000000000000100000100010000101000000000000000001001100111100000000000000000000000000000000000110100000000011001111111000000000110000000000000000000100000000000000000001000000000000000000011 #
#10390
0!
#10400
1!
b000000000000000001111100001110100000000000000000100110011110000000001011111100000000001110000000000100000000000000000000000000000000000010001000001111110000000000000000000000100000100011001011111100000000001110000000000101101000000000000000000100000100010000101000000000000000001001100111100000000000000000000000000000000000110100000000011001111111000000000110000000000000000000100000000000000000001000000000000000000011 #
#10410
0!
#10420
1!
b000000000000000001111100001110100000000000000000100110011110000000001111001000001111110100011111110000000000000000000000000000000000000010001100010011110000000000000000000000000000000000001111001000001111110100011111110000001000000000000000000100000100011000101000000000000000001001100111100000000000000000000000000000000000110100000000011001111111000000000110000000000000000000100000000000000000001000000000000000000011 #
#10430
0!
#10440
1!
b000000000000000001111100001110100000000000000000100110011110000000001111001000001111110100011111110000000000000000000000000000000000000010001100001111110000000000000000000000100000100100001111001000001111110100011111110001101000000000000000000100000100011000101000000000000000001001100111100000000000000000000000000000000000110100000000011001111111000000000110000000000000000000100000000000000000001000000000000000000011 #
#10450
0!
#10460
1!
b000000000000000001111100001110100000000000000000100110011110000000001111011111111110010100001110100000000000000000000000000000000000000010010000010011110000000000000000000000000000000000001111011111111110010100001110100000001000000000000000000100000100100000101000000000000000001001100111100000000000000000000000000000000000110100000000011001111111000000000110000000000000000000100000000000000000001000000000000000000011 #
#10470
0!
#10480
1!
b000000000000000001111100001110100000000000000000100110011110000000001111011111111110010100001110100000000000000000000000000000000000000010010000001111110000000000000000000000100000100010001111011111111110010100001110100001101000000000000000000100000100100000101000000000000000001001100111100000000000000000000000000000000000110100000000011001111111000000000110000000000000000000100000000000000000001000000000000000000011 #
#10490
0!
#10500
1!
b000000000000000001111100001110100000000000000000100110011110000000001011111100000000001110000000000100000000000000000000000000000000000010001000010011110000000000000000000000000000000000001011111100000000001110000000000100001000000000000000000100000100010000101000000000000000001001100111100000000000000000000000000000000000110100000000011001111111000000000110000000000000000000100000000000000000001000000000000000000011 #
#10510
0!
#10520
1!
b000000000000000001111100001110100000000000000000100110011110000000001011111100000000001110000000000100000000000000000000000000000000000010001000001111110000000000000000000000100000100011001011111100000000001110000000000101101000000000000000000100000100010000101000000000000000001001100111100000000000000000000000000000000000110100000000011001111111000000000110000000000000000000100000000000000000001000000000000000000011 #
#10530
0!
#10540
1!
b000000000000000001111100001110100000000000000000100110011110000000001111001000001111110100011111110000000000000000000000000000000000000010001100010011110000000000000000000000000000000000001111001000001111110100011111110000001000000000000000000100000100011000101000000000000000001001100111100000000000000000000000000000000000110100000000011001111111000000000110000000000000000000100000000000000000001000000000000000000011 #
#10550
0!
#10560
1!
b000000000000000001111100001110100000000000000000100110011110000000001111001000001111110100011111110000000000000000000000000000000000000010001100001111110000000000000000000000100000100100001111001000001111110100011111110001101000000000000000000100000100011000101000000000000000001001100111100000000000000000000000000000000000110100000000011001111111000000000110000000000000000000100000000000000000001000000000000000000011 #
#10570
0!
#10580
1!
b000000000000000001111100001110100000000000000000100110011110000000001111011111111110010100001110100000000000000000000000000000000000000010010000010011110000000000000000000000000000000000001111011111111110010100001110100000001000000000000000000100000100100000101000000000000000001001100111100000000000000000000000000000000000110100000000011001111111000000000110000000000000000000100000000000000000001000000000000000000011 #
#10590
0!
#10600
1!
b000000000000000001111100001110100000000000000000100110011110000000001111011111111110010100001110100000000000000000000000000000000000000010010000001111110000000000000000000000100000100010001111011111111110010100001110100001101000000000000000000100000100100000101000000000000000001001100111100000000000000000000000000000000000110100000000011001111111000000000110000000000000000000100000000000000000001000000000000000000011 #
#10610
0!
#10620
1!
b000000000000000001111100001110100000000000000000100110011110000000001011111100000000001110000000000100000000000000000000000000000000000010001000010011110000000000000000000000000000000000001011111100000000001110000000000100001000000000000000000100000100010000101000000000000000001001100111100000000000000000000000000000000000110100000000011001111111000000000110000000000000000000100000000000000000001000000000000000000011 #
#10630
0!
#10640
1!
b000000000000000001111100001110100000000000000000100110011110000000001011111100000000001110000000000100000000000000000000000000000000000010001000001111110000000000000000000000100000100011001011111100000000001110000000000101101000000000000000000100000100010000101000000000000000001001100111100000000000000000000000000000000000110100000000011001111111000000000110000000000000000000100000000000000000001000000000000000000011 #
#10650
0!
#10660
1!
b000000000000000001111100001110100000000000000000100110011110000000001111001000001111110100011111110000000000000000000000000000000000000010001100010011110000000000000000000000000000000000001111001000001111110100011111110000001000000000000000000100000100011000101000000000000000001001100111100000000000000000000000000000000000110100000000011001111111000000000110000000000000000000100000000000000000001000000000000000000011 #
#10670
0!
#10680
1!
b000000000000000001111100001110100000000000000000100110011110000000001111001000001111110100011111110000000000000000000000000000000000000010001100001111110000000000000000000000100000100100001111001000001111110100011111110001101000000000000000000100000100011000101000000000000000001001100111100000000000000000000000000000000000110100000000011001111111000000000110000000000000000000100000000000000000001000000000000000000011 #
#10690
0!
#10700
1!
b000000000000000001111100001110100000000000000000100110011110000000001111011111111110010100001110100000000000000000000000000000000000000010010000010011110000000000000000000000000000000000001111011111111110010100001110100000001000000000000000000100000100100000101000000000000000001001100111100000000000000000000000000000000000110100000000011001111111000000000110000000000000000000100000000000000000001000000000000000000011 #
#10710
0!
#10720
1!
b000000000000000001111100001110100000000000000000100110011110000000001111011111111110010100001110100000000000000000000000000000000000000010010000001111110000000000000000000000100000100010001111011111111110010100001110100001101000000000000000000100000100100000101000000000000000001001100111100000000000000000000000000000000000110100000000011001111111000000000110000000000000000000100000000000000000001000000000000000000011 #
#10730
0!
#10740
1!
b000000000000000001111100001110100000000000000000100110011110000000001011111100000000001110000000000100000000000000000000000000000000000010001000010011110000000000000000000000000000000000001011111100000000001110000000000100001000000000000000000100000100010000101000000000000000001001100111100000000000000000000000000000000000110100000000011001111111000000000110000000000000000000100000000000000000001000000000000000000011 #
#10750
0!
#10760
1!
b000000000000000001111100001110100000000000000000100110011110000000001011111100000000001110000000000100000000000000000000000000000000000010001000001111110000000000000000000000100000100011001011111100000000001110000000000101101000000000000000000100000100010000101000000000000000001001100111100000000000000000000000000000000000110100000000011001111111000000000110000000000000000000100000000000000000001000000000000000000011 #
#10770
0!
#10780
1!
b000000000000000001111100001110100000000000000000100110011110000000001111001000001111110100011111110000000000000000000000000000000000000010001100010011110000000000000000000000000000000000001111001000001111110100011111110000001000000000000000000100000100011000101000000000000000001001100111100000000000000000000000000000000000110100000000011001111111000000000110000000000000000000100000000000000000001000000000000000000011 #
#10790
0!
#10800
1!
b000000000000000001111100001110100000000000000000100110011110000000001111001000001111110100011111110000000000000000000000000000000000000010001100001111110000000000000000000000100000100100001111001000001111110100011111110001101000000000000000000100000100011000101000000000000000001001100111100000000000000000000000000000000000110100000000011001111111000000000110000000000000000000100000000000000000001000000000000000000011 #
#10810
0!
#10820
1!
b000000000000000001111100001110100000000000000000100110011110000000001111011111111110010100001110100000000000000000000000000000000000000010010000010011110000000000000000000000000000000000001111011111111110010100001110100000001000000000000000000100000100100000101000000000000000001001100111100000000000000000000000000000000000110100000000011001111111000000000110000000000000000000100000000000000000001000000000000000000011 #
#10830
0!
#10840
1!
b000000000000000001111100001110100000000000000000100110011110000000001111011111111110010100001110100000000000000000000000000000000000000010010000001111110000000000000000000000100000100010001111011111111110010100001110100001101000000000000000000100000100100000101000000000000000001001100111100000000000000000000000000000000000110100000000011001111111000000000110000000000000000000100000000000000000001000000000000000000011 #
#10850
0!
#10860
1!
b000000000000000001111100001110100000000000000000100110011110000000001011111100000000001110000000000100000000000000000000000000000000000010001000010011110000000000000000000000000000000000001011111100000000001110000000000100001000000000000000000100000100010000101000000000000000001001100111100000000000000000000000000000000000110100000000011001111111000000000110000000000000000000100000000000000000001000000000000000000011 #
#10870
0!
#10880
1!
b000000000000000001111100001110100000000000000000100110011110000000001011111100000000001110000000000100000000000000000000000000000000000010001000001111110000000000000000000000100000100011001011111100000000001110000000000101101000000000000000000100000100010000101000000000000000001001100111100000000000000000000000000000000000110100000000011001111111000000000110000000000000000000100000000000000000001000000000000000000011 #
#10890
0!
#10900
1!
b000000000000000001111100001110100000000000000000100110011110000000001111001000001111110100011111110000000000000000000000000000000000000010001100010011110000000000000000000000000000000000001111001000001111110100011111110000001000000000000000000100000100011000101000000000000000001001100111100000000000000000000000000000000000110100000000011001111111000000000110000000000000000000100000000000000000001000000000000000000011 #
#10910
0!
#10920
1!
b000000000000000001111100001110100000000000000000100110011110000000001111001000001111110100011111110000000000000000000000000000000000000010001100001111110000000000000000000000100000100100001111001000001111110100011111110001101000000000000000000100000100011000101000000000000000001001100111100000000000000000000000000000000000110100000000011001111111000000000110000000000000000000100000000000000000001000000000000000000011 #
#10930
0!
#10940
1!
b000000000000000001111100001110100000000000000000100110011110000000001111011111111110010100001110100000000000000000000000000000000000000010010000010011110000000000000000000000000000000000001111011111111110010100001110100000001000000000000000000100000100100000101000000000000000001001100111100000000000000000000000000000000000110100000000011001111111000000000110000000000000000000100000000000000000001000000000000000000011 #
#10950
0!
#10960
1!
b000000000000000001111100001110100000000000000000100110011110000000001111011111111110010100001110100000000000000000000000000000000000000010010000001111110000000000000000000000100000100010001111011111111110010100001110100001101000000000000000000100000100100000101000000000000000001001100111100000000000000000000000000000000000110100000000011001111111000000000110000000000000000000100000000000000000001000000000000000000011 #
#10970
0!
#10980
1!
b000000000000000001111100001110100000000000000000100110011110000000001011111100000000001110000000000100000000000000000000000000000000000010001000010011110000000000000000000000000000000000001011111100000000001110000000000100001000000000000000000100000100010000101000000000000000001001100111100000000000000000000000000000000000110100000000011001111111000000000110000000000000000000100000000000000000001000000000000000000011 #
#10990
0!
#11000
1!
b000000000000000001111100001110100000000000000000100110011110000000001011111100000000001110000000000100000000000000000000000000000000000010001000001111110000000000000000000000100000100011001011111100000000001110000000000101101000000000000000000100000100010000101000000000000000001001100111100000000000000000000000000000000000110100000000011001111111000000000110000000000000000000100000000000000000001000000000000000000011 #
#11010
0!
#11020
1!
b000000000000000001111100001110100000000000000000100110011110000000001111001000001111110100011111110000000000000000000000000000000000000010001100010011110000000000000000000000000000000000001111001000001111110100011111110000001000000000000000000100000100011000101000000000000000001001100111100000000000000000000000000000000000110100000000011001111111000000000110000000000000000000100000000000000000001000000000000000000011 #
#11030
0!
#11040
1!
b000000000000000001111100001110100000000000000000100110011110000000001111001000001111110100011111110000000000000000000000000000000000000010001100001111110000000000000000000000100000100100001111001000001111110100011111110001101000000000000000000100000100011000101000000000000000001001100111100000000000000000000000000000000000110100000000011001111111000000000110000000000000000000100000000000000000001000000000000000000011 #
#11050
0!
#11060
1!
b000000000000000001111100001110100000000000000000100110011110000000001111011111111110010100001110100000000000000000000000000000000000000010010000010011110000000000000000000000000000000000001111011111111110010100001110100000001000000000000000000100000100100000101000000000000000001001100111100000000000000000000000000000000000110100000000011001111111000000000110000000000000000000100000000000000000001000000000000000000011 #
#11070
0!
#11080
1!
b000000000000000001111100001110100000000000000000100110011110000000001111011111111110010100001110100000000000000000000000000000000000000010010000001111110000000000000000000000100000100010001111011111111110010100001110100001101000000000000000000100000100100000101000000000000000001001100111100000000000000000000000000000000000110100000000011001111111000000000110000000000000000000100000000000000000001000000000000000000011 #
#11090
0!
#11100
1!
b000000000000000001111100001110100000000000000000100110011110000000001011111100000000001110000000000100000000000000000000000000000000000010001000010011110000000000000000000000000000000000001011111100000000001110000000000100001000000000000000000100000100010000101000000000000000001001100111100000000000000000000000000000000000110100000000011001111111000000000110000000000000000000100000000000000000001000000000000000000011 #
#11110
0!
#11120
1!
b000000000000000001111100001110100000000000000000100110011110000000001011111100000000001110000000000100000000000000000000000000000000000010001000001111110000000000000000000000100000100011001011111100000000001110000000000101101000000000000000000100000100010000101000000000000000001001100111100000000000000000000000000000000000110100000000011001111111000000000110000000000000000000100000000000000000001000000000000000000011 #
#11130
0!
#11140
1!
b000000000000000001111100001110100000000000000000100110011110000000001111001000001111110100011111110000000000000000000000000000000000000010001100010011110000000000000000000000000000000000001111001000001111110100011111110000001000000000000000000100000100011000101000000000000000001001100111100000000000000000000000000000000000110100000000011001111111000000000110000000000000000000100000000000000000001000000000000000000011 #
#11150
0!
#11160
1!
b000000000000000001111100001110100000000000000000100110011110000000001111001000001111110100011111110000000000000000000000000000000000000010001100001111110000000000000000000000100000100100001111001000001111110100011111110001101000000000000000000100000100011000101000000000000000001001100111100000000000000000000000000000000000110100000000011001111111000000000110000000000000000000100000000000000000001000000000000000000011 #
#11170
0!
#11180
1!
b000000000000000001111100001110100000000000000000100110011110000000001111011111111110010100001110100000000000000000000000000000000000000010010000010011110000000000000000000000000000000000001111011111111110010100001110100000001000000000000000000100000100100000101000000000000000001001100111100000000000000000000000000000000000110100000000011001111111000000000110000000000000000000100000000000000000001000000000000000000011 #
#11190
0!
#11200
1!
b000000000000000001111100001110100000000000000000100110011110000000001111011111111110010100001110100000000000000000000000000000000000000010010000001111110000000000000000000000100000100010001111011111111110010100001110100001101000000000000000000100000100100000101000000000000000001001100111100000000000000000000000000000000000110100000000011001111111000000000110000000000000000000100000000000000000001000000000000000000011 #
#11210
0!
#11220
1!
b000000000000000001111100001110100000000000000000100110011110000000001011111100000000001110000000000100000000000000000000000000000000000010001000010011110000000000000000000000000000000000001011111100000000001110000000000100001000000000000000000100000100010000101000000000000000001001100111100000000000000000000000000000000000110100000000011001111111000000000110000000000000000000100000000000000000001000000000000000000011 #
#11230
0!
#11240
1!
b000000000000000001111100001110100000000000000000100110011110000000001011111100000000001110000000000100000000000000000000000000000000000010001000001111110000000000000000000000100000100011001011111100000000001110000000000101101000000000000000000100000100010000101000000000000000001001100111100000000000000000000000000000000000110100000000011001111111000000000110000000000000000000100000000000000000001000000000000000000011 #
#11250
0!
#11260
1!
b000000000000000001111100001110100000000000000000100110011110000000001111001000001111110100011111110000000000000000000000000000000000000010001100010011110000000000000000000000000000000000001111001000001111110100011111110000001000000000000000000100000100011000101000000000000000001001100111100000000000000000000000000000000000110100000000011001111111000000000110000000000000000000100000000000000000001000000000000000000011 #
#11270
0!
#11280
1!
b000000000000000001111100001110100000000000000000100110011110000000001111001000001111110100011111110000000000000000000000000000000000000010001100001111110000000000000000000000100000100100001111001000001111110100011111110001101000000000000000000100000100011000101000000000000000001001100111100000000000000000000000000000000000110100000000011001111111000000000110000000000000000000100000000000000000001000000000000000000011 #
#11290
0!
#11300
1!
b000000000000000001111100001110100000000000000000100110011110000000001111011111111110010100001110100000000000000000000000000000000000000010010000010011110000000000000000000000000000000000001111011111111110010100001110100000001000000000000000000100000100100000101000000000000000001001100111100000000000000000000000000000000000110100000000011001111111000000000110000000000000000000100000000000000000001000000000000000000011 #
#11310
0!
#11320
1!
b000000000000000001111100001110100000000000000000100110011110000000001111011111111110010100001110100000000000000000000000000000000000000010010000001111110000000000000000000000100000100010001111011111111110010100001110100001101000000000000000000100000100100000101000000000000000001001100111100000000000000000000000000000000000110100000000011001111111000000000110000000000000000000100000000000000000001000000000000000000011 #
#11330
0!
#11340
1!
b000000000000000001111100001110100000000000000000100110011110000000001011111100000000001110000000000100000000000000000000000000000000000010001000010011110000000000000000000000000000000000001011111100000000001110000000000100001000000000000000000100000100010000101000000000000000001001100111100000000000000000000000000000000000110100000000011001111111000000000110000000000000000000100000000000000000001000000000000000000011 #
#11350
0!
#11360
1!
b000000000000000001111100001110100000000000000000100110011110000000001011111100000000001110000000000100000000000000000000000000000000000010001000001111110000000000000000000000100000100011001011111100000000001110000000000101101000000000000000000100000100010000101000000000000000001001100111100000000000000000000000000000000000110100000000011001111111000000000110000000000000000000100000000000000000001000000000000000000011 #
#11370
0!
#11380
1!
b000000000000000001111100001110100000000000000000100110011110000000001111001000001111110100011111110000000000000000000000000000000000000010001100010011110000000000000000000000000000000000001111001000001111110100011111110000001000000000000000000100000100011000101000000000000000001001100111100000000000000000000000000000000000110100000000011001111111000000000110000000000000000000100000000000000000001000000000000000000011 #
#11390
0!
#11400
1!
b000000000000000001111100001110100000000000000000100110011110000000001111001000001111110100011111110000000000000000000000000000000000000010001100001111110000000000000000000000100000100100001111001000001111110100011111110001101000000000000000000100000100011000101000000000000000001001100111100000000000000000000000000000000000110100000000011001111111000000000110000000000000000000100000000000000000001000000000000000000011 #
#11410
0!
#11420
1!
b000000000000000001111100001110100000000000000000100110011110000000001111011111111110010100001110100000000000000000000000000000000000000010010000010011110000000000000000000000000000000000001111011111111110010100001110100000001000000000000000000100000100100000101000000000000000001001100111100000000000000000000000000000000000110100000000011001111111000000000110000000000000000000100000000000000000001000000000000000000011 #
#11430
0!
#11440
1!
b000000000000000001111100001110100000000000000000100110011110000000001111011111111110010100001110100000000000000000000000000000000000000010010000001111110000000000000000000000100000100010001111011111111110010100001110100001101000000000000000000100000100100000101000000000000000001001100111100000000000000000000000000000000000110100000000011001111111000000000110000000000000000000100000000000000000001000000000000000000011 #
#11450
0!
#11460
1!
b000000000000000001111100001110100000000000000000100110011110000000001011111100000000001110000000000100000000000000000000000000000000000010001000010011110000000000000000000000000000000000001011111100000000001110000000000100001000000000000000000100000100010000101000000000000000001001100111100000000000000000000000000000000000110100000000011001111111000000000110000000000000000000100000000000000000001000000000000000000011 #
#11470
0!
#11480
1!
b000000000000000001111100001110100000000000000000100110011110000000001011111100000000001110000000000100000000000000000000000000000000000010001000001111110000000000000000000000100000100011001011111100000000001110000000000101101000000000000000000100000100010000101000000000000000001001100111100000000000000000000000000000000000110100000000011001111111000000000110000000000000000000100000000000000000001000000000000000000011 #
#11490
0!
#11500
1!
b000000000000000001111100001110100000000000000000100110011110000000001111001000001111110100011111110000000000000000000000000000000000000010001100010011110000000000000000000000000000000000001111001000001111110100011111110000001000000000000000000100000100011000101000000000000000001001100111100000000000000000000000000000000000110100000000011001111111000000000110000000000000000000100000000000000000001000000000000000000011 #
#11510
0!
#11520
1!
b000000000000000001111100001110100000000000000000100110011110000000001111001000001111110100011111110000000000000000000000000000000000000010001100001111110000000000000000000000100000100100001111001000001111110100011111110001101000000000000000000100000100011000101000000000000000001001100111100000000000000000000000000000000000110100000000011001111111000000000110000000000000000000100000000000000000001000000000000000000011 #
#11530
0!
#11540
1!
b000000000000000001111100001110100000000000000000100110011110000000001111011111111110010100001110100000000000000000000000000000000000000010010000010011110000000000000000000000000000000000001111011111111110010100001110100000001000000000000000000100000100100000101000000000000000001001100111100000000000000000000000000000000000110100000000011001111111000000000110000000000000000000100000000000000000001000000000000000000011 #
#11550
0!
#11560
1!
b000000000000000001111100001110100000000000000000100110011110000000001111011111111110010100001110100000000000000000000000000000000000000010010000001111110000000000000000000000100000100010001111011111111110010100001110100001101000000000000000000100000100100000101000000000000000001001100111100000000000000000000000000000000000110100000000011001111111000000000110000000000000000000100000000000000000001000000000000000000011 #
#11570
0!
#11580
1!
b000000000000000001111100001110100000000000000000100110011110000000001011111100000000001110000000000100000000000000000000000000000000000010001000010011110000000000000000000000000000000000001011111100000000001110000000000100001000000000000000000100000100010000101000000000000000001001100111100000000000000000000000000000000000110100000000011001111111000000000110000000000000000000100000000000000000001000000000000000000011 #
#11590
0!
#11600
1!
b000000000000000001111100001110100000000000000000100110011110000000001011111100000000001110000000000100000000000000000000000000000000000010001000001111110000000000000000000000100000100011001011111100000000001110000000000101101000000000000000000100000100010000101000000000000000001001100111100000000000000000000000000000000000110100000000011001111111000000000110000000000000000000100000000000000000001000000000000000000011 #
#11610
0!
#11620
1!
b000000000000000001111100001110100000000000000000100110011110000000001111001000001111110100011111110000000000000000000000000000000000000010001100010011110000000000000000000000000000000000001111001000001111110100011111110000001000000000000000000100000100011000101000000000000000001001100111100000000000000000000000000000000000110100000000011001111111000000000110000000000000000000100000000000000000001000000000000000000011 #
#11630
0!
#11640
1!
b000000000000000001111100001110100000000000000000100110011110000000001111001000001111110100011111110000000000000000000000000000000000000010001100001111110000000000000000000000100000100100001111001000001111110100011111110001101000000000000000000100000100011000101000000000000000001001100111100000000000000000000000000000000000110100000000011001111111000000000110000000000000000000100000000000000000001000000000000000000011 #
#11650
0!
#11660
1!
b000000000000000001111100001110100000000000000000100110011110000000001111011111111110010100001110100000000000000000000000000000000000000010010000010011110000000000000000000000000000000000001111011111111110010100001110100000001000000000000000000100000100100000101000000000000000001001100111100000000000000000000000000000000000110100000000011001111111000000000110000000000000000000100000000000000000001000000000000000000011 #
#11670
0!
#11680
1!
b000000000000000001111100001110100000000000000000100110011110000000001111011111111110010100001110100000000000000000000000000000000000000010010000001111110000000000000000000000100000100010001111011111111110010100001110100001101000000000000000000100000100100000101000000000000000001001100111100000000000000000000000000000000000110100000000011001111111000000000110000000000000000000100000000000000000001000000000000000000011 #
#11690
0!
#11700
1!
b000000000000000001111100001110100000000000000000100110011110000000001011111100000000001110000000000100000000000000000000000000000000000010001000010011110000000000000000000000000000000000001011111100000000001110000000000100001000000000000000000100000100010000101000000000000000001001100111100000000000000000000000000000000000110100000000011001111111000000000110000000000000000000100000000000000000001000000000000000000011 #
#11710
0!
#11720
1!
b000000000000000001111100001110100000000000000000100110011110000000001011111100000000001110000000000100000000000000000000000000000000000010001000001111110000000000000000000000100000100011001011111100000000001110000000000101101000000000000000000100000100010000101000000000000000001001100111100000000000000000000000000000000000110100000000011001111111000000000110000000000000000000100000000000000000001000000000000000000011 #
#11730
0!
#11740
1!
b000000000000000001111100001110100000000000000000100110011110000000001111001000001111110100011111110000000000000000000000000000000000000010001100010011110000000000000000000000000000000000001111001000001111110100011111110000001000000000000000000100000100011000101000000000000000001001100111100000000000000000000000000000000000110100000000011001111111000000000110000000000000000000100000000000000000001000000000000000000011 #
#11750
0!
#11760
1!
b000000000000000001111100001110100000000000000000100110011110000000001111001000001111110100011111110000000000000000000000000000000000000010001100001111110000000000000000000000100000100100001111001000001111110100011111110001101000000000000000000100000100011000101000000000000000001001100111100000000000000000000000000000000000110100000000011001111111000000000110000000000000000000100000000000000000001000000000000000000011 #
#11770
0!
#11780
1!
b000000000000000001111100001110100000000000000000100110011110000000001111011111111110010100001110100000000000000000000000000000000000000010010000010011110000000000000000000000000000000000001111011111111110010100001110100000001000000000000000000100000100100000101000000000000000001001100111100000000000000000000000000000000000110100000000011001111111000000000110000000000000000000100000000000000000001000000000000000000011 #
#11790
0!
#11800
1!
b000000000000000001111100001110100000000000000000100110011110000000001111011111111110010100001110100000000000000000000000000000000000000010010000001111110000000000000000000000100000100010001111011111111110010100001110100001101000000000000000000100000100100000101000000000000000001001100111100000000000000000000000000000000000110100000000011001111111000000000110000000000000000000100000000000000000001000000000000000000011 #
#11810
0!
#11820
1!
b000000000000000001111100001110100000000000000000100110011110000000001011111100000000001110000000000100000000000000000000000000000000000010001000010011110000000000000000000000000000000000001011111100000000001110000000000100001000000000000000000100000100010000101000000000000000001001100111100000000000000000000000000000000000110100000000011001111111000000000110000000000000000000100000000000000000001000000000000000000011 #
#11830
0!
#11840
1!
b000000000000000001111100001110100000000000000000100110011110000000001011111100000000001110000000000100000000000000000000000000000000000010001000001111110000000000000000000000100000100011001011111100000000001110000000000101101000000000000000000100000100010000101000000000000000001001100111100000000000000000000000000000000000110100000000011001111111000000000110000000000000000000100000000000000000001000000000000000000011 #
#11850
0!
#11860
1!
b000000000000000001111100001110100000000000000000100110011110000000001111001000001111110100011111110000000000000000000000000000000000000010001100010011110000000000000000000000000000000000001111001000001111110100011111110000001000000000000000000100000100011000101000000000000000001001100111100000000000000000000000000000000000110100000000011001111111000000000110000000000000000000100000000000000000001000000000000000000011 #
#11870
0!
#11880
1!
b000000000000000001111100001110100000000000000000100110011110000000001111001000001111110100011111110000000000000000000000000000000000000010001100001111110000000000000000000000100000100100001111001000001111110100011111110001101000000000000000000100000100011000101000000000000000001001100111100000000000000000000000000000000000110100000000011001111111000000000110000000000000000000100000000000000000001000000000000000000011 #
#11890
0!
#11900
1!
b000000000000000001111100001110100000000000000000100110011110000000001111011111111110010100001110100000000000000000000000000000000000000010010000010011110000000000000000000000000000000000001111011111111110010100001110100000001000000000000000000100000100100000101000000000000000001001100111100000000000000000000000000000000000110100000000011001111111000000000110000000000000000000100000000000000000001000000000000000000011 #
#11910
0!
#11920
1!
b000000000000000001111100001110100000000000000000100110011110000000001111011111111110010100001110100000000000000000000000000000000000000010010000001111110000000000000000000000100000100010001111011111111110010100001110100001101000000000000000000100000100100000101000000000000000001001100111100000000000000000000000000000000000110100000000011001111111000000000110000000000000000000100000000000000000001000000000000000000011 #
#11930
0!
#11940
1!
b000000000000000001111100001110100000000000000000100110011110000000001011111100000000001110000000000100000000000000000000000000000000000010001000010011110000000000000000000000000000000000001011111100000000001110000000000100001000000000000000000100000100010000101000000000000000001001100111100000000000000000000000000000000000110100000000011001111111000000000110000000000000000000100000000000000000001000000000000000000011 #
#11950
0!
#11960
1!
b000000000000000001111100001110100000000000000000100110011110000000001011111100000000001110000000000100000000000000000000000000000000000010001000001111110000000000000000000000100000100011001011111100000000001110000000000101101000000000000000000100000100010000101000000000000000001001100111100000000000000000000000000000000000110100000000011001111111000000000110000000000000000000100000000000000000001000000000000000000011 #
#11970
0!
#11980
1!
b000000000000000001111100001110100000000000000000100110011110000000001111001000001111110100011111110000000000000000000000000000000000000010001100010011110000000000000000000000000000000000001111001000001111110100011111110000001000000000000000000100000100011000101000000000000000001001100111100000000000000000000000000000000000110100000000011001111111000000000110000000000000000000100000000000000000001000000000000000000011 #
#11990
0!
#12000
1!
b000000000000000001111100001110100000000000000000100110011110000000001111001000001111110100011111110000000000000000000000000000000000000010001100001111110000000000000000000000100000100100001111001000001111110100011111110001101000000000000000000100000100011000101000000000000000001001100111100000000000000000000000000000000000110100000000011001111111000000000110000000000000000000100000000000000000001000000000000000000011 #
#12010
0!
#12020
1!
b000000000000000001111100001110100000000000000000100110011110000000001111011111111110010100001110100000000000000000000000000000000000000010010000010011110000000000000000000000000000000000001111011111111110010100001110100000001000000000000000000100000100100000101000000000000000001001100111100000000000000000000000000000000000110100000000011001111111000000000110000000000000000000100000000000000000001000000000000000000011 #
#12030
0!
#12040
1!
b000000000000000001111100001110100000000000000000100110011110000000001111011111111110010100001110100000000000000000000000000000000000000010010000001111110000000000000000000000100000100010001111011111111110010100001110100001101000000000000000000100000100100000101000000000000000001001100111100000000000000000000000000000000000110100000000011001111111000000000110000000000000000000100000000000000000001000000000000000000011 #
#12050
0!
#12060
1!
b000000000000000001111100001110100000000000000000100110011110000000001011111100000000001110000000000100000000000000000000000000000000000010001000010011110000000000000000000000000000000000001011111100000000001110000000000100001000000000000000000100000100010000101000000000000000001001100111100000000000000000000000000000000000110100000000011001111111000000000110000000000000000000100000000000000000001000000000000000000011 #
#12070
0!
#12080
1!
b000000000000000001111100001110100000000000000000100110011110000000001011111100000000001110000000000100000000000000000000000000000000000010001000001111110000000000000000000000100000100011001011111100000000001110000000000101101000000000000000000100000100010000101000000000000000001001100111100000000000000000000000000000000000110100000000011001111111000000000110000000000000000000100000000000000000001000000000000000000011 #
#12090
0!
#12100
1!
b000000000000000001111100001110100000000000000000100110011110000000001111001000001111110100011111110000000000000000000000000000000000000010001100010011110000000000000000000000000000000000001111001000001111110100011111110000001000000000000000000100000100011000101000000000000000001001100111100000000000000000000000000000000000110100000000011001111111000000000110000000000000000000100000000000000000001000000000000000000011 #
#12110
0!
#12120
1!
b000000000000000001111100001110100000000000000000100110011110000000001111001000001111110100011111110000000000000000000000000000000000000010001100001111110000000000000000000000100000100100001111001000001111110100011111110001101000000000000000000100000100011000101000000000000000001001100111100000000000000000000000000000000000110100000000011001111111000000000110000000000000000000100000000000000000001000000000000000000011 #
#12130
0!
#12140
1!
b000000000000000001111100001110100000000000000000100110011110000000001111011111111110010100001110100000000000000000000000000000000000000010010000010011110000000000000000000000000000000000001111011111111110010100001110100000001000000000000000000100000100100000101000000000000000001001100111100000000000000000000000000000000000110100000000011001111111000000000110000000000000000000100000000000000000001000000000000000000011 #
#12150
0!
#12160
1!
b000000000000000001111100001110100000000000000000100110011110000000001111011111111110010100001110100000000000000000000000000000000000000010010000001111110000000000000000000000100000100010001111011111111110010100001110100001101000000000000000000100000100100000101000000000000000001001100111100000000000000000000000000000000000110100000000011001111111000000000110000000000000000000100000000000000000001000000000000000000011 #
#12170
0!
#12180
1!
b000000000000000001111100001110100000000000000000100110011110000000001011111100000000001110000000000100000000000000000000000000000000000010001000010011110000000000000000000000000000000000001011111100000000001110000000000100001000000000000000000100000100010000101000000000000000001001100111100000000000000000000000000000000000110100000000011001111111000000000110000000000000000000100000000000000000001000000000000000000011 #
#12190
0!
#12200
1!
b000000000000000001111100001110100000000000000000100110011110000000001011111100000000001110000000000100000000000000000000000000000000000010001000001111110000000000000000000000100000100011001011111100000000001110000000000101101000000000000000000100000100010000101000000000000000001001100111100000000000000000000000000000000000110100000000011001111111000000000110000000000000000000100000000000000000001000000000000000000011 #
#12210
0!
#12220
1!
b000000000000000001111100001110100000000000000000100110011110000000001111001000001111110100011111110000000000000000000000000000000000000010001100010011110000000000000000000000000000000000001111001000001111110100011111110000001000000000000000000100000100011000101000000000000000001001100111100000000000000000000000000000000000110100000000011001111111000000000110000000000000000000100000000000000000001000000000000000000011 #
#12230
0!
#12240
1!
b000000000000000001111100001110100000000000000000100110011110000000001111001000001111110100011111110000000000000000000000000000000000000010001100001111110000000000000000000000100000100100001111001000001111110100011111110001101000000000000000000100000100011000101000000000000000001001100111100000000000000000000000000000000000110100000000011001111111000000000110000000000000000000100000000000000000001000000000000000000011 #
#12250
0!
#12260
1!
b000000000000000001111100001110100000000000000000100110011110000000001111011111111110010100001110100000000000000000000000000000000000000010010000010011110000000000000000000000000000000000001111011111111110010100001110100000001000000000000000000100000100100000101000000000000000001001100111100000000000000000000000000000000000110100000000011001111111000000000110000000000000000000100000000000000000001000000000000000000011 #
#12270
0!
#12280
1!
b000000000000000001111100001110100000000000000000100110011110000000001111011111111110010100001110100000000000000000000000000000000000000010010000001111110000000000000000000000100000100010001111011111111110010100001110100001101000000000000000000100000100100000101000000000000000001001100111100000000000000000000000000000000000110100000000011001111111000000000110000000000000000000100000000000000000001000000000000000000011 #
#12290
0!
#12300
1!
b000000000000000001111100001110100000000000000000100110011110000000001011111100000000001110000000000100000000000000000000000000000000000010001000010011110000000000000000000000000000000000001011111100000000001110000000000100001000000000000000000100000100010000101000000000000000001001100111100000000000000000000000000000000000110100000000011001111111000000000110000000000000000000100000000000000000001000000000000000000011 #
#12310
0!
#12320
1!
b000000000000000001111100001110100000000000000000100110011110000000001011111100000000001110000000000100000000000000000000000000000000000010001000001111110000000000000000000000100000100011001011111100000000001110000000000101101000000000000000000100000100010000101000000000000000001001100111100000000000000000000000000000000000110100000000011001111111000000000110000000000000000000100000000000000000001000000000000000000011 #
#12330
0!
#12340
1!
b000000000000000001111100001110100000000000000000100110011110000000001111001000001111110100011111110000000000000000000000000000000000000010001100010011110000000000000000000000000000000000001111001000001111110100011111110000001000000000000000000100000100011000101000000000000000001001100111100000000000000000000000000000000000110100000000011001111111000000000110000000000000000000100000000000000000001000000000000000000011 #
#12350
0!
#12360
1!
b000000000000000001111100001110100000000000000000100110011110000000001111001000001111110100011111110000000000000000000000000000000000000010001100001111110000000000000000000000100000100100001111001000001111110100011111110001101000000000000000000100000100011000101000000000000000001001100111100000000000000000000000000000000000110100000000011001111111000000000110000000000000000000100000000000000000001000000000000000000011 #
#12370
0!
#12380
1!
b000000000000000001111100001110100000000000000000100110011110000000001111011111111110010100001110100000000000000000000000000000000000000010010000010011110000000000000000000000000000000000001111011111111110010100001110100000001000000000000000000100000100100000101000000000000000001001100111100000000000000000000000000000000000110100000000011001111111000000000110000000000000000000100000000000000000001000000000000000000011 #
#12390
0!
#12400
1!
b000000000000000001111100001110100000000000000000100110011110000000001111011111111110010100001110100000000000000000000000000000000000000010010000001111110000000000000000000000100000100010001111011111111110010100001110100001101000000000000000000100000100100000101000000000000000001001100111100000000000000000000000000000000000110100000000011001111111000000000110000000000000000000100000000000000000001000000000000000000011 #
#12410
0!
#12420
1!
b000000000000000001111100001110100000000000000000100110011110000000001011111100000000001110000000000100000000000000000000000000000000000010001000010011110000000000000000000000000000000000001011111100000000001110000000000100001000000000000000000100000100010000101000000000000000001001100111100000000000000000000000000000000000110100000000011001111111000000000110000000000000000000100000000000000000001000000000000000000011 #
#12430
0!
#12440
1!
b000000000000000001111100001110100000000000000000100110011110000000001011111100000000001110000000000100000000000000000000000000000000000010001000001111110000000000000000000000100000100011001011111100000000001110000000000101101000000000000000000100000100010000101000000000000000001001100111100000000000000000000000000000000000110100000000011001111111000000000110000000000000000000100000000000000000001000000000000000000011 #
#12450
0!
#12460
1!
b000000000000000001111100001110100000000000000000100110011110000000001111001000001111110100011111110000000000000000000000000000000000000010001100010011110000000000000000000000000000000000001111001000001111110100011111110000001000000000000000000100000100011000101000000000000000001001100111100000000000000000000000000000000000110100000000011001111111000000000110000000000000000000100000000000000000001000000000000000000011 #
#12470
0!
#12480
1!
b000000000000000001111100001110100000000000000000100110011110000000001111001000001111110100011111110000000000000000000000000000000000000010001100001111110000000000000000000000100000100100001111001000001111110100011111110001101000000000000000000100000100011000101000000000000000001001100111100000000000000000000000000000000000110100000000011001111111000000000110000000000000000000100000000000000000001000000000000000000011 #
#12490
0!
#12500
1!
b000000000000000001111100001110100000000000000000100110011110000000001111011111111110010100001110100000000000000000000000000000000000000010010000010011110000000000000000000000000000000000001111011111111110010100001110100000001000000000000000000100000100100000101000000000000000001001100111100000000000000000000000000000000000110100000000011001111111000000000110000000000000000000100000000000000000001000000000000000000011 #
#12510
0!
#12520
1!
b000000000000000001111100001110100000000000000000100110011110000000001111011111111110010100001110100000000000000000000000000000000000000010010000001111110000000000000000000000100000100010001111011111111110010100001110100001101000000000000000000100000100100000101000000000000000001001100111100000000000000000000000000000000000110100000000011001111111000000000110000000000000000000100000000000000000001000000000000000000011 #
#12530
0!
#12540
1!
b000000000000000001111100001110100000000000000000100110011110000000001011111100000000001110000000000100000000000000000000000000000000000010001000010011110000000000000000000000000000000000001011111100000000001110000000000100001000000000000000000100000100010000101000000000000000001001100111100000000000000000000000000000000000110100000000011001111111000000000110000000000000000000100000000000000000001000000000000000000011 #
#12550
0!
#12560
1!
b000000000000000001111100001110100000000000000000100110011110000000001011111100000000001110000000000100000000000000000000000000000000000010001000001111110000000000000000000000100000100011001011111100000000001110000000000101101000000000000000000100000100010000101000000000000000001001100111100000000000000000000000000000000000110100000000011001111111000000000110000000000000000000100000000000000000001000000000000000000011 #
#12570
0!
#12580
1!
b000000000000000001111100001110100000000000000000100110011110000000001111001000001111110100011111110000000000000000000000000000000000000010001100010011110000000000000000000000000000000000001111001000001111110100011111110000001000000000000000000100000100011000101000000000000000001001100111100000000000000000000000000000000000110100000000011001111111000000000110000000000000000000100000000000000000001000000000000000000011 #
#12590
0!
#12600
1!
b000000000000000001111100001110100000000000000000100110011110000000001111001000001111110100011111110000000000000000000000000000000000000010001100001111110000000000000000000000100000100100001111001000001111110100011111110001101000000000000000000100000100011000101000000000000000001001100111100000000000000000000000000000000000110100000000011001111111000000000110000000000000000000100000000000000000001000000000000000000011 #
#12610
0!
#12620
1!
b000000000000000001111100001110100000000000000000100110011110000000001111011111111110010100001110100000000000000000000000000000000000000010010000010011110000000000000000000000000000000000001111011111111110010100001110100000001000000000000000000100000100100000101000000000000000001001100111100000000000000000000000000000000000110100000000011001111111000000000110000000000000000000100000000000000000001000000000000000000011 #
#12630
0!
#12640
1!
b000000000000000001111100001110100000000000000000100110011110000000001111011111111110010100001110100000000000000000000000000000000000000010010000001111110000000000000000000000100000100010001111011111111110010100001110100001101000000000000000000100000100100000101000000000000000001001100111100000000000000000000000000000000000110100000000011001111111000000000110000000000000000000100000000000000000001000000000000000000011 #
#12650
0!
#12660
1!
b000000000000000001111100001110100000000000000000100110011110000000001011111100000000001110000000000100000000000000000000000000000000000010001000010011110000000000000000000000000000000000001011111100000000001110000000000100001000000000000000000100000100010000101000000000000000001001100111100000000000000000000000000000000000110100000000011001111111000000000110000000000000000000100000000000000000001000000000000000000011 #
#12670
0!
#12680
1!
b000000000000000001111100001110100000000000000000100110011110000000001011111100000000001110000000000100000000000000000000000000000000000010001000001111110000000000000000000000100000100011001011111100000000001110000000000101101000000000000000000100000100010000101000000000000000001001100111100000000000000000000000000000000000110100000000011001111111000000000110000000000000000000100000000000000000001000000000000000000011 #
#12690
0!
#12700
1!
b000000000000000001111100001110100000000000000000100110011110000000001111001000001111110100011111110000000000000000000000000000000000000010001100010011110000000000000000000000000000000000001111001000001111110100011111110000001000000000000000000100000100011000101000000000000000001001100111100000000000000000000000000000000000110100000000011001111111000000000110000000000000000000100000000000000000001000000000000000000011 #
#12710
0!
#12720
1!
b000000000000000001111100001110100000000000000000100110011110000000001111001000001111110100011111110000000000000000000000000000000000000010001100001111110000000000000000000000100000100100001111001000001111110100011111110001101000000000000000000100000100011000101000000000000000001001100111100000000000000000000000000000000000110100000000011001111111000000000110000000000000000000100000000000000000001000000000000000000011 #
#12730
0!
#12740
1!
b000000000000000001111100001110100000000000000000100110011110000000001111011111111110010100001110100000000000000000000000000000000000000010010000010011110000000000000000000000000000000000001111011111111110010100001110100000001000000000000000000100000100100000101000000000000000001001100111100000000000000000000000000000000000110100000000011001111111000000000110000000000000000000100000000000000000001000000000000000000011 #
#12750
0!
#12760
1!
b000000000000000001111100001110100000000000000000100110011110000000001111011111111110010100001110100000000000000000000000000000000000000010010000001111110000000000000000000000100000100010001111011111111110010100001110100001101000000000000000000100000100100000101000000000000000001001100111100000000000000000000000000000000000110100000000011001111111000000000110000000000000000000100000000000000000001000000000000000000011 #
#12770
0!
#12780
1!
b000000000000000001111100001110100000000000000000100110011110000000001011111100000000001110000000000100000000000000000000000000000000000010001000010011110000000000000000000000000000000000001011111100000000001110000000000100001000000000000000000100000100010000101000000000000000001001100111100000000000000000000000000000000000110100000000011001111111000000000110000000000000000000100000000000000000001000000000000000000011 #
#12790
0!
#12800
1!
b000000000000000001111100001110100000000000000000100110011110000000001011111100000000001110000000000100000000000000000000000000000000000010001000001111110000000000000000000000100000100011001011111100000000001110000000000101101000000000000000000100000100010000101000000000000000001001100111100000000000000000000000000000000000110100000000011001111111000000000110000000000000000000100000000000000000001000000000000000000011 #
#12810
0!
#12820
1!
b000000000000000001111100001110100000000000000000100110011110000000001111001000001111110100011111110000000000000000000000000000000000000010001100010011110000000000000000000000000000000000001111001000001111110100011111110000001000000000000000000100000100011000101000000000000000001001100111100000000000000000000000000000000000110100000000011001111111000000000110000000000000000000100000000000000000001000000000000000000011 #
#12830
0!
#12840
1!
b000000000000000001111100001110100000000000000000100110011110000000001111001000001111110100011111110000000000000000000000000000000000000010001100001111110000000000000000000000100000100100001111001000001111110100011111110001101000000000000000000100000100011000101000000000000000001001100111100000000000000000000000000000000000110100000000011001111111000000000110000000000000000000100000000000000000001000000000000000000011 #
#12850
0!
#12860
1!
b000000000000000001111100001110100000000000000000100110011110000000001111011111111110010100001110100000000000000000000000000000000000000010010000010011110000000000000000000000000000000000001111011111111110010100001110100000001000000000000000000100000100100000101000000000000000001001100111100000000000000000000000000000000000110100000000011001111111000000000110000000000000000000100000000000000000001000000000000000000011 #
#12870
0!
#12880
1!
b000000000000000001111100001110100000000000000000100110011110000000001111011111111110010100001110100000000000000000000000000000000000000010010000001111110000000000000000000000100000100010001111011111111110010100001110100001101000000000000000000100000100100000101000000000000000001001100111100000000000000000000000000000000000110100000000011001111111000000000110000000000000000000100000000000000000001000000000000000000011 #
#12890
0!
#12900
1!
b000000000000000001111100001110100000000000000000100110011110000000001011111100000000001110000000000100000000000000000000000000000000000010001000010011110000000000000000000000000000000000001011111100000000001110000000000100001000000000000000000100000100010000101000000000000000001001100111100000000000000000000000000000000000110100000000011001111111000000000110000000000000000000100000000000000000001000000000000000000011 #
#12910
0!
#12920
1!
b000000000000000001111100001110100000000000000000100110011110000000001011111100000000001110000000000100000000000000000000000000000000000010001000001111110000000000000000000000100000100011001011111100000000001110000000000101101000000000000000000100000100010000101000000000000000001001100111100000000000000000000000000000000000110100000000011001111111000000000110000000000000000000100000000000000000001000000000000000000011 #
#12930
0!
#12940
1!
b000000000000000001111100001110100000000000000000100110011110000000001111001000001111110100011111110000000000000000000000000000000000000010001100010011110000000000000000000000000000000000001111001000001111110100011111110000001000000000000000000100000100011000101000000000000000001001100111100000000000000000000000000000000000110100000000011001111111000000000110000000000000000000100000000000000000001000000000000000000011 #
#12950
0!
#12960
1!
b000000000000000001111100001110100000000000000000100110011110000000001111001000001111110100011111110000000000000000000000000000000000000010001100001111110000000000000000000000100000100100001111001000001111110100011111110001101000000000000000000100000100011000101000000000000000001001100111100000000000000000000000000000000000110100000000011001111111000000000110000000000000000000100000000000000000001000000000000000000011 #
#12970
0!
#12980
1!
b000000000000000001111100001110100000000000000000100110011110000000001111011111111110010100001110100000000000000000000000000000000000000010010000010011110000000000000000000000000000000000001111011111111110010100001110100000001000000000000000000100000100100000101000000000000000001001100111100000000000000000000000000000000000110100000000011001111111000000000110000000000000000000100000000000000000001000000000000000000011 #
#12990
0!
#13000
1!
b000000000000000001111100001110100000000000000000100110011110000000001111011111111110010100001110100000000000000000000000000000000000000010010000001111110000000000000000000000100000100010001111011111111110010100001110100001101000000000000000000100000100100000101000000000000000001001100111100000000000000000000000000000000000110100000000011001111111000000000110000000000000000000100000000000000000001000000000000000000011 #
#13010
0!
#13020
1!
b000000000000000001111100001110100000000000000000100110011110000000001011111100000000001110000000000100000000000000000000000000000000000010001000010011110000000000000000000000000000000000001011111100000000001110000000000100001000000000000000000100000100010000101000000000000000001001100111100000000000000000000000000000000000110100000000011001111111000000000110000000000000000000100000000000000000001000000000000000000011 #
#13030
0!
#13040
1!
b000000000000000001111100001110100000000000000000100110011110000000001011111100000000001110000000000100000000000000000000000000000000000010001000001111110000000000000000000000100000100011001011111100000000001110000000000101101000000000000000000100000100010000101000000000000000001001100111100000000000000000000000000000000000110100000000011001111111000000000110000000000000000000100000000000000000001000000000000000000011 #
#13050
0!
#13060
1!
b000000000000000001111100001110100000000000000000100110011110000000001111001000001111110100011111110000000000000000000000000000000000000010001100010011110000000000000000000000000000000000001111001000001111110100011111110000001000000000000000000100000100011000101000000000000000001001100111100000000000000000000000000000000000110100000000011001111111000000000110000000000000000000100000000000000000001000000000000000000011 #
#13070
0!
#13080
1!
b000000000000000001111100001110100000000000000000100110011110000000001111001000001111110100011111110000000000000000000000000000000000000010001100001111110000000000000000000000100000100100001111001000001111110100011111110001101000000000000000000100000100011000101000000000000000001001100111100000000000000000000000000000000000110100000000011001111111000000000110000000000000000000100000000000000000001000000000000000000011 #
#13090
0!
#13100
1!
b000000000000000001111100001110100000000000000000100110011110000000001111011111111110010100001110100000000000000000000000000000000000000010010000010011110000000000000000000000000000000000001111011111111110010100001110100000001000000000000000000100000100100000101000000000000000001001100111100000000000000000000000000000000000110100000000011001111111000000000110000000000000000000100000000000000000001000000000000000000011 #
#13110
0!
#13120
1!
b000000000000000001111100001110100000000000000000100110011110000000001111011111111110010100001110100000000000000000000000000000000000000010010000001111110000000000000000000000100000100010001111011111111110010100001110100001101000000000000000000100000100100000101000000000000000001001100111100000000000000000000000000000000000110100000000011001111111000000000110000000000000000000100000000000000000001000000000000000000011 #
#13130
0!
#13140
1!
b000000000000000001111100001110100000000000000000100110011110000000001011111100000000001110000000000100000000000000000000000000000000000010001000010011110000000000000000000000000000000000001011111100000000001110000000000100001000000000000000000100000100010000101000000000000000001001100111100000000000000000000000000000000000110100000000011001111111000000000110000000000000000000100000000000000000001000000000000000000011 #
#13150
0!
#13160
1!
b000000000000000001111100001110100000000000000000100110011110000000001011111100000000001110000000000100000000000000000000000000000000000010001000001111110000000000000000000000100000100011001011111100000000001110000000000101101000000000000000000100000100010000101000000000000000001001100111100000000000000000000000000000000000110100000000011001111111000000000110000000000000000000100000000000000000001000000000000000000011 #
#13170
0!
#13180
1!
b000000000000000001111100001110100000000000000000100110011110000000001111001000001111110100011111110000000000000000000000000000000000000010001100010011110000000000000000000000000000000000001111001000001111110100011111110000001000000000000000000100000100011000101000000000000000001001100111100000000000000000000000000000000000110100000000011001111111000000000110000000000000000000100000000000000000001000000000000000000011 #
#13190
0!
#13200
1!
b000000000000000001111100001110100000000000000000100110011110000000001111001000001111110100011111110000000000000000000000000000000000000010001100001111110000000000000000000000100000100100001111001000001111110100011111110001101000000000000000000100000100011000101000000000000000001001100111100000000000000000000000000000000000110100000000011001111111000000000110000000000000000000100000000000000000001000000000000000000011 #
#13210
0!
#13220
1!
b000000000000000001111100001110100000000000000000100110011110000000001111011111111110010100001110100000000000000000000000000000000000000010010000010011110000000000000000000000000000000000001111011111111110010100001110100000001000000000000000000100000100100000101000000000000000001001100111100000000000000000000000000000000000110100000000011001111111000000000110000000000000000000100000000000000000001000000000000000000011 #
#13230
0!
#13240
1!
b000000000000000001111100001110100000000000000000100110011110000000001111011111111110010100001110100000000000000000000000000000000000000010010000001111110000000000000000000000100000100010001111011111111110010100001110100001101000000000000000000100000100100000101000000000000000001001100111100000000000000000000000000000000000110100000000011001111111000000000110000000000000000000100000000000000000001000000000000000000011 #
#13250
0!
#13260
1!
b000000000000000001111100001110100000000000000000100110011110000000001011111100000000001110000000000100000000000000000000000000000000000010001000010011110000000000000000000000000000000000001011111100000000001110000000000100001000000000000000000100000100010000101000000000000000001001100111100000000000000000000000000000000000110100000000011001111111000000000110000000000000000000100000000000000000001000000000000000000011 #
#13270
0!
#13280
1!
b000000000000000001111100001110100000000000000000100110011110000000001011111100000000001110000000000100000000000000000000000000000000000010001000001111110000000000000000000000100000100011001011111100000000001110000000000101101000000000000000000100000100010000101000000000000000001001100111100000000000000000000000000000000000110100000000011001111111000000000110000000000000000000100000000000000000001000000000000000000011 #
#13290
0!
#13300
1!
b000000000000000001111100001110100000000000000000100110011110000000001111001000001111110100011111110000000000000000000000000000000000000010001100010011110000000000000000000000000000000000001111001000001111110100011111110000001000000000000000000100000100011000101000000000000000001001100111100000000000000000000000000000000000110100000000011001111111000000000110000000000000000000100000000000000000001000000000000000000011 #
#13310
0!
#13320
1!
b000000000000000001111100001110100000000000000000100110011110000000001111001000001111110100011111110000000000000000000000000000000000000010001100001111110000000000000000000000100000100100001111001000001111110100011111110001101000000000000000000100000100011000101000000000000000001001100111100000000000000000000000000000000000110100000000011001111111000000000110000000000000000000100000000000000000001000000000000000000011 #
#13330
0!
#13340
1!
b000000000000000001111100001110100000000000000000100110011110000000001111011111111110010100001110100000000000000000000000000000000000000010010000010011110000000000000000000000000000000000001111011111111110010100001110100000001000000000000000000100000100100000101000000000000000001001100111100000000000000000000000000000000000110100000000011001111111000000000110000000000000000000100000000000000000001000000000000000000011 #
#13350
0!
#13360
1!
b000000000000000001111100001110100000000000000000100110011110000000001111011111111110010100001110100000000000000000000000000000000000000010010000001111110000000000000000000000100000100010001111011111111110010100001110100001101000000000000000000100000100100000101000000000000000001001100111100000000000000000000000000000000000110100000000011001111111000000000110000000000000000000100000000000000000001000000000000000000011 #
#13370
0!
#13380
1!
b000000000000000001111100001110100000000000000000100110011110000000001011111100000000001110000000000100000000000000000000000000000000000010001000010011110000000000000000000000000000000000001011111100000000001110000000000100001000000000000000000100000100010000101000000000000000001001100111100000000000000000000000000000000000110100000000011001111111000000000110000000000000000000100000000000000000001000000000000000000011 #
#13390
0!
#13400
1!
b000000000000000001111100001110100000000000000000100110011110000000001011111100000000001110000000000100000000000000000000000000000000000010001000001111110000000000000000000000100000100011001011111100000000001110000000000101101000000000000000000100000100010000101000000000000000001001100111100000000000000000000000000000000000110100000000011001111111000000000110000000000000000000100000000000000000001000000000000000000011 #
#13410
0!
#13420
1!
b000000000000000001111100001110100000000000000000100110011110000000001111001000001111110100011111110000000000000000000000000000000000000010001100010011110000000000000000000000000000000000001111001000001111110100011111110000001000000000000000000100000100011000101000000000000000001001100111100000000000000000000000000000000000110100000000011001111111000000000110000000000000000000100000000000000000001000000000000000000011 #
#13430
0!
#13440
1!
b000000000000000001111100001110100000000000000000100110011110000000001111001000001111110100011111110000000000000000000000000000000000000010001100001111110000000000000000000000100000100100001111001000001111110100011111110001101000000000000000000100000100011000101000000000000000001001100111100000000000000000000000000000000000110100000000011001111111000000000110000000000000000000100000000000000000001000000000000000000011 #
#13450
0!
#13460
1!
b000000000000000001111100001110100000000000000000100110011110000000001111011111111110010100001110100000000000000000000000000000000000000010010000010011110000000000000000000000000000000000001111011111111110010100001110100000001000000000000000000100000100100000101000000000000000001001100111100000000000000000000000000000000000110100000000011001111111000000000110000000000000000000100000000000000000001000000000000000000011 #
#13470
0!
#13480
1!
b000000000000000001111100001110100000000000000000100110011110000000001111011111111110010100001110100000000000000000000000000000000000000010010000001111110000000000000000000000100000100010001111011111111110010100001110100001101000000000000000000100000100100000101000000000000000001001100111100000000000000000000000000000000000110100000000011001111111000000000110000000000000000000100000000000000000001000000000000000000011 #
#13490
0!
#13500
1!
b000000000000000001111100001110100000000000000000100110011110000000001011111100000000001110000000000100000000000000000000000000000000000010001000010011110000000000000000000000000000000000001011111100000000001110000000000100001000000000000000000100000100010000101000000000000000001001100111100000000000000000000000000000000000110100000000011001111111000000000110000000000000000000100000000000000000001000000000000000000011 #
#13510
0!
#13520
1!
b000000000000000001111100001110100000000000000000100110011110000000001011111100000000001110000000000100000000000000000000000000000000000010001000001111110000000000000000000000100000100011001011111100000000001110000000000101101000000000000000000100000100010000101000000000000000001001100111100000000000000000000000000000000000110100000000011001111111000000000110000000000000000000100000000000000000001000000000000000000011 #
#13530
0!
#13540
1!
b000000000000000001111100001110100000000000000000100110011110000000001111001000001111110100011111110000000000000000000000000000000000000010001100010011110000000000000000000000000000000000001111001000001111110100011111110000001000000000000000000100000100011000101000000000000000001001100111100000000000000000000000000000000000110100000000011001111111000000000110000000000000000000100000000000000000001000000000000000000011 #
#13550
0!
#13560
1!
b000000000000000001111100001110100000000000000000100110011110000000001111001000001111110100011111110000000000000000000000000000000000000010001100001111110000000000000000000000100000100100001111001000001111110100011111110001101000000000000000000100000100011000101000000000000000001001100111100000000000000000000000000000000000110100000000011001111111000000000110000000000000000000100000000000000000001000000000000000000011 #
#13570
0!
#13580
1!
b000000000000000001111100001110100000000000000000100110011110000000001111011111111110010100001110100000000000000000000000000000000000000010010000010011110000000000000000000000000000000000001111011111111110010100001110100000001000000000000000000100000100100000101000000000000000001001100111100000000000000000000000000000000000110100000000011001111111000000000110000000000000000000100000000000000000001000000000000000000011 #
#13590
0!
#13600
1!
b000000000000000001111100001110100000000000000000100110011110000000001111011111111110010100001110100000000000000000000000000000000000000010010000001111110000000000000000000000100000100010001111011111111110010100001110100001101000000000000000000100000100100000101000000000000000001001100111100000000000000000000000000000000000110100000000011001111111000000000110000000000000000000100000000000000000001000000000000000000011 #
#13610
0!
#13620
1!
b000000000000000001111100001110100000000000000000100110011110000000001011111100000000001110000000000100000000000000000000000000000000000010001000010011110000000000000000000000000000000000001011111100000000001110000000000100001000000000000000000100000100010000101000000000000000001001100111100000000000000000000000000000000000110100000000011001111111000000000110000000000000000000100000000000000000001000000000000000000011 #
#13630
0!
#13640
1!
b000000000000000001111100001110100000000000000000100110011110000000001011111100000000001110000000000100000000000000000000000000000000000010001000001111110000000000000000000000100000100011001011111100000000001110000000000101101000000000000000000100000100010000101000000000000000001001100111100000000000000000000000000000000000110100000000011001111111000000000110000000000000000000100000000000000000001000000000000000000011 #
#13650
0!
#13660
1!
b000000000000000001111100001110100000000000000000100110011110000000001111001000001111110100011111110000000000000000000000000000000000000010001100010011110000000000000000000000000000000000001111001000001111110100011111110000001000000000000000000100000100011000101000000000000000001001100111100000000000000000000000000000000000110100000000011001111111000000000110000000000000000000100000000000000000001000000000000000000011 #
#13670
0!
#13680
1!
b000000000000000001111100001110100000000000000000100110011110000000001111001000001111110100011111110000000000000000000000000000000000000010001100001111110000000000000000000000100000100100001111001000001111110100011111110001101000000000000000000100000100011000101000000000000000001001100111100000000000000000000000000000000000110100000000011001111111000000000110000000000000000000100000000000000000001000000000000000000011 #
#13690
0!
#13700
1!
b000000000000000001111100001110100000000000000000100110011110000000001111011111111110010100001110100000000000000000000000000000000000000010010000010011110000000000000000000000000000000000001111011111111110010100001110100000001000000000000000000100000100100000101000000000000000001001100111100000000000000000000000000000000000110100000000011001111111000000000110000000000000000000100000000000000000001000000000000000000011 #
#13710
0!
#13720
1!
b000000000000000001111100001110100000000000000000100110011110000000001111011111111110010100001110100000000000000000000000000000000000000010010000001111110000000000000000000000100000100010001111011111111110010100001110100001101000000000000000000100000100100000101000000000000000001001100111100000000000000000000000000000000000110100000000011001111111000000000110000000000000000000100000000000000000001000000000000000000011 #
#13730
0!
#13740
1!
b000000000000000001111100001110100000000000000000100110011110000000001011111100000000001110000000000100000000000000000000000000000000000010001000010011110000000000000000000000000000000000001011111100000000001110000000000100001000000000000000000100000100010000101000000000000000001001100111100000000000000000000000000000000000110100000000011001111111000000000110000000000000000000100000000000000000001000000000000000000011 #
#13750
0!
#13760
1!
b000000000000000001111100001110100000000000000000100110011110000000001011111100000000001110000000000100000000000000000000000000000000000010001000001111110000000000000000000000100000100011001011111100000000001110000000000101101000000000000000000100000100010000101000000000000000001001100111100000000000000000000000000000000000110100000000011001111111000000000110000000000000000000100000000000000000001000000000000000000011 #
#13770
0!
#13780
1!
b000000000000000001111100001110100000000000000000100110011110000000001111001000001111110100011111110000000000000000000000000000000000000010001100010011110000000000000000000000000000000000001111001000001111110100011111110000001000000000000000000100000100011000101000000000000000001001100111100000000000000000000000000000000000110100000000011001111111000000000110000000000000000000100000000000000000001000000000000000000011 #
#13790
0!
#13800
1!
b000000000000000001111100001110100000000000000000100110011110000000001111001000001111110100011111110000000000000000000000000000000000000010001100001111110000000000000000000000100000100100001111001000001111110100011111110001101000000000000000000100000100011000101000000000000000001001100111100000000000000000000000000000000000110100000000011001111111000000000110000000000000000000100000000000000000001000000000000000000011 #
#13810
0!
#13820
1!
b000000000000000001111100001110100000000000000000100110011110000000001111011111111110010100001110100000000000000000000000000000000000000010010000010011110000000000000000000000000000000000001111011111111110010100001110100000001000000000000000000100000100100000101000000000000000001001100111100000000000000000000000000000000000110100000000011001111111000000000110000000000000000000100000000000000000001000000000000000000011 #
#13830
0!
#13840
1!
b000000000000000001111100001110100000000000000000100110011110000000001111011111111110010100001110100000000000000000000000000000000000000010010000001111110000000000000000000000100000100010001111011111111110010100001110100001101000000000000000000100000100100000101000000000000000001001100111100000000000000000000000000000000000110100000000011001111111000000000110000000000000000000100000000000000000001000000000000000000011 #
#13850
0!
#13860
1!
b000000000000000001111100001110100000000000000000100110011110000000001011111100000000001110000000000100000000000000000000000000000000000010001000010011110000000000000000000000000000000000001011111100000000001110000000000100001000000000000000000100000100010000101000000000000000001001100111100000000000000000000000000000000000110100000000011001111111000000000110000000000000000000100000000000000000001000000000000000000011 #
#13870
0!
#13880
1!
b000000000000000001111100001110100000000000000000100110011110000000001011111100000000001110000000000100000000000000000000000000000000000010001000001111110000000000000000000000100000100011001011111100000000001110000000000101101000000000000000000100000100010000101000000000000000001001100111100000000000000000000000000000000000110100000000011001111111000000000110000000000000000000100000000000000000001000000000000000000011 #
#13890
0!
#13900
1!
b000000000000000001111100001110100000000000000000100110011110000000001111001000001111110100011111110000000000000000000000000000000000000010001100010011110000000000000000000000000000000000001111001000001111110100011111110000001000000000000000000100000100011000101000000000000000001001100111100000000000000000000000000000000000110100000000011001111111000000000110000000000000000000100000000000000000001000000000000000000011 #
#13910
0!
#13920
1!
b000000000000000001111100001110100000000000000000100110011110000000001111001000001111110100011111110000000000000000000000000000000000000010001100001111110000000000000000000000100000100100001111001000001111110100011111110001101000000000000000000100000100011000101000000000000000001001100111100000000000000000000000000000000000110100000000011001111111000000000110000000000000000000100000000000000000001000000000000000000011 #
#13930
0!
#13940
1!
b000000000000000001111100001110100000000000000000100110011110000000001111011111111110010100001110100000000000000000000000000000000000000010010000010011110000000000000000000000000000000000001111011111111110010100001110100000001000000000000000000100000100100000101000000000000000001001100111100000000000000000000000000000000000110100000000011001111111000000000110000000000000000000100000000000000000001000000000000000000011 #
#13950
0!
#13960
1!
b000000000000000001111100001110100000000000000000100110011110000000001111011111111110010100001110100000000000000000000000000000000000000010010000001111110000000000000000000000100000100010001111011111111110010100001110100001101000000000000000000100000100100000101000000000000000001001100111100000000000000000000000000000000000110100000000011001111111000000000110000000000000000000100000000000000000001000000000000000000011 #
#13970
0!
#13980
1!
b000000000000000001111100001110100000000000000000100110011110000000001011111100000000001110000000000100000000000000000000000000000000000010001000010011110000000000000000000000000000000000001011111100000000001110000000000100001000000000000000000100000100010000101000000000000000001001100111100000000000000000000000000000000000110100000000011001111111000000000110000000000000000000100000000000000000001000000000000000000011 #
#13990
0!
#14000
1!
b000000000000000001111100001110100000000000000000100110011110000000001011111100000000001110000000000100000000000000000000000000000000000010001000001111110000000000000000000000100000100011001011111100000000001110000000000101101000000000000000000100000100010000101000000000000000001001100111100000000000000000000000000000000000110100000000011001111111000000000110000000000000000000100000000000000000001000000000000000000011 #
#14010
0!
#14020
1!
b000000000000000001111100001110100000000000000000100110011110000000001111001000001111110100011111110000000000000000000000000000000000000010001100010011110000000000000000000000000000000000001111001000001111110100011111110000001000000000000000000100000100011000101000000000000000001001100111100000000000000000000000000000000000110100000000011001111111000000000110000000000000000000100000000000000000001000000000000000000011 #
#14030
0!
#14040
1!
b000000000000000001111100001110100000000000000000100110011110000000001111001000001111110100011111110000000000000000000000000000000000000010001100001111110000000000000000000000100000100100001111001000001111110100011111110001101000000000000000000100000100011000101000000000000000001001100111100000000000000000000000000000000000110100000000011001111111000000000110000000000000000000100000000000000000001000000000000000000011 #
#14050
0!
#14060
1!
b000000000000000001111100001110100000000000000000100110011110000000001111011111111110010100001110100000000000000000000000000000000000000010010000010011110000000000000000000000000000000000001111011111111110010100001110100000001000000000000000000100000100100000101000000000000000001001100111100000000000000000000000000000000000110100000000011001111111000000000110000000000000000000100000000000000000001000000000000000000011 #
#14070
0!
#14080
1!
b000000000000000001111100001110100000000000000000100110011110000000001111011111111110010100001110100000000000000000000000000000000000000010010000001111110000000000000000000000100000100010001111011111111110010100001110100001101000000000000000000100000100100000101000000000000000001001100111100000000000000000000000000000000000110100000000011001111111000000000110000000000000000000100000000000000000001000000000000000000011 #
#14090
0!
#14100
1!
b000000000000000001111100001110100000000000000000100110011110000000001011111100000000001110000000000100000000000000000000000000000000000010001000010011110000000000000000000000000000000000001011111100000000001110000000000100001000000000000000000100000100010000101000000000000000001001100111100000000000000000000000000000000000110100000000011001111111000000000110000000000000000000100000000000000000001000000000000000000011 #
#14110
0!
#14120
1!
b000000000000000001111100001110100000000000000000100110011110000000001011111100000000001110000000000100000000000000000000000000000000000010001000001111110000000000000000000000100000100011001011111100000000001110000000000101101000000000000000000100000100010000101000000000000000001001100111100000000000000000000000000000000000110100000000011001111111000000000110000000000000000000100000000000000000001000000000000000000011 #
#14130
0!
#14140
1!
b000000000000000001111100001110100000000000000000100110011110000000001111001000001111110100011111110000000000000000000000000000000000000010001100010011110000000000000000000000000000000000001111001000001111110100011111110000001000000000000000000100000100011000101000000000000000001001100111100000000000000000000000000000000000110100000000011001111111000000000110000000000000000000100000000000000000001000000000000000000011 #
#14150
0!
#14160
1!
b000000000000000001111100001110100000000000000000100110011110000000001111001000001111110100011111110000000000000000000000000000000000000010001100001111110000000000000000000000100000100100001111001000001111110100011111110001101000000000000000000100000100011000101000000000000000001001100111100000000000000000000000000000000000110100000000011001111111000000000110000000000000000000100000000000000000001000000000000000000011 #
#14170
0!
#14180
1!
b000000000000000001111100001110100000000000000000100110011110000000001111011111111110010100001110100000000000000000000000000000000000000010010000010011110000000000000000000000000000000000001111011111111110010100001110100000001000000000000000000100000100100000101000000000000000001001100111100000000000000000000000000000000000110100000000011001111111000000000110000000000000000000100000000000000000001000000000000000000011 #
#14190
0!
#14200
1!
b000000000000000001111100001110100000000000000000100110011110000000001111011111111110010100001110100000000000000000000000000000000000000010010000001111110000000000000000000000100000100010001111011111111110010100001110100001101000000000000000000100000100100000101000000000000000001001100111100000000000000000000000000000000000110100000000011001111111000000000110000000000000000000100000000000000000001000000000000000000011 #
#14210
0!
#14220
1!
b000000000000000001111100001110100000000000000000100110011110000000001011111100000000001110000000000100000000000000000000000000000000000010001000010011110000000000000000000000000000000000001011111100000000001110000000000100001000000000000000000100000100010000101000000000000000001001100111100000000000000000000000000000000000110100000000011001111111000000000110000000000000000000100000000000000000001000000000000000000011 #
#14230
0!
#14240
1!
b000000000000000001111100001110100000000000000000100110011110000000001011111100000000001110000000000100000000000000000000000000000000000010001000001111110000000000000000000000100000100011001011111100000000001110000000000101101000000000000000000100000100010000101000000000000000001001100111100000000000000000000000000000000000110100000000011001111111000000000110000000000000000000100000000000000000001000000000000000000011 #
#14250
0!
#14260
1!
b000000000000000001111100001110100000000000000000100110011110000000001111001000001111110100011111110000000000000000000000000000000000000010001100010011110000000000000000000000000000000000001111001000001111110100011111110000001000000000000000000100000100011000101000000000000000001001100111100000000000000000000000000000000000110100000000011001111111000000000110000000000000000000100000000000000000001000000000000000000011 #
#14270
0!
#14280
1!
b000000000000000001111100001110100000000000000000100110011110000000001111001000001111110100011111110000000000000000000000000000000000000010001100001111110000000000000000000000100000100100001111001000001111110100011111110001101000000000000000000100000100011000101000000000000000001001100111100000000000000000000000000000000000110100000000011001111111000000000110000000000000000000100000000000000000001000000000000000000011 #
#14290
0!
#14300
1!
b000000000000000001111100001110100000000000000000100110011110000000001111011111111110010100001110100000000000000000000000000000000000000010010000010011110000000000000000000000000000000000001111011111111110010100001110100000001000000000000000000100000100100000101000000000000000001001100111100000000000000000000000000000000000110100000000011001111111000000000110000000000000000000100000000000000000001000000000000000000011 #
#14310
0!
#14320
1!
b000000000000000001111100001110100000000000000000100110011110000000001111011111111110010100001110100000000000000000000000000000000000000010010000001111110000000000000000000000100000100010001111011111111110010100001110100001101000000000000000000100000100100000101000000000000000001001100111100000000000000000000000000000000000110100000000011001111111000000000110000000000000000000100000000000000000001000000000000000000011 #
#14330
0!
#14340
1!
b000000000000000001111100001110100000000000000000100110011110000000001011111100000000001110000000000100000000000000000000000000000000000010001000010011110000000000000000000000000000000000001011111100000000001110000000000100001000000000000000000100000100010000101000000000000000001001100111100000000000000000000000000000000000110100000000011001111111000000000110000000000000000000100000000000000000001000000000000000000011 #
#14350
0!
#14360
1!
b000000000000000001111100001110100000000000000000100110011110000000001011111100000000001110000000000100000000000000000000000000000000000010001000001111110000000000000000000000100000100011001011111100000000001110000000000101101000000000000000000100000100010000101000000000000000001001100111100000000000000000000000000000000000110100000000011001111111000000000110000000000000000000100000000000000000001000000000000000000011 #
#14370
0!
#14380
1!
b000000000000000001111100001110100000000000000000100110011110000000001111001000001111110100011111110000000000000000000000000000000000000010001100010011110000000000000000000000000000000000001111001000001111110100011111110000001000000000000000000100000100011000101000000000000000001001100111100000000000000000000000000000000000110100000000011001111111000000000110000000000000000000100000000000000000001000000000000000000011 #
#14390
0!
#14400
1!
b000000000000000001111100001110100000000000000000100110011110000000001111001000001111110100011111110000000000000000000000000000000000000010001100001111110000000000000000000000100000100100001111001000001111110100011111110001101000000000000000000100000100011000101000000000000000001001100111100000000000000000000000000000000000110100000000011001111111000000000110000000000000000000100000000000000000001000000000000000000011 #
#14410
0!
#14420
1!
b000000000000000001111100001110100000000000000000100110011110000000001111011111111110010100001110100000000000000000000000000000000000000010010000010011110000000000000000000000000000000000001111011111111110010100001110100000001000000000000000000100000100100000101000000000000000001001100111100000000000000000000000000000000000110100000000011001111111000000000110000000000000000000100000000000000000001000000000000000000011 #
#14430
0!
#14440
1!
b000000000000000001111100001110100000000000000000100110011110000000001111011111111110010100001110100000000000000000000000000000000000000010010000001111110000000000000000000000100000100010001111011111111110010100001110100001101000000000000000000100000100100000101000000000000000001001100111100000000000000000000000000000000000110100000000011001111111000000000110000000000000000000100000000000000000001000000000000000000011 #
#14450
0!
#14460
1!
b000000000000000001111100001110100000000000000000100110011110000000001011111100000000001110000000000100000000000000000000000000000000000010001000010011110000000000000000000000000000000000001011111100000000001110000000000100001000000000000000000100000100010000101000000000000000001001100111100000000000000000000000000000000000110100000000011001111111000000000110000000000000000000100000000000000000001000000000000000000011 #
#14470
0!
#14480
1!
b000000000000000001111100001110100000000000000000100110011110000000001011111100000000001110000000000100000000000000000000000000000000000010001000001111110000000000000000000000100000100011001011111100000000001110000000000101101000000000000000000100000100010000101000000000000000001001100111100000000000000000000000000000000000110100000000011001111111000000000110000000000000000000100000000000000000001000000000000000000011 #
#14490
0!
#14500
1!
b000000000000000001111100001110100000000000000000100110011110000000001111001000001111110100011111110000000000000000000000000000000000000010001100010011110000000000000000000000000000000000001111001000001111110100011111110000001000000000000000000100000100011000101000000000000000001001100111100000000000000000000000000000000000110100000000011001111111000000000110000000000000000000100000000000000000001000000000000000000011 #
#14510
0!
#14520
1!
b000000000000000001111100001110100000000000000000100110011110000000001111001000001111110100011111110000000000000000000000000000000000000010001100001111110000000000000000000000100000100100001111001000001111110100011111110001101000000000000000000100000100011000101000000000000000001001100111100000000000000000000000000000000000110100000000011001111111000000000110000000000000000000100000000000000000001000000000000000000011 #
#14530
0!
#14540
1!
b000000000000000001111100001110100000000000000000100110011110000000001111011111111110010100001110100000000000000000000000000000000000000010010000010011110000000000000000000000000000000000001111011111111110010100001110100000001000000000000000000100000100100000101000000000000000001001100111100000000000000000000000000000000000110100000000011001111111000000000110000000000000000000100000000000000000001000000000000000000011 #
#14550
0!
#14560
1!
b000000000000000001111100001110100000000000000000100110011110000000001111011111111110010100001110100000000000000000000000000000000000000010010000001111110000000000000000000000100000100010001111011111111110010100001110100001101000000000000000000100000100100000101000000000000000001001100111100000000000000000000000000000000000110100000000011001111111000000000110000000000000000000100000000000000000001000000000000000000011 #
#14570
0!
#14580
1!
b000000000000000001111100001110100000000000000000100110011110000000001011111100000000001110000000000100000000000000000000000000000000000010001000010011110000000000000000000000000000000000001011111100000000001110000000000100001000000000000000000100000100010000101000000000000000001001100111100000000000000000000000000000000000110100000000011001111111000000000110000000000000000000100000000000000000001000000000000000000011 #
#14590
0!
#14600
1!
b000000000000000001111100001110100000000000000000100110011110000000001011111100000000001110000000000100000000000000000000000000000000000010001000001111110000000000000000000000100000100011001011111100000000001110000000000101101000000000000000000100000100010000101000000000000000001001100111100000000000000000000000000000000000110100000000011001111111000000000110000000000000000000100000000000000000001000000000000000000011 #
#14610
0!
#14620
1!
b000000000000000001111100001110100000000000000000100110011110000000001111001000001111110100011111110000000000000000000000000000000000000010001100010011110000000000000000000000000000000000001111001000001111110100011111110000001000000000000000000100000100011000101000000000000000001001100111100000000000000000000000000000000000110100000000011001111111000000000110000000000000000000100000000000000000001000000000000000000011 #
#14630
0!
#14640
1!
b000000000000000001111100001110100000000000000000100110011110000000001111001000001111110100011111110000000000000000000000000000000000000010001100001111110000000000000000000000100000100100001111001000001111110100011111110001101000000000000000000100000100011000101000000000000000001001100111100000000000000000000000000000000000110100000000011001111111000000000110000000000000000000100000000000000000001000000000000000000011 #
#14650
0!
#14660
1!
b000000000000000001111100001110100000000000000000100110011110000000001111011111111110010100001110100000000000000000000000000000000000000010010000010011110000000000000000000000000000000000001111011111111110010100001110100000001000000000000000000100000100100000101000000000000000001001100111100000000000000000000000000000000000110100000000011001111111000000000110000000000000000000100000000000000000001000000000000000000011 #
#14670
0!
#14680
1!
b000000000000000001111100001110100000000000000000100110011110000000001111011111111110010100001110100000000000000000000000000000000000000010010000001111110000000000000000000000100000100010001111011111111110010100001110100001101000000000000000000100000100100000101000000000000000001001100111100000000000000000000000000000000000110100000000011001111111000000000110000000000000000000100000000000000000001000000000000000000011 #
#14690
0!
#14700
1!
b000000000000000001111100001110100000000000000000100110011110000000001011111100000000001110000000000100000000000000000000000000000000000010001000010011110000000000000000000000000000000000001011111100000000001110000000000100001000000000000000000100000100010000101000000000000000001001100111100000000000000000000000000000000000110100000000011001111111000000000110000000000000000000100000000000000000001000000000000000000011 #
#14710
0!
#14720
1!
b000000000000000001111100001110100000000000000000100110011110000000001011111100000000001110000000000100000000000000000000000000000000000010001000001111110000000000000000000000100000100011001011111100000000001110000000000101101000000000000000000100000100010000101000000000000000001001100111100000000000000000000000000000000000110100000000011001111111000000000110000000000000000000100000000000000000001000000000000000000011 #
#14730
0!
#14740
1!
b000000000000000001111100001110100000000000000000100110011110000000001111001000001111110100011111110000000000000000000000000000000000000010001100010011110000000000000000000000000000000000001111001000001111110100011111110000001000000000000000000100000100011000101000000000000000001001100111100000000000000000000000000000000000110100000000011001111111000000000110000000000000000000100000000000000000001000000000000000000011 #
#14750
0!
#14760
1!
b000000000000000001111100001110100000000000000000100110011110000000001111001000001111110100011111110000000000000000000000000000000000000010001100001111110000000000000000000000100000100100001111001000001111110100011111110001101000000000000000000100000100011000101000000000000000001001100111100000000000000000000000000000000000110100000000011001111111000000000110000000000000000000100000000000000000001000000000000000000011 #
#14770
0!
#14780
1!
b000000000000000001111100001110100000000000000000100110011110000000001111011111111110010100001110100000000000000000000000000000000000000010010000010011110000000000000000000000000000000000001111011111111110010100001110100000001000000000000000000100000100100000101000000000000000001001100111100000000000000000000000000000000000110100000000011001111111000000000110000000000000000000100000000000000000001000000000000000000011 #
#14790
0!
#14800
1!
b000000000000000001111100001110100000000000000000100110011110000000001111011111111110010100001110100000000000000000000000000000000000000010010000001111110000000000000000000000100000100010001111011111111110010100001110100001101000000000000000000100000100100000101000000000000000001001100111100000000000000000000000000000000000110100000000011001111111000000000110000000000000000000100000000000000000001000000000000000000011 #
#14810
0!
#14820
1!
b000000000000000001111100001110100000000000000000100110011110000000001011111100000000001110000000000100000000000000000000000000000000000010001000010011110000000000000000000000000000000000001011111100000000001110000000000100001000000000000000000100000100010000101000000000000000001001100111100000000000000000000000000000000000110100000000011001111111000000000110000000000000000000100000000000000000001000000000000000000011 #
#14830
0!
#14840
1!
b000000000000000001111100001110100000000000000000100110011110000000001011111100000000001110000000000100000000000000000000000000000000000010001000001111110000000000000000000000100000100011001011111100000000001110000000000101101000000000000000000100000100010000101000000000000000001001100111100000000000000000000000000000000000110100000000011001111111000000000110000000000000000000100000000000000000001000000000000000000011 #
#14850
0!
#14860
1!
b000000000000000001111100001110100000000000000000100110011110000000001111001000001111110100011111110000000000000000000000000000000000000010001100010011110000000000000000000000000000000000001111001000001111110100011111110000001000000000000000000100000100011000101000000000000000001001100111100000000000000000000000000000000000110100000000011001111111000000000110000000000000000000100000000000000000001000000000000000000011 #
#14870
0!
#14880
1!
b000000000000000001111100001110100000000000000000100110011110000000001111001000001111110100011111110000000000000000000000000000000000000010001100001111110000000000000000000000100000100100001111001000001111110100011111110001101000000000000000000100000100011000101000000000000000001001100111100000000000000000000000000000000000110100000000011001111111000000000110000000000000000000100000000000000000001000000000000000000011 #
#14890
0!
#14900
1!
b000000000000000001111100001110100000000000000000100110011110000000001111011111111110010100001110100000000000000000000000000000000000000010010000010011110000000000000000000000000000000000001111011111111110010100001110100000001000000000000000000100000100100000101000000000000000001001100111100000000000000000000000000000000000110100000000011001111111000000000110000000000000000000100000000000000000001000000000000000000011 #
#14910
0!
#14920
1!
b000000000000000001111100001110100000000000000000100110011110000000001111011111111110010100001110100000000000000000000000000000000000000010010000001111110000000000000000000000100000100010001111011111111110010100001110100001101000000000000000000100000100100000101000000000000000001001100111100000000000000000000000000000000000110100000000011001111111000000000110000000000000000000100000000000000000001000000000000000000011 #
#14930
0!
#14940
1!
b000000000000000001111100001110100000000000000000100110011110000000001011111100000000001110000000000100000000000000000000000000000000000010001000010011110000000000000000000000000000000000001011111100000000001110000000000100001000000000000000000100000100010000101000000000000000001001100111100000000000000000000000000000000000110100000000011001111111000000000110000000000000000000100000000000000000001000000000000000000011 #
#14950
0!
#14960
1!
b000000000000000001111100001110100000000000000000100110011110000000001011111100000000001110000000000100000000000000000000000000000000000010001000001111110000000000000000000000100000100011001011111100000000001110000000000101101000000000000000000100000100010000101000000000000000001001100111100000000000000000000000000000000000110100000000011001111111000000000110000000000000000000100000000000000000001000000000000000000011 #
#14970
0!
#14980
1!
b000000000000000001111100001110100000000000000000100110011110000000001111001000001111110100011111110000000000000000000000000000000000000010001100010011110000000000000000000000000000000000001111001000001111110100011111110000001000000000000000000100000100011000101000000000000000001001100111100000000000000000000000000000000000110100000000011001111111000000000110000000000000000000100000000000000000001000000000000000000011 #
#14990
0!
#15000
1!
b000000000000000001111100001110100000000000000000100110011110000000001111001000001111110100011111110000000000000000000000000000000000000010001100001111110000000000000000000000100000100100001111001000001111110100011111110001101000000000000000000100000100011000101000000000000000001001100111100000000000000000000000000000000000110100000000011001111111000000000110000000000000000000100000000000000000001000000000000000000011 #
#15010
0!
#15020
1!
b000000000000000001111100001110100000000000000000100110011110000000001111011111111110010100001110100000000000000000000000000000000000000010010000010011110000000000000000000000000000000000001111011111111110010100001110100000001000000000000000000100000100100000101000000000000000001001100111100000000000000000000000000000000000110100000000011001111111000000000110000000000000000000100000000000000000001000000000000000000011 #
#15030
0!
#15040
1!
b000000000000000001111100001110100000000000000000100110011110000000001111011111111110010100001110100000000000000000000000000000000000000010010000001111110000000000000000000000100000100010001111011111111110010100001110100001101000000000000000000100000100100000101000000000000000001001100111100000000000000000000000000000000000110100000000011001111111000000000110000000000000000000100000000000000000001000000000000000000011 #
#15050
0!
#15060
1!
b000000000000000001111100001110100000000000000000100110011110000000001011111100000000001110000000000100000000000000000000000000000000000010001000010011110000000000000000000000000000000000001011111100000000001110000000000100001000000000000000000100000100010000101000000000000000001001100111100000000000000000000000000000000000110100000000011001111111000000000110000000000000000000100000000000000000001000000000000000000011 #
#15070
0!
#15080
1!
b000000000000000001111100001110100000000000000000100110011110000000001011111100000000001110000000000100000000000000000000000000000000000010001000001111110000000000000000000000100000100011001011111100000000001110000000000101101000000000000000000100000100010000101000000000000000001001100111100000000000000000000000000000000000110100000000011001111111000000000110000000000000000000100000000000000000001000000000000000000011 #
#15090
0!
#15100
1!
b000000000000000001111100001110100000000000000000100110011110000000001111001000001111110100011111110000000000000000000000000000000000000010001100010011110000000000000000000000000000000000001111001000001111110100011111110000001000000000000000000100000100011000101000000000000000001001100111100000000000000000000000000000000000110100000000011001111111000000000110000000000000000000100000000000000000001000000000000000000011 #
#15110
0!
#15120
1!
b000000000000000001111100001110100000000000000000100110011110000000001111001000001111110100011111110000000000000000000000000000000000000010001100001111110000000000000000000000100000100100001111001000001111110100011111110001101000000000000000000100000100011000101000000000000000001001100111100000000000000000000000000000000000110100000000011001111111000000000110000000000000000000100000000000000000001000000000000000000011 #
#15130
0!
#15140
1!
b000000000000000001111100001110100000000000000000100110011110000000001111011111111110010100001110100000000000000000000000000000000000000010010000010011110000000000000000000000000000000000001111011111111110010100001110100000001000000000000000000100000100100000101000000000000000001001100111100000000000000000000000000000000000110100000000011001111111000000000110000000000000000000100000000000000000001000000000000000000011 #
#15150
0!
#15160
1!
b000000000000000001111100001110100000000000000000100110011110000000001111011111111110010100001110100000000000000000000000000000000000000010010000001111110000000000000000000000100000100010001111011111111110010100001110100001101000000000000000000100000100100000101000000000000000001001100111100000000000000000000000000000000000110100000000011001111111000000000110000000000000000000100000000000000000001000000000000000000011 #
#15170
0!
#15180
1!
b000000000000000001111100001110100000000000000000100110011110000000001011111100000000001110000000000100000000000000000000000000000000000010001000010011110000000000000000000000000000000000001011111100000000001110000000000100001000000000000000000100000100010000101000000000000000001001100111100000000000000000000000000000000000110100000000011001111111000000000110000000000000000000100000000000000000001000000000000000000011 #
#15190
0!
#15200
1!
b000000000000000001111100001110100000000000000000100110011110000000001011111100000000001110000000000100000000000000000000000000000000000010001000001111110000000000000000000000100000100011001011111100000000001110000000000101101000000000000000000100000100010000101000000000000000001001100111100000000000000000000000000000000000110100000000011001111111000000000110000000000000000000100000000000000000001000000000000000000011 #
#15210
0!
#15220
1!
b000000000000000001111100001110100000000000000000100110011110000000001111001000001111110100011111110000000000000000000000000000000000000010001100010011110000000000000000000000000000000000001111001000001111110100011111110000001000000000000000000100000100011000101000000000000000001001100111100000000000000000000000000000000000110100000000011001111111000000000110000000000000000000100000000000000000001000000000000000000011 #
#15230
0!
#15240
1!
b000000000000000001111100001110100000000000000000100110011110000000001111001000001111110100011111110000000000000000000000000000000000000010001100001111110000000000000000000000100000100100001111001000001111110100011111110001101000000000000000000100000100011000101000000000000000001001100111100000000000000000000000000000000000110100000000011001111111000000000110000000000000000000100000000000000000001000000000000000000011 #
#15250
0!
#15260
1!
b000000000000000001111100001110100000000000000000100110011110000000001111011111111110010100001110100000000000000000000000000000000000000010010000010011110000000000000000000000000000000000001111011111111110010100001110100000001000000000000000000100000100100000101000000000000000001001100111100000000000000000000000000000000000110100000000011001111111000000000110000000000000000000100000000000000000001000000000000000000011 #
#15270
0!
#15280
1!
b000000000000000001111100001110100000000000000000100110011110000000001111011111111110010100001110100000000000000000000000000000000000000010010000001111110000000000000000000000100000100010001111011111111110010100001110100001101000000000000000000100000100100000101000000000000000001001100111100000000000000000000000000000000000110100000000011001111111000000000110000000000000000000100000000000000000001000000000000000000011 #
#15290
0!
#15300
1!
b000000000000000001111100001110100000000000000000100110011110000000001011111100000000001110000000000100000000000000000000000000000000000010001000010011110000000000000000000000000000000000001011111100000000001110000000000100001000000000000000000100000100010000101000000000000000001001100111100000000000000000000000000000000000110100000000011001111111000000000110000000000000000000100000000000000000001000000000000000000011 #
#15310
0!
#15320
1!
b000000000000000001111100001110100000000000000000100110011110000000001011111100000000001110000000000100000000000000000000000000000000000010001000001111110000000000000000000000100000100011001011111100000000001110000000000101101000000000000000000100000100010000101000000000000000001001100111100000000000000000000000000000000000110100000000011001111111000000000110000000000000000000100000000000000000001000000000000000000011 #
#15330
0!
#15340
1!
b000000000000000001111100001110100000000000000000100110011110000000001111001000001111110100011111110000000000000000000000000000000000000010001100010011110000000000000000000000000000000000001111001000001111110100011111110000001000000000000000000100000100011000101000000000000000001001100111100000000000000000000000000000000000110100000000011001111111000000000110000000000000000000100000000000000000001000000000000000000011 #
#15350
0!
#15360
1!
b000000000000000001111100001110100000000000000000100110011110000000001111001000001111110100011111110000000000000000000000000000000000000010001100001111110000000000000000000000100000100100001111001000001111110100011111110001101000000000000000000100000100011000101000000000000000001001100111100000000000000000000000000000000000110100000000011001111111000000000110000000000000000000100000000000000000001000000000000000000011 #
#15370
0!
#15380
1!
b000000000000000001111100001110100000000000000000100110011110000000001111011111111110010100001110100000000000000000000000000000000000000010010000010011110000000000000000000000000000000000001111011111111110010100001110100000001000000000000000000100000100100000101000000000000000001001100111100000000000000000000000000000000000110100000000011001111111000000000110000000000000000000100000000000000000001000000000000000000011 #
#15390
0!
#15400
1!
b000000000000000001111100001110100000000000000000100110011110000000001111011111111110010100001110100000000000000000000000000000000000000010010000001111110000000000000000000000100000100010001111011111111110010100001110100001101000000000000000000100000100100000101000000000000000001001100111100000000000000000000000000000000000110100000000011001111111000000000110000000000000000000100000000000000000001000000000000000000011 #
#15410
0!
#15420
1!
b000000000000000001111100001110100000000000000000100110011110000000001011111100000000001110000000000100000000000000000000000000000000000010001000010011110000000000000000000000000000000000001011111100000000001110000000000100001000000000000000000100000100010000101000000000000000001001100111100000000000000000000000000000000000110100000000011001111111000000000110000000000000000000100000000000000000001000000000000000000011 #
#15430
0!
#15440
1!
b000000000000000001111100001110100000000000000000100110011110000000001011111100000000001110000000000100000000000000000000000000000000000010001000001111110000000000000000000000100000100011001011111100000000001110000000000101101000000000000000000100000100010000101000000000000000001001100111100000000000000000000000000000000000110100000000011001111111000000000110000000000000000000100000000000000000001000000000000000000011 #
#15450
0!
#15460
1!
b000000000000000001111100001110100000000000000000100110011110000000001111001000001111110100011111110000000000000000000000000000000000000010001100010011110000000000000000000000000000000000001111001000001111110100011111110000001000000000000000000100000100011000101000000000000000001001100111100000000000000000000000000000000000110100000000011001111111000000000110000000000000000000100000000000000000001000000000000000000011 #
#15470
0!
#15480
1!
b000000000000000001111100001110100000000000000000100110011110000000001111001000001111110100011111110000000000000000000000000000000000000010001100001111110000000000000000000000100000100100001111001000001111110100011111110001101000000000000000000100000100011000101000000000000000001001100111100000000000000000000000000000000000110100000000011001111111000000000110000000000000000000100000000000000000001000000000000000000011 #
#15490
0!
#15500
1!
b000000000000000001111100001110100000000000000000100110011110000000001111011111111110010100001110100000000000000000000000000000000000000010010000010011110000000000000000000000000000000000001111011111111110010100001110100000001000000000000000000100000100100000101000000000000000001001100111100000000000000000000000000000000000110100000000011001111111000000000110000000000000000000100000000000000000001000000000000000000011 #
#15510
0!
#15520
1!
b000000000000000001111100001110100000000000000000100110011110000000001111011111111110010100001110100000000000000000000000000000000000000010010000001111110000000000000000000000100000100010001111011111111110010100001110100001101000000000000000000100000100100000101000000000000000001001100111100000000000000000000000000000000000110100000000011001111111000000000110000000000000000000100000000000000000001000000000000000000011 #
#15530
0!
#15540
1!
b000000000000000001111100001110100000000000000000100110011110000000001011111100000000001110000000000100000000000000000000000000000000000010001000010011110000000000000000000000000000000000001011111100000000001110000000000100001000000000000000000100000100010000101000000000000000001001100111100000000000000000000000000000000000110100000000011001111111000000000110000000000000000000100000000000000000001000000000000000000011 #
#15550
0!
#15560
1!
b000000000000000001111100001110100000000000000000100110011110000000001011111100000000001110000000000100000000000000000000000000000000000010001000001111110000000000000000000000100000100011001011111100000000001110000000000101101000000000000000000100000100010000101000000000000000001001100111100000000000000000000000000000000000110100000000011001111111000000000110000000000000000000100000000000000000001000000000000000000011 #
#15570
0!
#15580
1!
b000000000000000001111100001110100000000000000000100110011110000000001111001000001111110100011111110000000000000000000000000000000000000010001100010011110000000000000000000000000000000000001111001000001111110100011111110000001000000000000000000100000100011000101000000000000000001001100111100000000000000000000000000000000000110100000000011001111111000000000110000000000000000000100000000000000000001000000000000000000011 #
#15590
0!
#15600
1!
b000000000000000001111100001110100000000000000000100110011110000000001111001000001111110100011111110000000000000000000000000000000000000010001100001111110000000000000000000000100000100100001111001000001111110100011111110001101000000000000000000100000100011000101000000000000000001001100111100000000000000000000000000000000000110100000000011001111111000000000110000000000000000000100000000000000000001000000000000000000011 #
#15610
0!
#15620
1!
b000000000000000001111100001110100000000000000000100110011110000000001111011111111110010100001110100000000000000000000000000000000000000010010000010011110000000000000000000000000000000000001111011111111110010100001110100000001000000000000000000100000100100000101000000000000000001001100111100000000000000000000000000000000000110100000000011001111111000000000110000000000000000000100000000000000000001000000000000000000011 #
#15630
0!
#15640
1!
b000000000000000001111100001110100000000000000000100110011110000000001111011111111110010100001110100000000000000000000000000000000000000010010000001111110000000000000000000000100000100010001111011111111110010100001110100001101000000000000000000100000100100000101000000000000000001001100111100000000000000000000000000000000000110100000000011001111111000000000110000000000000000000100000000000000000001000000000000000000011 #
#15650
0!
#15660
1!
b000000000000000001111100001110100000000000000000100110011110000000001011111100000000001110000000000100000000000000000000000000000000000010001000010011110000000000000000000000000000000000001011111100000000001110000000000100001000000000000000000100000100010000101000000000000000001001100111100000000000000000000000000000000000110100000000011001111111000000000110000000000000000000100000000000000000001000000000000000000011 #
#15670
0!
#15680
1!
b000000000000000001111100001110100000000000000000100110011110000000001011111100000000001110000000000100000000000000000000000000000000000010001000001111110000000000000000000000100000100011001011111100000000001110000000000101101000000000000000000100000100010000101000000000000000001001100111100000000000000000000000000000000000110100000000011001111111000000000110000000000000000000100000000000000000001000000000000000000011 #
#15690
0!
#15700
1!
b000000000000000001111100001110100000000000000000100110011110000000001111001000001111110100011111110000000000000000000000000000000000000010001100010011110000000000000000000000000000000000001111001000001111110100011111110000001000000000000000000100000100011000101000000000000000001001100111100000000000000000000000000000000000110100000000011001111111000000000110000000000000000000100000000000000000001000000000000000000011 #
#15710
0!
#15720
1!
b000000000000000001111100001110100000000000000000100110011110000000001111001000001111110100011111110000000000000000000000000000000000000010001100001111110000000000000000000000100000100100001111001000001111110100011111110001101000000000000000000100000100011000101000000000000000001001100111100000000000000000000000000000000000110100000000011001111111000000000110000000000000000000100000000000000000001000000000000000000011 #
#15730
0!
#15740
1!
b000000000000000001111100001110100000000000000000100110011110000000001111011111111110010100001110100000000000000000000000000000000000000010010000010011110000000000000000000000000000000000001111011111111110010100001110100000001000000000000000000100000100100000101000000000000000001001100111100000000000000000000000000000000000110100000000011001111111000000000110000000000000000000100000000000000000001000000000000000000011 #
#15750
0!
#15760
1!
b000000000000000001111100001110100000000000000000100110011110000000001111011111111110010100001110100000000000000000000000000000000000000010010000001111110000000000000000000000100000100010001111011111111110010100001110100001101000000000000000000100000100100000101000000000000000001001100111100000000000000000000000000000000000110100000000011001111111000000000110000000000000000000100000000000000000001000000000000000000011 #
#15770
0!
#15780
1!
b000000000000000001111100001110100000000000000000100110011110000000001011111100000000001110000000000100000000000000000000000000000000000010001000010011110000000000000000000000000000000000001011111100000000001110000000000100001000000000000000000100000100010000101000000000000000001001100111100000000000000000000000000000000000110100000000011001111111000000000110000000000000000000100000000000000000001000000000000000000011 #
#15790
0!
#15800
1!
b000000000000000001111100001110100000000000000000100110011110000000001011111100000000001110000000000100000000000000000000000000000000000010001000001111110000000000000000000000100000100011001011111100000000001110000000000101101000000000000000000100000100010000101000000000000000001001100111100000000000000000000000000000000000110100000000011001111111000000000110000000000000000000100000000000000000001000000000000000000011 #
#15810
0!
#15820
1!
b000000000000000001111100001110100000000000000000100110011110000000001111001000001111110100011111110000000000000000000000000000000000000010001100010011110000000000000000000000000000000000001111001000001111110100011111110000001000000000000000000100000100011000101000000000000000001001100111100000000000000000000000000000000000110100000000011001111111000000000110000000000000000000100000000000000000001000000000000000000011 #
#15830
0!
#15840
1!
b000000000000000001111100001110100000000000000000100110011110000000001111001000001111110100011111110000000000000000000000000000000000000010001100001111110000000000000000000000100000100100001111001000001111110100011111110001101000000000000000000100000100011000101000000000000000001001100111100000000000000000000000000000000000110100000000011001111111000000000110000000000000000000100000000000000000001000000000000000000011 #
#15850
0!
#15860
1!
b000000000000000001111100001110100000000000000000100110011110000000001111011111111110010100001110100000000000000000000000000000000000000010010000010011110000000000000000000000000000000000001111011111111110010100001110100000001000000000000000000100000100100000101000000000000000001001100111100000000000000000000000000000000000110100000000011001111111000000000110000000000000000000100000000000000000001000000000000000000011 #
#15870
0!
#15880
1!
b000000000000000001111100001110100000000000000000100110011110000000001111011111111110010100001110100000000000000000000000000000000000000010010000001111110000000000000000000000100000100010001111011111111110010100001110100001101000000000000000000100000100100000101000000000000000001001100111100000000000000000000000000000000000110100000000011001111111000000000110000000000000000000100000000000000000001000000000000000000011 #
#15890
0!
#15900
1!
b000000000000000001111100001110100000000000000000100110011110000000001011111100000000001110000000000100000000000000000000000000000000000010001000010011110000000000000000000000000000000000001011111100000000001110000000000100001000000000000000000100000100010000101000000000000000001001100111100000000000000000000000000000000000110100000000011001111111000000000110000000000000000000100000000000000000001000000000000000000011 #
#15910
0!
#15920
1!
b000000000000000001111100001110100000000000000000100110011110000000001011111100000000001110000000000100000000000000000000000000000000000010001000001111110000000000000000000000100000100011001011111100000000001110000000000101101000000000000000000100000100010000101000000000000000001001100111100000000000000000000000000000000000110100000000011001111111000000000110000000000000000000100000000000000000001000000000000000000011 #
#15930
0!
#15940
1!
b000000000000000001111100001110100000000000000000100110011110000000001111001000001111110100011111110000000000000000000000000000000000000010001100010011110000000000000000000000000000000000001111001000001111110100011111110000001000000000000000000100000100011000101000000000000000001001100111100000000000000000000000000000000000110100000000011001111111000000000110000000000000000000100000000000000000001000000000000000000011 #
#15950
0!
#15960
1!
b000000000000000001111100001110100000000000000000100110011110000000001111001000001111110100011111110000000000000000000000000000000000000010001100001111110000000000000000000000100000100100001111001000001111110100011111110001101000000000000000000100000100011000101000000000000000001001100111100000000000000000000000000000000000110100000000011001111111000000000110000000000000000000100000000000000000001000000000000000000011 #
#15970
0!
#15980
1!
b000000000000000001111100001110100000000000000000100110011110000000001111011111111110010100001110100000000000000000000000000000000000000010010000010011110000000000000000000000000000000000001111011111111110010100001110100000001000000000000000000100000100100000101000000000000000001001100111100000000000000000000000000000000000110100000000011001111111000000000110000000000000000000100000000000000000001000000000000000000011 #
#15990
0!
#16000
1!
b000000000000000001111100001110100000000000000000100110011110000000001111011111111110010100001110100000000000000000000000000000000000000010010000001111110000000000000000000000100000100010001111011111111110010100001110100001101000000000000000000100000100100000101000000000000000001001100111100000000000000000000000000000000000110100000000011001111111000000000110000000000000000000100000000000000000001000000000000000000011 #
#16010
0!
#16020
1!
b000000000000000001111100001110100000000000000000100110011110000000001011111100000000001110000000000100000000000000000000000000000000000010001000010011110000000000000000000000000000000000001011111100000000001110000000000100001000000000000000000100000100010000101000000000000000001001100111100000000000000000000000000000000000110100000000011001111111000000000110000000000000000000100000000000000000001000000000000000000011 #
#16030
0!
#16040
1!
b000000000000000001111100001110100000000000000000100110011110000000001011111100000000001110000000000100000000000000000000000000000000000010001000001111110000000000000000000000100000100011001011111100000000001110000000000101101000000000000000000100000100010000101000000000000000001001100111100000000000000000000000000000000000110100000000011001111111000000000110000000000000000000100000000000000000001000000000000000000011 #
#16050
0!
#16060
1!
b000000000000000001111100001110100000000000000000100110011110000000001111001000001111110100011111110000000000000000000000000000000000000010001100010011110000000000000000000000000000000000001111001000001111110100011111110000001000000000000000000100000100011000101000000000000000001001100111100000000000000000000000000000000000110100000000011001111111000000000110000000000000000000100000000000000000001000000000000000000011 #
#16070
0!
#16080
1!
b000000000000000001111100001110100000000000000000100110011110000000001111001000001111110100011111110000000000000000000000000000000000000010001100001111110000000000000000000000100000100100001111001000001111110100011111110001101000000000000000000100000100011000101000000000000000001001100111100000000000000000000000000000000000110100000000011001111111000000000110000000000000000000100000000000000000001000000000000000000011 #
#16090
0!
#16100
1!
b000000000000000001111100001110100000000000000000100110011110000000001111011111111110010100001110100000000000000000000000000000000000000010010000010011110000000000000000000000000000000000001111011111111110010100001110100000001000000000000000000100000100100000101000000000000000001001100111100000000000000000000000000000000000110100000000011001111111000000000110000000000000000000100000000000000000001000000000000000000011 #
#16110
0!
#16120
1!
b000000000000000001111100001110100000000000000000100110011110000000001111011111111110010100001110100000000000000000000000000000000000000010010000001111110000000000000000000000100000100010001111011111111110010100001110100001101000000000000000000100000100100000101000000000000000001001100111100000000000000000000000000000000000110100000000011001111111000000000110000000000000000000100000000000000000001000000000000000000011 #
#16130
0!
#16140
1!
b000000000000000001111100001110100000000000000000100110011110000000001011111100000000001110000000000100000000000000000000000000000000000010001000010011110000000000000000000000000000000000001011111100000000001110000000000100001000000000000000000100000100010000101000000000000000001001100111100000000000000000000000000000000000110100000000011001111111000000000110000000000000000000100000000000000000001000000000000000000011 #
#16150
0!
#16160
1!
b000000000000000001111100001110100000000000000000100110011110000000001011111100000000001110000000000100000000000000000000000000000000000010001000001111110000000000000000000000100000100011001011111100000000001110000000000101101000000000000000000100000100010000101000000000000000001001100111100000000000000000000000000000000000110100000000011001111111000000000110000000000000000000100000000000000000001000000000000000000011 #
#16170
0!
#16180
1!
b000000000000000001111100001110100000000000000000100110011110000000001111001000001111110100011111110000000000000000000000000000000000000010001100010011110000000000000000000000000000000000001111001000001111110100011111110000001000000000000000000100000100011000101000000000000000001001100111100000000000000000000000000000000000110100000000011001111111000000000110000000000000000000100000000000000000001000000000000000000011 #
#16190
0!
#16200
1!
b000000000000000001111100001110100000000000000000100110011110000000001111001000001111110100011111110000000000000000000000000000000000000010001100001111110000000000000000000000100000100100001111001000001111110100011111110001101000000000000000000100000100011000101000000000000000001001100111100000000000000000000000000000000000110100000000011001111111000000000110000000000000000000100000000000000000001000000000000000000011 #
#16210
0!
#16220
1!
b000000000000000001111100001110100000000000000000100110011110000000001111011111111110010100001110100000000000000000000000000000000000000010010000010011110000000000000000000000000000000000001111011111111110010100001110100000001000000000000000000100000100100000101000000000000000001001100111100000000000000000000000000000000000110100000000011001111111000000000110000000000000000000100000000000000000001000000000000000000011 #
#16230
0!
#16240
1!
b000000000000000001111100001110100000000000000000100110011110000000001111011111111110010100001110100000000000000000000000000000000000000010010000001111110000000000000000000000100000100010001111011111111110010100001110100001101000000000000000000100000100100000101000000000000000001001100111100000000000000000000000000000000000110100000000011001111111000000000110000000000000000000100000000000000000001000000000000000000011 #
#16250
0!
#16260
1!
b000000000000000001111100001110100000000000000000100110011110000000001011111100000000001110000000000100000000000000000000000000000000000010001000010011110000000000000000000000000000000000001011111100000000001110000000000100001000000000000000000100000100010000101000000000000000001001100111100000000000000000000000000000000000110100000000011001111111000000000110000000000000000000100000000000000000001000000000000000000011 #
#16270
0!
#16280
1!
b000000000000000001111100001110100000000000000000100110011110000000001011111100000000001110000000000100000000000000000000000000000000000010001000001111110000000000000000000000100000100011001011111100000000001110000000000101101000000000000000000100000100010000101000000000000000001001100111100000000000000000000000000000000000110100000000011001111111000000000110000000000000000000100000000000000000001000000000000000000011 #
#16290
0!
#16300
1!
b000000000000000001111100001110100000000000000000100110011110000000001111001000001111110100011111110000000000000000000000000000000000000010001100010011110000000000000000000000000000000000001111001000001111110100011111110000001000000000000000000100000100011000101000000000000000001001100111100000000000000000000000000000000000110100000000011001111111000000000110000000000000000000100000000000000000001000000000000000000011 #
#16310
0!
#16320
1!
b000000000000000001111100001110100000000000000000100110011110000000001111001000001111110100011111110000000000000000000000000000000000000010001100001111110000000000000000000000100000100100001111001000001111110100011111110001101000000000000000000100000100011000101000000000000000001001100111100000000000000000000000000000000000110100000000011001111111000000000110000000000000000000100000000000000000001000000000000000000011 #
#16330
0!
#16340
1!
b000000000000000001111100001110100000000000000000100110011110000000001111011111111110010100001110100000000000000000000000000000000000000010010000010011110000000000000000000000000000000000001111011111111110010100001110100000001000000000000000000100000100100000101000000000000000001001100111100000000000000000000000000000000000110100000000011001111111000000000110000000000000000000100000000000000000001000000000000000000011 #
#16350
0!
#16360
1!
b000000000000000001111100001110100000000000000000100110011110000000001111011111111110010100001110100000000000000000000000000000000000000010010000001111110000000000000000000000100000100010001111011111111110010100001110100001101000000000000000000100000100100000101000000000000000001001100111100000000000000000000000000000000000110100000000011001111111000000000110000000000000000000100000000000000000001000000000000000000011 #
#16370
0!
#16380
1!
b000000000000000001111100001110100000000000000000100110011110000000001011111100000000001110000000000100000000000000000000000000000000000010001000010011110000000000000000000000000000000000001011111100000000001110000000000100001000000000000000000100000100010000101000000000000000001001100111100000000000000000000000000000000000110100000000011001111111000000000110000000000000000000100000000000000000001000000000000000000011 #
#16390
0!
#16400
1!
b000000000000000001111100001110100000000000000000100110011110000000001011111100000000001110000000000100000000000000000000000000000000000010001000001111110000000000000000000000100000100011001011111100000000001110000000000101101000000000000000000100000100010000101000000000000000001001100111100000000000000000000000000000000000110100000000011001111111000000000110000000000000000000100000000000000000001000000000000000000011 #
#16410
0!
#16420
1!
b000000000000000001111100001110100000000000000000100110011110000000001111001000001111110100011111110000000000000000000000000000000000000010001100010011110000000000000000000000000000000000001111001000001111110100011111110000001000000000000000000100000100011000101000000000000000001001100111100000000000000000000000000000000000110100000000011001111111000000000110000000000000000000100000000000000000001000000000000000000011 #
#16430
0!
#16440
1!
b000000000000000001111100001110100000000000000000100110011110000000001111001000001111110100011111110000000000000000000000000000000000000010001100001111110000000000000000000000100000100100001111001000001111110100011111110001101000000000000000000100000100011000101000000000000000001001100111100000000000000000000000000000000000110100000000011001111111000000000110000000000000000000100000000000000000001000000000000000000011 #
#16450
0!
#16460
1!
b000000000000000001111100001110100000000000000000100110011110000000001111011111111110010100001110100000000000000000000000000000000000000010010000010011110000000000000000000000000000000000001111011111111110010100001110100000001000000000000000000100000100100000101000000000000000001001100111100000000000000000000000000000000000110100000000011001111111000000000110000000000000000000100000000000000000001000000000000000000011 #
#16470
0!
#16480
1!
b000000000000000001111100001110100000000000000000100110011110000000001111011111111110010100001110100000000000000000000000000000000000000010010000001111110000000000000000000000100000100010001111011111111110010100001110100001101000000000000000000100000100100000101000000000000000001001100111100000000000000000000000000000000000110100000000011001111111000000000110000000000000000000100000000000000000001000000000000000000011 #
#16490
0!
#16500
1!
b000000000000000001111100001110100000000000000000100110011110000000001011111100000000001110000000000100000000000000000000000000000000000010001000010011110000000000000000000000000000000000001011111100000000001110000000000100001000000000000000000100000100010000101000000000000000001001100111100000000000000000000000000000000000110100000000011001111111000000000110000000000000000000100000000000000000001000000000000000000011 #
#16510
0!
#16520
1!
b000000000000000001111100001110100000000000000000100110011110000000001011111100000000001110000000000100000000000000000000000000000000000010001000001111110000000000000000000000100000100011001011111100000000001110000000000101101000000000000000000100000100010000101000000000000000001001100111100000000000000000000000000000000000110100000000011001111111000000000110000000000000000000100000000000000000001000000000000000000011 #
#16530
0!
#16540
1!
b000000000000000001111100001110100000000000000000100110011110000000001111001000001111110100011111110000000000000000000000000000000000000010001100010011110000000000000000000000000000000000001111001000001111110100011111110000001000000000000000000100000100011000101000000000000000001001100111100000000000000000000000000000000000110100000000011001111111000000000110000000000000000000100000000000000000001000000000000000000011 #
#16550
0!
#16560
1!
b000000000000000001111100001110100000000000000000100110011110000000001111001000001111110100011111110000000000000000000000000000000000000010001100001111110000000000000000000000100000100100001111001000001111110100011111110001101000000000000000000100000100011000101000000000000000001001100111100000000000000000000000000000000000110100000000011001111111000000000110000000000000000000100000000000000000001000000000000000000011 #
#16570
0!
#16580
1!
b000000000000000001111100001110100000000000000000100110011110000000001111011111111110010100001110100000000000000000000000000000000000000010010000010011110000000000000000000000000000000000001111011111111110010100001110100000001000000000000000000100000100100000101000000000000000001001100111100000000000000000000000000000000000110100000000011001111111000000000110000000000000000000100000000000000000001000000000000000000011 #
#16590
0!
#16600
1!
b000000000000000001111100001110100000000000000000100110011110000000001111011111111110010100001110100000000000000000000000000000000000000010010000001111110000000000000000000000100000100010001111011111111110010100001110100001101000000000000000000100000100100000101000000000000000001001100111100000000000000000000000000000000000110100000000011001111111000000000110000000000000000000100000000000000000001000000000000000000011 #
#16610
0!
#16620
1!
b000000000000000001111100001110100000000000000000100110011110000000001011111100000000001110000000000100000000000000000000000000000000000010001000010011110000000000000000000000000000000000001011111100000000001110000000000100001000000000000000000100000100010000101000000000000000001001100111100000000000000000000000000000000000110100000000011001111111000000000110000000000000000000100000000000000000001000000000000000000011 #
#16630
0!
#16640
1!
b000000000000000001111100001110100000000000000000100110011110000000001011111100000000001110000000000100000000000000000000000000000000000010001000001111110000000000000000000000100000100011001011111100000000001110000000000101101000000000000000000100000100010000101000000000000000001001100111100000000000000000000000000000000000110100000000011001111111000000000110000000000000000000100000000000000000001000000000000000000011 #
#16650
0!
#16660
1!
b000000000000000001111100001110100000000000000000100110011110000000001111001000001111110100011111110000000000000000000000000000000000000010001100010011110000000000000000000000000000000000001111001000001111110100011111110000001000000000000000000100000100011000101000000000000000001001100111100000000000000000000000000000000000110100000000011001111111000000000110000000000000000000100000000000000000001000000000000000000011 #
#16670
0!
#16680
1!
b000000000000000001111100001110100000000000000000100110011110000000001111001000001111110100011111110000000000000000000000000000000000000010001100001111110000000000000000000000100000100100001111001000001111110100011111110001101000000000000000000100000100011000101000000000000000001001100111100000000000000000000000000000000000110100000000011001111111000000000110000000000000000000100000000000000000001000000000000000000011 #
#16690
0!
#16700
1!
b000000000000000001111100001110100000000000000000100110011110000000001111011111111110010100001110100000000000000000000000000000000000000010010000010011110000000000000000000000000000000000001111011111111110010100001110100000001000000000000000000100000100100000101000000000000000001001100111100000000000000000000000000000000000110100000000011001111111000000000110000000000000000000100000000000000000001000000000000000000011 #
#16710
0!
#16720
1!
b000000000000000001111100001110100000000000000000100110011110000000001111011111111110010100001110100000000000000000000000000000000000000010010000001111110000000000000000000000100000100010001111011111111110010100001110100001101000000000000000000100000100100000101000000000000000001001100111100000000000000000000000000000000000110100000000011001111111000000000110000000000000000000100000000000000000001000000000000000000011 #
#16730
0!
#16740
1!
b000000000000000001111100001110100000000000000000100110011110000000001011111100000000001110000000000100000000000000000000000000000000000010001000010011110000000000000000000000000000000000001011111100000000001110000000000100001000000000000000000100000100010000101000000000000000001001100111100000000000000000000000000000000000110100000000011001111111000000000110000000000000000000100000000000000000001000000000000000000011 #
#16750
0!
#16760
1!
b000000000000000001111100001110100000000000000000100110011110000000001011111100000000001110000000000100000000000000000000000000000000000010001000001111110000000000000000000000100000100011001011111100000000001110000000000101101000000000000000000100000100010000101000000000000000001001100111100000000000000000000000000000000000110100000000011001111111000000000110000000000000000000100000000000000000001000000000000000000011 #
#16770
0!
#16780
1!
b000000000000000001111100001110100000000000000000100110011110000000001111001000001111110100011111110000000000000000000000000000000000000010001100010011110000000000000000000000000000000000001111001000001111110100011111110000001000000000000000000100000100011000101000000000000000001001100111100000000000000000000000000000000000110100000000011001111111000000000110000000000000000000100000000000000000001000000000000000000011 #
#16790
0!
#16800
1!
b000000000000000001111100001110100000000000000000100110011110000000001111001000001111110100011111110000000000000000000000000000000000000010001100001111110000000000000000000000100000100100001111001000001111110100011111110001101000000000000000000100000100011000101000000000000000001001100111100000000000000000000000000000000000110100000000011001111111000000000110000000000000000000100000000000000000001000000000000000000011 #
#16810
0!
#16820
1!
b000000000000000001111100001110100000000000000000100110011110000000001111011111111110010100001110100000000000000000000000000000000000000010010000010011110000000000000000000000000000000000001111011111111110010100001110100000001000000000000000000100000100100000101000000000000000001001100111100000000000000000000000000000000000110100000000011001111111000000000110000000000000000000100000000000000000001000000000000000000011 #
#16830
0!
#16840
1!
b000000000000000001111100001110100000000000000000100110011110000000001111011111111110010100001110100000000000000000000000000000000000000010010000001111110000000000000000000000100000100010001111011111111110010100001110100001101000000000000000000100000100100000101000000000000000001001100111100000000000000000000000000000000000110100000000011001111111000000000110000000000000000000100000000000000000001000000000000000000011 #
#16850
0!
#16860
1!
b000000000000000001111100001110100000000000000000100110011110000000001011111100000000001110000000000100000000000000000000000000000000000010001000010011110000000000000000000000000000000000001011111100000000001110000000000100001000000000000000000100000100010000101000000000000000001001100111100000000000000000000000000000000000110100000000011001111111000000000110000000000000000000100000000000000000001000000000000000000011 #
#16870
0!
#16880
1!
b000000000000000001111100001110100000000000000000100110011110000000001011111100000000001110000000000100000000000000000000000000000000000010001000001111110000000000000000000000100000100011001011111100000000001110000000000101101000000000000000000100000100010000101000000000000000001001100111100000000000000000000000000000000000110100000000011001111111000000000110000000000000000000100000000000000000001000000000000000000011 #
#16890
0!
#16900
1!
b000000000000000001111100001110100000000000000000100110011110000000001111001000001111110100011111110000000000000000000000000000000000000010001100010011110000000000000000000000000000000000001111001000001111110100011111110000001000000000000000000100000100011000101000000000000000001001100111100000000000000000000000000000000000110100000000011001111111000000000110000000000000000000100000000000000000001000000000000000000011 #
#16910
0!
#16920
1!
b000000000000000001111100001110100000000000000000100110011110000000001111001000001111110100011111110000000000000000000000000000000000000010001100001111110000000000000000000000100000100100001111001000001111110100011111110001101000000000000000000100000100011000101000000000000000001001100111100000000000000000000000000000000000110100000000011001111111000000000110000000000000000000100000000000000000001000000000000000000011 #
#16930
0!
#16940
1!
b000000000000000001111100001110100000000000000000100110011110000000001111011111111110010100001110100000000000000000000000000000000000000010010000010011110000000000000000000000000000000000001111011111111110010100001110100000001000000000000000000100000100100000101000000000000000001001100111100000000000000000000000000000000000110100000000011001111111000000000110000000000000000000100000000000000000001000000000000000000011 #
#16950
0!
#16960
1!
b000000000000000001111100001110100000000000000000100110011110000000001111011111111110010100001110100000000000000000000000000000000000000010010000001111110000000000000000000000100000100010001111011111111110010100001110100001101000000000000000000100000100100000101000000000000000001001100111100000000000000000000000000000000000110100000000011001111111000000000110000000000000000000100000000000000000001000000000000000000011 #
#16970
0!
#16980
1!
b000000000000000001111100001110100000000000000000100110011110000000001011111100000000001110000000000100000000000000000000000000000000000010001000010011110000000000000000000000000000000000001011111100000000001110000000000100001000000000000000000100000100010000101000000000000000001001100111100000000000000000000000000000000000110100000000011001111111000000000110000000000000000000100000000000000000001000000000000000000011 #
#16990
0!
#17000
1!
b000000000000000001111100001110100000000000000000100110011110000000001011111100000000001110000000000100000000000000000000000000000000000010001000001111110000000000000000000000100000100011001011111100000000001110000000000101101000000000000000000100000100010000101000000000000000001001100111100000000000000000000000000000000000110100000000011001111111000000000110000000000000000000100000000000000000001000000000000000000011 #
#17010
0!
#17020
1!
b000000000000000001111100001110100000000000000000100110011110000000001111001000001111110100011111110000000000000000000000000000000000000010001100010011110000000000000000000000000000000000001111001000001111110100011111110000001000000000000000000100000100011000101000000000000000001001100111100000000000000000000000000000000000110100000000011001111111000000000110000000000000000000100000000000000000001000000000000000000011 #
#17030
0!
#17040
1!
b000000000000000001111100001110100000000000000000100110011110000000001111001000001111110100011111110000000000000000000000000000000000000010001100001111110000000000000000000000100000100100001111001000001111110100011111110001101000000000000000000100000100011000101000000000000000001001100111100000000000000000000000000000000000110100000000011001111111000000000110000000000000000000100000000000000000001000000000000000000011 #
#17050
0!
#17060
1!
b000000000000000001111100001110100000000000000000100110011110000000001111011111111110010100001110100000000000000000000000000000000000000010010000010011110000000000000000000000000000000000001111011111111110010100001110100000001000000000000000000100000100100000101000000000000000001001100111100000000000000000000000000000000000110100000000011001111111000000000110000000000000000000100000000000000000001000000000000000000011 #
#17070
0!
#17080
1!
b000000000000000001111100001110100000000000000000100110011110000000001111011111111110010100001110100000000000000000000000000000000000000010010000001111110000000000000000000000100000100010001111011111111110010100001110100001101000000000000000000100000100100000101000000000000000001001100111100000000000000000000000000000000000110100000000011001111111000000000110000000000000000000100000000000000000001000000000000000000011 #
#17090
0!
#17100
1!
b000000000000000001111100001110100000000000000000100110011110000000001011111100000000001110000000000100000000000000000000000000000000000010001000010011110000000000000000000000000000000000001011111100000000001110000000000100001000000000000000000100000100010000101000000000000000001001100111100000000000000000000000000000000000110100000000011001111111000000000110000000000000000000100000000000000000001000000000000000000011 #
#17110
0!
#17120
1!
b000000000000000001111100001110100000000000000000100110011110000000001011111100000000001110000000000100000000000000000000000000000000000010001000001111110000000000000000000000100000100011001011111100000000001110000000000101101000000000000000000100000100010000101000000000000000001001100111100000000000000000000000000000000000110100000000011001111111000000000110000000000000000000100000000000000000001000000000000000000011 #
#17130
0!
#17140
1!
b000000000000000001111100001110100000000000000000100110011110000000001111001000001111110100011111110000000000000000000000000000000000000010001100010011110000000000000000000000000000000000001111001000001111110100011111110000001000000000000000000100000100011000101000000000000000001001100111100000000000000000000000000000000000110100000000011001111111000000000110000000000000000000100000000000000000001000000000000000000011 #
#17150
0!
#17160
1!
b000000000000000001111100001110100000000000000000100110011110000000001111001000001111110100011111110000000000000000000000000000000000000010001100001111110000000000000000000000100000100100001111001000001111110100011111110001101000000000000000000100000100011000101000000000000000001001100111100000000000000000000000000000000000110100000000011001111111000000000110000000000000000000100000000000000000001000000000000000000011 #
#17170
0!
#17180
1!
b000000000000000001111100001110100000000000000000100110011110000000001111011111111110010100001110100000000000000000000000000000000000000010010000010011110000000000000000000000000000000000001111011111111110010100001110100000001000000000000000000100000100100000101000000000000000001001100111100000000000000000000000000000000000110100000000011001111111000000000110000000000000000000100000000000000000001000000000000000000011 #
#17190
0!
#17200
1!
b000000000000000001111100001110100000000000000000100110011110000000001111011111111110010100001110100000000000000000000000000000000000000010010000001111110000000000000000000000100000100010001111011111111110010100001110100001101000000000000000000100000100100000101000000000000000001001100111100000000000000000000000000000000000110100000000011001111111000000000110000000000000000000100000000000000000001000000000000000000011 #
#17210
0!
#17220
1!
b000000000000000001111100001110100000000000000000100110011110000000001011111100000000001110000000000100000000000000000000000000000000000010001000010011110000000000000000000000000000000000001011111100000000001110000000000100001000000000000000000100000100010000101000000000000000001001100111100000000000000000000000000000000000110100000000011001111111000000000110000000000000000000100000000000000000001000000000000000000011 #
#17230
0!
#17240
1!
b000000000000000001111100001110100000000000000000100110011110000000001011111100000000001110000000000100000000000000000000000000000000000010001000001111110000000000000000000000100000100011001011111100000000001110000000000101101000000000000000000100000100010000101000000000000000001001100111100000000000000000000000000000000000110100000000011001111111000000000110000000000000000000100000000000000000001000000000000000000011 #
#17250
0!
#17260
1!
b000000000000000001111100001110100000000000000000100110011110000000001111001000001111110100011111110000000000000000000000000000000000000010001100010011110000000000000000000000000000000000001111001000001111110100011111110000001000000000000000000100000100011000101000000000000000001001100111100000000000000000000000000000000000110100000000011001111111000000000110000000000000000000100000000000000000001000000000000000000011 #
#17270
0!
#17280
1!
b000000000000000001111100001110100000000000000000100110011110000000001111001000001111110100011111110000000000000000000000000000000000000010001100001111110000000000000000000000100000100100001111001000001111110100011111110001101000000000000000000100000100011000101000000000000000001001100111100000000000000000000000000000000000110100000000011001111111000000000110000000000000000000100000000000000000001000000000000000000011 #
#17290
0!
#17300
1!
b000000000000000001111100001110100000000000000000100110011110000000001111011111111110010100001110100000000000000000000000000000000000000010010000010011110000000000000000000000000000000000001111011111111110010100001110100000001000000000000000000100000100100000101000000000000000001001100111100000000000000000000000000000000000110100000000011001111111000000000110000000000000000000100000000000000000001000000000000000000011 #
#17310
0!
#17320
1!
b000000000000000001111100001110100000000000000000100110011110000000001111011111111110010100001110100000000000000000000000000000000000000010010000001111110000000000000000000000100000100010001111011111111110010100001110100001101000000000000000000100000100100000101000000000000000001001100111100000000000000000000000000000000000110100000000011001111111000000000110000000000000000000100000000000000000001000000000000000000011 #
#17330
0!
#17340
1!
b000000000000000001111100001110100000000000000000100110011110000000001011111100000000001110000000000100000000000000000000000000000000000010001000010011110000000000000000000000000000000000001011111100000000001110000000000100001000000000000000000100000100010000101000000000000000001001100111100000000000000000000000000000000000110100000000011001111111000000000110000000000000000000100000000000000000001000000000000000000011 #
#17350
0!
#17360
1!
b000000000000000001111100001110100000000000000000100110011110000000001011111100000000001110000000000100000000000000000000000000000000000010001000001111110000000000000000000000100000100011001011111100000000001110000000000101101000000000000000000100000100010000101000000000000000001001100111100000000000000000000000000000000000110100000000011001111111000000000110000000000000000000100000000000000000001000000000000000000011 #
#17370
0!
#17380
1!
b000000000000000001111100001110100000000000000000100110011110000000001111001000001111110100011111110000000000000000000000000000000000000010001100010011110000000000000000000000000000000000001111001000001111110100011111110000001000000000000000000100000100011000101000000000000000001001100111100000000000000000000000000000000000110100000000011001111111000000000110000000000000000000100000000000000000001000000000000000000011 #
#17390
0!
#17400
1!
b000000000000000001111100001110100000000000000000100110011110000000001111001000001111110100011111110000000000000000000000000000000000000010001100001111110000000000000000000000100000100100001111001000001111110100011111110001101000000000000000000100000100011000101000000000000000001001100111100000000000000000000000000000000000110100000000011001111111000000000110000000000000000000100000000000000000001000000000000000000011 #
#17410
0!
#17420
1!
b000000000000000001111100001110100000000000000000100110011110000000001111011111111110010100001110100000000000000000000000000000000000000010010000010011110000000000000000000000000000000000001111011111111110010100001110100000001000000000000000000100000100100000101000000000000000001001100111100000000000000000000000000000000000110100000000011001111111000000000110000000000000000000100000000000000000001000000000000000000011 #
#17430
0!
#17440
1!
b000000000000000001111100001110100000000000000000100110011110000000001111011111111110010100001110100000000000000000000000000000000000000010010000001111110000000000000000000000100000100010001111011111111110010100001110100001101000000000000000000100000100100000101000000000000000001001100111100000000000000000000000000000000000110100000000011001111111000000000110000000000000000000100000000000000000001000000000000000000011 #
#17450
0!
#17460
1!
b000000000000000001111100001110100000000000000000100110011110000000001011111100000000001110000000000100000000000000000000000000000000000010001000010011110000000000000000000000000000000000001011111100000000001110000000000100001000000000000000000100000100010000101000000000000000001001100111100000000000000000000000000000000000110100000000011001111111000000000110000000000000000000100000000000000000001000000000000000000011 #
#17470
0!
#17480
1!
b000000000000000001111100001110100000000000000000100110011110000000001011111100000000001110000000000100000000000000000000000000000000000010001000001111110000000000000000000000100000100011001011111100000000001110000000000101101000000000000000000100000100010000101000000000000000001001100111100000000000000000000000000000000000110100000000011001111111000000000110000000000000000000100000000000000000001000000000000000000011 #
#17490
0!
#17500
1!
b000000000000000001111100001110100000000000000000100110011110000000001111001000001111110100011111110000000000000000000000000000000000000010001100010011110000000000000000000000000000000000001111001000001111110100011111110000001000000000000000000100000100011000101000000000000000001001100111100000000000000000000000000000000000110100000000011001111111000000000110000000000000000000100000000000000000001000000000000000000011 #
#17510
0!
#17520
1!
b000000000000000001111100001110100000000000000000100110011110000000001111001000001111110100011111110000000000000000000000000000000000000010001100001111110000000000000000000000100000100100001111001000001111110100011111110001101000000000000000000100000100011000101000000000000000001001100111100000000000000000000000000000000000110100000000011001111111000000000110000000000000000000100000000000000000001000000000000000000011 #
#17530
0!
#17540
1!
b000000000000000001111100001110100000000000000000100110011110000000001111011111111110010100001110100000000000000000000000000000000000000010010000010011110000000000000000000000000000000000001111011111111110010100001110100000001000000000000000000100000100100000101000000000000000001001100111100000000000000000000000000000000000110100000000011001111111000000000110000000000000000000100000000000000000001000000000000000000011 #
#17550
0!
#17560
1!
b000000000000000001111100001110100000000000000000100110011110000000001111011111111110010100001110100000000000000000000000000000000000000010010000001111110000000000000000000000100000100010001111011111111110010100001110100001101000000000000000000100000100100000101000000000000000001001100111100000000000000000000000000000000000110100000000011001111111000000000110000000000000000000100000000000000000001000000000000000000011 #
#17570
0!
#17580
1!
b000000000000000001111100001110100000000000000000100110011110000000001011111100000000001110000000000100000000000000000000000000000000000010001000010011110000000000000000000000000000000000001011111100000000001110000000000100001000000000000000000100000100010000101000000000000000001001100111100000000000000000000000000000000000110100000000011001111111000000000110000000000000000000100000000000000000001000000000000000000011 #
#17590
0!
#17600
1!
b000000000000000001111100001110100000000000000000100110011110000000001011111100000000001110000000000100000000000000000000000000000000000010001000001111110000000000000000000000100000100011001011111100000000001110000000000101101000000000000000000100000100010000101000000000000000001001100111100000000000000000000000000000000000110100000000011001111111000000000110000000000000000000100000000000000000001000000000000000000011 #
#17610
0!
#17620
1!
b000000000000000001111100001110100000000000000000100110011110000000001111001000001111110100011111110000000000000000000000000000000000000010001100010011110000000000000000000000000000000000001111001000001111110100011111110000001000000000000000000100000100011000101000000000000000001001100111100000000000000000000000000000000000110100000000011001111111000000000110000000000000000000100000000000000000001000000000000000000011 #
#17630
0!
#17640
1!
b000000000000000001111100001110100000000000000000100110011110000000001111001000001111110100011111110000000000000000000000000000000000000010001100001111110000000000000000000000100000100100001111001000001111110100011111110001101000000000000000000100000100011000101000000000000000001001100111100000000000000000000000000000000000110100000000011001111111000000000110000000000000000000100000000000000000001000000000000000000011 #
#17650
0!
#17660
1!
b000000000000000001111100001110100000000000000000100110011110000000001111011111111110010100001110100000000000000000000000000000000000000010010000010011110000000000000000000000000000000000001111011111111110010100001110100000001000000000000000000100000100100000101000000000000000001001100111100000000000000000000000000000000000110100000000011001111111000000000110000000000000000000100000000000000000001000000000000000000011 #
#17670
0!
#17680
1!
b000000000000000001111100001110100000000000000000100110011110000000001111011111111110010100001110100000000000000000000000000000000000000010010000001111110000000000000000000000100000100010001111011111111110010100001110100001101000000000000000000100000100100000101000000000000000001001100111100000000000000000000000000000000000110100000000011001111111000000000110000000000000000000100000000000000000001000000000000000000011 #
#17690
0!
#17700
1!
b000000000000000001111100001110100000000000000000100110011110000000001011111100000000001110000000000100000000000000000000000000000000000010001000010011110000000000000000000000000000000000001011111100000000001110000000000100001000000000000000000100000100010000101000000000000000001001100111100000000000000000000000000000000000110100000000011001111111000000000110000000000000000000100000000000000000001000000000000000000011 #
#17710
0!
#17720
1!
b000000000000000001111100001110100000000000000000100110011110000000001011111100000000001110000000000100000000000000000000000000000000000010001000001111110000000000000000000000100000100011001011111100000000001110000000000101101000000000000000000100000100010000101000000000000000001001100111100000000000000000000000000000000000110100000000011001111111000000000110000000000000000000100000000000000000001000000000000000000011 #
#17730
0!
#17740
1!
b000000000000000001111100001110100000000000000000100110011110000000001111001000001111110100011111110000000000000000000000000000000000000010001100010011110000000000000000000000000000000000001111001000001111110100011111110000001000000000000000000100000100011000101000000000000000001001100111100000000000000000000000000000000000110100000000011001111111000000000110000000000000000000100000000000000000001000000000000000000011 #
#17750
0!
#17760
1!
b000000000000000001111100001110100000000000000000100110011110000000001111001000001111110100011111110000000000000000000000000000000000000010001100001111110000000000000000000000100000100100001111001000001111110100011111110001101000000000000000000100000100011000101000000000000000001001100111100000000000000000000000000000000000110100000000011001111111000000000110000000000000000000100000000000000000001000000000000000000011 #
#17770
0!
#17780
1!
b000000000000000001111100001110100000000000000000100110011110000000001111011111111110010100001110100000000000000000000000000000000000000010010000010011110000000000000000000000000000000000001111011111111110010100001110100000001000000000000000000100000100100000101000000000000000001001100111100000000000000000000000000000000000110100000000011001111111000000000110000000000000000000100000000000000000001000000000000000000011 #
#17790
0!
#17800
1!
b000000000000000001111100001110100000000000000000100110011110000000001111011111111110010100001110100000000000000000000000000000000000000010010000001111110000000000000000000000100000100010001111011111111110010100001110100001101000000000000000000100000100100000101000000000000000001001100111100000000000000000000000000000000000110100000000011001111111000000000110000000000000000000100000000000000000001000000000000000000011 #
#17810
0!
#17820
1!
b000000000000000001111100001110100000000000000000100110011110000000001011111100000000001110000000000100000000000000000000000000000000000010001000010011110000000000000000000000000000000000001011111100000000001110000000000100001000000000000000000100000100010000101000000000000000001001100111100000000000000000000000000000000000110100000000011001111111000000000110000000000000000000100000000000000000001000000000000000000011 #
#17830
0!
#17840
1!
b000000000000000001111100001110100000000000000000100110011110000000001011111100000000001110000000000100000000000000000000000000000000000010001000001111110000000000000000000000100000100011001011111100000000001110000000000101101000000000000000000100000100010000101000000000000000001001100111100000000000000000000000000000000000110100000000011001111111000000000110000000000000000000100000000000000000001000000000000000000011 #
#17850
0!
#17860
1!
b000000000000000001111100001110100000000000000000100110011110000000001111001000001111110100011111110000000000000000000000000000000000000010001100010011110000000000000000000000000000000000001111001000001111110100011111110000001000000000000000000100000100011000101000000000000000001001100111100000000000000000000000000000000000110100000000011001111111000000000110000000000000000000100000000000000000001000000000000000000011 #
#17870
0!
#17880
1!
b000000000000000001111100001110100000000000000000100110011110000000001111001000001111110100011111110000000000000000000000000000000000000010001100001111110000000000000000000000100000100100001111001000001111110100011111110001101000000000000000000100000100011000101000000000000000001001100111100000000000000000000000000000000000110100000000011001111111000000000110000000000000000000100000000000000000001000000000000000000011 #
#17890
0!
#17900
1!
b000000000000000001111100001110100000000000000000100110011110000000001111011111111110010100001110100000000000000000000000000000000000000010010000010011110000000000000000000000000000000000001111011111111110010100001110100000001000000000000000000100000100100000101000000000000000001001100111100000000000000000000000000000000000110100000000011001111111000000000110000000000000000000100000000000000000001000000000000000000011 #
#17910
0!
#17920
1!
b000000000000000001111100001110100000000000000000100110011110000000001111011111111110010100001110100000000000000000000000000000000000000010010000001111110000000000000000000000100000100010001111011111111110010100001110100001101000000000000000000100000100100000101000000000000000001001100111100000000000000000000000000000000000110100000000011001111111000000000110000000000000000000100000000000000000001000000000000000000011 #
#17930
0!
#17940
1!
b000000000000000001111100001110100000000000000000100110011110000000001011111100000000001110000000000100000000000000000000000000000000000010001000010011110000000000000000000000000000000000001011111100000000001110000000000100001000000000000000000100000100010000101000000000000000001001100111100000000000000000000000000000000000110100000000011001111111000000000110000000000000000000100000000000000000001000000000000000000011 #
#17950
0!
#17960
1!
b000000000000000001111100001110100000000000000000100110011110000000001011111100000000001110000000000100000000000000000000000000000000000010001000001111110000000000000000000000100000100011001011111100000000001110000000000101101000000000000000000100000100010000101000000000000000001001100111100000000000000000000000000000000000110100000000011001111111000000000110000000000000000000100000000000000000001000000000000000000011 #
#17970
0!
#17980
1!
b000000000000000001111100001110100000000000000000100110011110000000001111001000001111110100011111110000000000000000000000000000000000000010001100010011110000000000000000000000000000000000001111001000001111110100011111110000001000000000000000000100000100011000101000000000000000001001100111100000000000000000000000000000000000110100000000011001111111000000000110000000000000000000100000000000000000001000000000000000000011 #
#17990
0!
#18000
1!
b000000000000000001111100001110100000000000000000100110011110000000001111001000001111110100011111110000000000000000000000000000000000000010001100001111110000000000000000000000100000100100001111001000001111110100011111110001101000000000000000000100000100011000101000000000000000001001100111100000000000000000000000000000000000110100000000011001111111000000000110000000000000000000100000000000000000001000000000000000000011 #
#18010
0!
#18020
1!
b000000000000000001111100001110100000000000000000100110011110000000001111011111111110010100001110100000000000000000000000000000000000000010010000010011110000000000000000000000000000000000001111011111111110010100001110100000001000000000000000000100000100100000101000000000000000001001100111100000000000000000000000000000000000110100000000011001111111000000000110000000000000000000100000000000000000001000000000000000000011 #
#18030
0!
#18040
1!
b000000000000000001111100001110100000000000000000100110011110000000001111011111111110010100001110100000000000000000000000000000000000000010010000001111110000000000000000000000100000100010001111011111111110010100001110100001101000000000000000000100000100100000101000000000000000001001100111100000000000000000000000000000000000110100000000011001111111000000000110000000000000000000100000000000000000001000000000000000000011 #
#18050
0!
#18060
1!
b000000000000000001111100001110100000000000000000100110011110000000001011111100000000001110000000000100000000000000000000000000000000000010001000010011110000000000000000000000000000000000001011111100000000001110000000000100001000000000000000000100000100010000101000000000000000001001100111100000000000000000000000000000000000110100000000011001111111000000000110000000000000000000100000000000000000001000000000000000000011 #
#18070
0!
#18080
1!
b000000000000000001111100001110100000000000000000100110011110000000001011111100000000001110000000000100000000000000000000000000000000000010001000001111110000000000000000000000100000100011001011111100000000001110000000000101101000000000000000000100000100010000101000000000000000001001100111100000000000000000000000000000000000110100000000011001111111000000000110000000000000000000100000000000000000001000000000000000000011 #
#18090
0!
#18100
1!
b000000000000000001111100001110100000000000000000100110011110000000001111001000001111110100011111110000000000000000000000000000000000000010001100010011110000000000000000000000000000000000001111001000001111110100011111110000001000000000000000000100000100011000101000000000000000001001100111100000000000000000000000000000000000110100000000011001111111000000000110000000000000000000100000000000000000001000000000000000000011 #
#18110
0!
#18120
1!
b000000000000000001111100001110100000000000000000100110011110000000001111001000001111110100011111110000000000000000000000000000000000000010001100001111110000000000000000000000100000100100001111001000001111110100011111110001101000000000000000000100000100011000101000000000000000001001100111100000000000000000000000000000000000110100000000011001111111000000000110000000000000000000100000000000000000001000000000000000000011 #
#18130
0!
#18140
1!
b000000000000000001111100001110100000000000000000100110011110000000001111011111111110010100001110100000000000000000000000000000000000000010010000010011110000000000000000000000000000000000001111011111111110010100001110100000001000000000000000000100000100100000101000000000000000001001100111100000000000000000000000000000000000110100000000011001111111000000000110000000000000000000100000000000000000001000000000000000000011 #
#18150
0!
#18160
1!
b000000000000000001111100001110100000000000000000100110011110000000001111011111111110010100001110100000000000000000000000000000000000000010010000001111110000000000000000000000100000100010001111011111111110010100001110100001101000000000000000000100000100100000101000000000000000001001100111100000000000000000000000000000000000110100000000011001111111000000000110000000000000000000100000000000000000001000000000000000000011 #
#18170
0!
#18180
1!
b000000000000000001111100001110100000000000000000100110011110000000001011111100000000001110000000000100000000000000000000000000000000000010001000010011110000000000000000000000000000000000001011111100000000001110000000000100001000000000000000000100000100010000101000000000000000001001100111100000000000000000000000000000000000110100000000011001111111000000000110000000000000000000100000000000000000001000000000000000000011 #
#18190
0!
#18200
1!
b000000000000000001111100001110100000000000000000100110011110000000001011111100000000001110000000000100000000000000000000000000000000000010001000001111110000000000000000000000100000100011001011111100000000001110000000000101101000000000000000000100000100010000101000000000000000001001100111100000000000000000000000000000000000110100000000011001111111000000000110000000000000000000100000000000000000001000000000000000000011 #
#18210
0!
#18220
1!
b000000000000000001111100001110100000000000000000100110011110000000001111001000001111110100011111110000000000000000000000000000000000000010001100010011110000000000000000000000000000000000001111001000001111110100011111110000001000000000000000000100000100011000101000000000000000001001100111100000000000000000000000000000000000110100000000011001111111000000000110000000000000000000100000000000000000001000000000000000000011 #
#18230
0!
#18240
1!
b000000000000000001111100001110100000000000000000100110011110000000001111001000001111110100011111110000000000000000000000000000000000000010001100001111110000000000000000000000100000100100001111001000001111110100011111110001101000000000000000000100000100011000101000000000000000001001100111100000000000000000000000000000000000110100000000011001111111000000000110000000000000000000100000000000000000001000000000000000000011 #
#18250
0!
#18260
1!
b000000000000000001111100001110100000000000000000100110011110000000001111011111111110010100001110100000000000000000000000000000000000000010010000010011110000000000000000000000000000000000001111011111111110010100001110100000001000000000000000000100000100100000101000000000000000001001100111100000000000000000000000000000000000110100000000011001111111000000000110000000000000000000100000000000000000001000000000000000000011 #
#18270
0!
#18280
1!
b000000000000000001111100001110100000000000000000100110011110000000001111011111111110010100001110100000000000000000000000000000000000000010010000001111110000000000000000000000100000100010001111011111111110010100001110100001101000000000000000000100000100100000101000000000000000001001100111100000000000000000000000000000000000110100000000011001111111000000000110000000000000000000100000000000000000001000000000000000000011 #
#18290
0!
#18300
1!
b000000000000000001111100001110100000000000000000100110011110000000001011111100000000001110000000000100000000000000000000000000000000000010001000010011110000000000000000000000000000000000001011111100000000001110000000000100001000000000000000000100000100010000101000000000000000001001100111100000000000000000000000000000000000110100000000011001111111000000000110000000000000000000100000000000000000001000000000000000000011 #
#18310
0!
#18320
1!
b000000000000000001111100001110100000000000000000100110011110000000001011111100000000001110000000000100000000000000000000000000000000000010001000001111110000000000000000000000100000100011001011111100000000001110000000000101101000000000000000000100000100010000101000000000000000001001100111100000000000000000000000000000000000110100000000011001111111000000000110000000000000000000100000000000000000001000000000000000000011 #
#18330
0!
#18340
1!
b000000000000000001111100001110100000000000000000100110011110000000001111001000001111110100011111110000000000000000000000000000000000000010001100010011110000000000000000000000000000000000001111001000001111110100011111110000001000000000000000000100000100011000101000000000000000001001100111100000000000000000000000000000000000110100000000011001111111000000000110000000000000000000100000000000000000001000000000000000000011 #
#18350
0!
#18360
1!
b000000000000000001111100001110100000000000000000100110011110000000001111001000001111110100011111110000000000000000000000000000000000000010001100001111110000000000000000000000100000100100001111001000001111110100011111110001101000000000000000000100000100011000101000000000000000001001100111100000000000000000000000000000000000110100000000011001111111000000000110000000000000000000100000000000000000001000000000000000000011 #
#18370
0!
#18380
1!
b000000000000000001111100001110100000000000000000100110011110000000001111011111111110010100001110100000000000000000000000000000000000000010010000010011110000000000000000000000000000000000001111011111111110010100001110100000001000000000000000000100000100100000101000000000000000001001100111100000000000000000000000000000000000110100000000011001111111000000000110000000000000000000100000000000000000001000000000000000000011 #
#18390
0!
#18400
1!
b000000000000000001111100001110100000000000000000100110011110000000001111011111111110010100001110100000000000000000000000000000000000000010010000001111110000000000000000000000100000100010001111011111111110010100001110100001101000000000000000000100000100100000101000000000000000001001100111100000000000000000000000000000000000110100000000011001111111000000000110000000000000000000100000000000000000001000000000000000000011 #
#18410
0!
#18420
1!
b000000000000000001111100001110100000000000000000100110011110000000001011111100000000001110000000000100000000000000000000000000000000000010001000010011110000000000000000000000000000000000001011111100000000001110000000000100001000000000000000000100000100010000101000000000000000001001100111100000000000000000000000000000000000110100000000011001111111000000000110000000000000000000100000000000000000001000000000000000000011 #
#18430
0!
#18440
1!
b000000000000000001111100001110100000000000000000100110011110000000001011111100000000001110000000000100000000000000000000000000000000000010001000001111110000000000000000000000100000100011001011111100000000001110000000000101101000000000000000000100000100010000101000000000000000001001100111100000000000000000000000000000000000110100000000011001111111000000000110000000000000000000100000000000000000001000000000000000000011 #
#18450
0!
#18460
1!
b000000000000000001111100001110100000000000000000100110011110000000001111001000001111110100011111110000000000000000000000000000000000000010001100010011110000000000000000000000000000000000001111001000001111110100011111110000001000000000000000000100000100011000101000000000000000001001100111100000000000000000000000000000000000110100000000011001111111000000000110000000000000000000100000000000000000001000000000000000000011 #
#18470
0!
#18480
1!
b000000000000000001111100001110100000000000000000100110011110000000001111001000001111110100011111110000000000000000000000000000000000000010001100001111110000000000000000000000100000100100001111001000001111110100011111110001101000000000000000000100000100011000101000000000000000001001100111100000000000000000000000000000000000110100000000011001111111000000000110000000000000000000100000000000000000001000000000000000000011 #
#18490
0!
#18500
1!
b000000000000000001111100001110100000000000000000100110011110000000001111011111111110010100001110100000000000000000000000000000000000000010010000010011110000000000000000000000000000000000001111011111111110010100001110100000001000000000000000000100000100100000101000000000000000001001100111100000000000000000000000000000000000110100000000011001111111000000000110000000000000000000100000000000000000001000000000000000000011 #
#18510
0!
#18520
1!
b000000000000000001111100001110100000000000000000100110011110000000001111011111111110010100001110100000000000000000000000000000000000000010010000001111110000000000000000000000100000100010001111011111111110010100001110100001101000000000000000000100000100100000101000000000000000001001100111100000000000000000000000000000000000110100000000011001111111000000000110000000000000000000100000000000000000001000000000000000000011 #
#18530
0!
#18540
1!
b000000000000000001111100001110100000000000000000100110011110000000001011111100000000001110000000000100000000000000000000000000000000000010001000010011110000000000000000000000000000000000001011111100000000001110000000000100001000000000000000000100000100010000101000000000000000001001100111100000000000000000000000000000000000110100000000011001111111000000000110000000000000000000100000000000000000001000000000000000000011 #
#18550
0!
#18560
1!
b000000000000000001111100001110100000000000000000100110011110000000001011111100000000001110000000000100000000000000000000000000000000000010001000001111110000000000000000000000100000100011001011111100000000001110000000000101101000000000000000000100000100010000101000000000000000001001100111100000000000000000000000000000000000110100000000011001111111000000000110000000000000000000100000000000000000001000000000000000000011 #
#18570
0!
#18580
1!
b000000000000000001111100001110100000000000000000100110011110000000001111001000001111110100011111110000000000000000000000000000000000000010001100010011110000000000000000000000000000000000001111001000001111110100011111110000001000000000000000000100000100011000101000000000000000001001100111100000000000000000000000000000000000110100000000011001111111000000000110000000000000000000100000000000000000001000000000000000000011 #
#18590
0!
#18600
1!
b000000000000000001111100001110100000000000000000100110011110000000001111001000001111110100011111110000000000000000000000000000000000000010001100001111110000000000000000000000100000100100001111001000001111110100011111110001101000000000000000000100000100011000101000000000000000001001100111100000000000000000000000000000000000110100000000011001111111000000000110000000000000000000100000000000000000001000000000000000000011 #
#18610
0!
#18620
1!
b000000000000000001111100001110100000000000000000100110011110000000001111011111111110010100001110100000000000000000000000000000000000000010010000010011110000000000000000000000000000000000001111011111111110010100001110100000001000000000000000000100000100100000101000000000000000001001100111100000000000000000000000000000000000110100000000011001111111000000000110000000000000000000100000000000000000001000000000000000000011 #
#18630
0!
#18640
1!
b000000000000000001111100001110100000000000000000100110011110000000001111011111111110010100001110100000000000000000000000000000000000000010010000001111110000000000000000000000100000100010001111011111111110010100001110100001101000000000000000000100000100100000101000000000000000001001100111100000000000000000000000000000000000110100000000011001111111000000000110000000000000000000100000000000000000001000000000000000000011 #
#18650
0!
#18660
1!
b000000000000000001111100001110100000000000000000100110011110000000001011111100000000001110000000000100000000000000000000000000000000000010001000010011110000000000000000000000000000000000001011111100000000001110000000000100001000000000000000000100000100010000101000000000000000001001100111100000000000000000000000000000000000110100000000011001111111000000000110000000000000000000100000000000000000001000000000000000000011 #
#18670
0!
#18680
1!
b000000000000000001111100001110100000000000000000100110011110000000001011111100000000001110000000000100000000000000000000000000000000000010001000001111110000000000000000000000100000100011001011111100000000001110000000000101101000000000000000000100000100010000101000000000000000001001100111100000000000000000000000000000000000110100000000011001111111000000000110000000000000000000100000000000000000001000000000000000000011 #
#18690
0!
#18700
1!
b000000000000000001111100001110100000000000000000100110011110000000001111001000001111110100011111110000000000000000000000000000000000000010001100010011110000000000000000000000000000000000001111001000001111110100011111110000001000000000000000000100000100011000101000000000000000001001100111100000000000000000000000000000000000110100000000011001111111000000000110000000000000000000100000000000000000001000000000000000000011 #
#18710
0!
#18720
1!
b000000000000000001111100001110100000000000000000100110011110000000001111001000001111110100011111110000000000000000000000000000000000000010001100001111110000000000000000000000100000100100001111001000001111110100011111110001101000000000000000000100000100011000101000000000000000001001100111100000000000000000000000000000000000110100000000011001111111000000000110000000000000000000100000000000000000001000000000000000000011 #
#18730
0!
#18740
1!
b000000000000000001111100001110100000000000000000100110011110000000001111011111111110010100001110100000000000000000000000000000000000000010010000010011110000000000000000000000000000000000001111011111111110010100001110100000001000000000000000000100000100100000101000000000000000001001100111100000000000000000000000000000000000110100000000011001111111000000000110000000000000000000100000000000000000001000000000000000000011 #
#18750
0!
#18760
1!
b000000000000000001111100001110100000000000000000100110011110000000001111011111111110010100001110100000000000000000000000000000000000000010010000001111110000000000000000000000100000100010001111011111111110010100001110100001101000000000000000000100000100100000101000000000000000001001100111100000000000000000000000000000000000110100000000011001111111000000000110000000000000000000100000000000000000001000000000000000000011 #
#18770
0!
#18780
1!
b000000000000000001111100001110100000000000000000100110011110000000001011111100000000001110000000000100000000000000000000000000000000000010001000010011110000000000000000000000000000000000001011111100000000001110000000000100001000000000000000000100000100010000101000000000000000001001100111100000000000000000000000000000000000110100000000011001111111000000000110000000000000000000100000000000000000001000000000000000000011 #
#18790
0!
#18800
1!
b000000000000000001111100001110100000000000000000100110011110000000001011111100000000001110000000000100000000000000000000000000000000000010001000001111110000000000000000000000100000100011001011111100000000001110000000000101101000000000000000000100000100010000101000000000000000001001100111100000000000000000000000000000000000110100000000011001111111000000000110000000000000000000100000000000000000001000000000000000000011 #
#18810
0!
#18820
1!
b000000000000000001111100001110100000000000000000100110011110000000001111001000001111110100011111110000000000000000000000000000000000000010001100010011110000000000000000000000000000000000001111001000001111110100011111110000001000000000000000000100000100011000101000000000000000001001100111100000000000000000000000000000000000110100000000011001111111000000000110000000000000000000100000000000000000001000000000000000000011 #
#18830
0!
#18840
1!
b000000000000000001111100001110100000000000000000100110011110000000001111001000001111110100011111110000000000000000000000000000000000000010001100001111110000000000000000000000100000100100001111001000001111110100011111110001101000000000000000000100000100011000101000000000000000001001100111100000000000000000000000000000000000110100000000011001111111000000000110000000000000000000100000000000000000001000000000000000000011 #
#18850
0!
#18860
1!
b000000000000000001111100001110100000000000000000100110011110000000001111011111111110010100001110100000000000000000000000000000000000000010010000010011110000000000000000000000000000000000001111011111111110010100001110100000001000000000000000000100000100100000101000000000000000001001100111100000000000000000000000000000000000110100000000011001111111000000000110000000000000000000100000000000000000001000000000000000000011 #
#18870
0!
#18880
1!
b000000000000000001111100001110100000000000000000100110011110000000001111011111111110010100001110100000000000000000000000000000000000000010010000001111110000000000000000000000100000100010001111011111111110010100001110100001101000000000000000000100000100100000101000000000000000001001100111100000000000000000000000000000000000110100000000011001111111000000000110000000000000000000100000000000000000001000000000000000000011 #
#18890
0!
#18900
1!
b000000000000000001111100001110100000000000000000100110011110000000001011111100000000001110000000000100000000000000000000000000000000000010001000010011110000000000000000000000000000000000001011111100000000001110000000000100001000000000000000000100000100010000101000000000000000001001100111100000000000000000000000000000000000110100000000011001111111000000000110000000000000000000100000000000000000001000000000000000000011 #
#18910
0!
#18920
1!
b000000000000000001111100001110100000000000000000100110011110000000001011111100000000001110000000000100000000000000000000000000000000000010001000001111110000000000000000000000100000100011001011111100000000001110000000000101101000000000000000000100000100010000101000000000000000001001100111100000000000000000000000000000000000110100000000011001111111000000000110000000000000000000100000000000000000001000000000000000000011 #
#18930
0!
#18940
1!
b000000000000000001111100001110100000000000000000100110011110000000001111001000001111110100011111110000000000000000000000000000000000000010001100010011110000000000000000000000000000000000001111001000001111110100011111110000001000000000000000000100000100011000101000000000000000001001100111100000000000000000000000000000000000110100000000011001111111000000000110000000000000000000100000000000000000001000000000000000000011 #
#18950
0!
#18960
1!
b000000000000000001111100001110100000000000000000100110011110000000001111001000001111110100011111110000000000000000000000000000000000000010001100001111110000000000000000000000100000100100001111001000001111110100011111110001101000000000000000000100000100011000101000000000000000001001100111100000000000000000000000000000000000110100000000011001111111000000000110000000000000000000100000000000000000001000000000000000000011 #
#18970
0!
#18980
1!
b000000000000000001111100001110100000000000000000100110011110000000001111011111111110010100001110100000000000000000000000000000000000000010010000010011110000000000000000000000000000000000001111011111111110010100001110100000001000000000000000000100000100100000101000000000000000001001100111100000000000000000000000000000000000110100000000011001111111000000000110000000000000000000100000000000000000001000000000000000000011 #
#18990
0!
#19000
1!
b000000000000000001111100001110100000000000000000100110011110000000001111011111111110010100001110100000000000000000000000000000000000000010010000001111110000000000000000000000100000100010001111011111111110010100001110100001101000000000000000000100000100100000101000000000000000001001100111100000000000000000000000000000000000110100000000011001111111000000000110000000000000000000100000000000000000001000000000000000000011 #
#19010
0!
#19020
1!
b000000000000000001111100001110100000000000000000100110011110000000001011111100000000001110000000000100000000000000000000000000000000000010001000010011110000000000000000000000000000000000001011111100000000001110000000000100001000000000000000000100000100010000101000000000000000001001100111100000000000000000000000000000000000110100000000011001111111000000000110000000000000000000100000000000000000001000000000000000000011 #
#19030
0!
#19040
1!
b000000000000000001111100001110100000000000000000100110011110000000001011111100000000001110000000000100000000000000000000000000000000000010001000001111110000000000000000000000100000100011001011111100000000001110000000000101101000000000000000000100000100010000101000000000000000001001100111100000000000000000000000000000000000110100000000011001111111000000000110000000000000000000100000000000000000001000000000000000000011 #
#19050
0!
#19060
1!
b000000000000000001111100001110100000000000000000100110011110000000001111001000001111110100011111110000000000000000000000000000000000000010001100010011110000000000000000000000000000000000001111001000001111110100011111110000001000000000000000000100000100011000101000000000000000001001100111100000000000000000000000000000000000110100000000011001111111000000000110000000000000000000100000000000000000001000000000000000000011 #
#19070
0!
#19080
1!
b000000000000000001111100001110100000000000000000100110011110000000001111001000001111110100011111110000000000000000000000000000000000000010001100001111110000000000000000000000100000100100001111001000001111110100011111110001101000000000000000000100000100011000101000000000000000001001100111100000000000000000000000000000000000110100000000011001111111000000000110000000000000000000100000000000000000001000000000000000000011 #
#19090
0!
#19100
1!
b000000000000000001111100001110100000000000000000100110011110000000001111011111111110010100001110100000000000000000000000000000000000000010010000010011110000000000000000000000000000000000001111011111111110010100001110100000001000000000000000000100000100100000101000000000000000001001100111100000000000000000000000000000000000110100000000011001111111000000000110000000000000000000100000000000000000001000000000000000000011 #
#19110
0!
#19120
1!
b000000000000000001111100001110100000000000000000100110011110000000001111011111111110010100001110100000000000000000000000000000000000000010010000001111110000000000000000000000100000100010001111011111111110010100001110100001101000000000000000000100000100100000101000000000000000001001100111100000000000000000000000000000000000110100000000011001111111000000000110000000000000000000100000000000000000001000000000000000000011 #
#19130
0!
#19140
1!
b000000000000000001111100001110100000000000000000100110011110000000001011111100000000001110000000000100000000000000000000000000000000000010001000010011110000000000000000000000000000000000001011111100000000001110000000000100001000000000000000000100000100010000101000000000000000001001100111100000000000000000000000000000000000110100000000011001111111000000000110000000000000000000100000000000000000001000000000000000000011 #
#19150
0!
#19160
1!
b000000000000000001111100001110100000000000000000100110011110000000001011111100000000001110000000000100000000000000000000000000000000000010001000001111110000000000000000000000100000100011001011111100000000001110000000000101101000000000000000000100000100010000101000000000000000001001100111100000000000000000000000000000000000110100000000011001111111000000000110000000000000000000100000000000000000001000000000000000000011 #
#19170
0!
#19180
1!
b000000000000000001111100001110100000000000000000100110011110000000001111001000001111110100011111110000000000000000000000000000000000000010001100010011110000000000000000000000000000000000001111001000001111110100011111110000001000000000000000000100000100011000101000000000000000001001100111100000000000000000000000000000000000110100000000011001111111000000000110000000000000000000100000000000000000001000000000000000000011 #
#19190
0!
#19200
1!
b000000000000000001111100001110100000000000000000100110011110000000001111001000001111110100011111110000000000000000000000000000000000000010001100001111110000000000000000000000100000100100001111001000001111110100011111110001101000000000000000000100000100011000101000000000000000001001100111100000000000000000000000000000000000110100000000011001111111000000000110000000000000000000100000000000000000001000000000000000000011 #
#19210
0!
#19220
1!
b000000000000000001111100001110100000000000000000100110011110000000001111011111111110010100001110100000000000000000000000000000000000000010010000010011110000000000000000000000000000000000001111011111111110010100001110100000001000000000000000000100000100100000101000000000000000001001100111100000000000000000000000000000000000110100000000011001111111000000000110000000000000000000100000000000000000001000000000000000000011 #
#19230
0!
#19240
1!
b000000000000000001111100001110100000000000000000100110011110000000001111011111111110010100001110100000000000000000000000000000000000000010010000001111110000000000000000000000100000100010001111011111111110010100001110100001101000000000000000000100000100100000101000000000000000001001100111100000000000000000000000000000000000110100000000011001111111000000000110000000000000000000100000000000000000001000000000000000000011 #
#19250
0!
#19260
1!
b000000000000000001111100001110100000000000000000100110011110000000001011111100000000001110000000000100000000000000000000000000000000000010001000010011110000000000000000000000000000000000001011111100000000001110000000000100001000000000000000000100000100010000101000000000000000001001100111100000000000000000000000000000000000110100000000011001111111000000000110000000000000000000100000000000000000001000000000000000000011 #
#19270
0!
#19280
1!
b000000000000000001111100001110100000000000000000100110011110000000001011111100000000001110000000000100000000000000000000000000000000000010001000001111110000000000000000000000100000100011001011111100000000001110000000000101101000000000000000000100000100010000101000000000000000001001100111100000000000000000000000000000000000110100000000011001111111000000000110000000000000000000100000000000000000001000000000000000000011 #
#19290
0!
#19300
1!
b000000000000000001111100001110100000000000000000100110011110000000001111001000001111110100011111110000000000000000000000000000000000000010001100010011110000000000000000000000000000000000001111001000001111110100011111110000001000000000000000000100000100011000101000000000000000001001100111100000000000000000000000000000000000110100000000011001111111000000000110000000000000000000100000000000000000001000000000000000000011 #
#19310
0!
#19320
1!
b000000000000000001111100001110100000000000000000100110011110000000001111001000001111110100011111110000000000000000000000000000000000000010001100001111110000000000000000000000100000100100001111001000001111110100011111110001101000000000000000000100000100011000101000000000000000001001100111100000000000000000000000000000000000110100000000011001111111000000000110000000000000000000100000000000000000001000000000000000000011 #
#19330
0!
#19340
1!
b000000000000000001111100001110100000000000000000100110011110000000001111011111111110010100001110100000000000000000000000000000000000000010010000010011110000000000000000000000000000000000001111011111111110010100001110100000001000000000000000000100000100100000101000000000000000001001100111100000000000000000000000000000000000110100000000011001111111000000000110000000000000000000100000000000000000001000000000000000000011 #
#19350
0!
#19360
1!
b000000000000000001111100001110100000000000000000100110011110000000001111011111111110010100001110100000000000000000000000000000000000000010010000001111110000000000000000000000100000100010001111011111111110010100001110100001101000000000000000000100000100100000101000000000000000001001100111100000000000000000000000000000000000110100000000011001111111000000000110000000000000000000100000000000000000001000000000000000000011 #
#19370
0!
#19380
1!
b000000000000000001111100001110100000000000000000100110011110000000001011111100000000001110000000000100000000000000000000000000000000000010001000010011110000000000000000000000000000000000001011111100000000001110000000000100001000000000000000000100000100010000101000000000000000001001100111100000000000000000000000000000000000110100000000011001111111000000000110000000000000000000100000000000000000001000000000000000000011 #
#19390
0!
#19400
1!
b000000000000000001111100001110100000000000000000100110011110000000001011111100000000001110000000000100000000000000000000000000000000000010001000001111110000000000000000000000100000100011001011111100000000001110000000000101101000000000000000000100000100010000101000000000000000001001100111100000000000000000000000000000000000110100000000011001111111000000000110000000000000000000100000000000000000001000000000000000000011 #
#19410
0!
#19420
1!
b000000000000000001111100001110100000000000000000100110011110000000001111001000001111110100011111110000000000000000000000000000000000000010001100010011110000000000000000000000000000000000001111001000001111110100011111110000001000000000000000000100000100011000101000000000000000001001100111100000000000000000000000000000000000110100000000011001111111000000000110000000000000000000100000000000000000001000000000000000000011 #
#19430
0!
#19440
1!
b000000000000000001111100001110100000000000000000100110011110000000001111001000001111110100011111110000000000000000000000000000000000000010001100001111110000000000000000000000100000100100001111001000001111110100011111110001101000000000000000000100000100011000101000000000000000001001100111100000000000000000000000000000000000110100000000011001111111000000000110000000000000000000100000000000000000001000000000000000000011 #
#19450
0!
#19460
1!
b000000000000000001111100001110100000000000000000100110011110000000001111011111111110010100001110100000000000000000000000000000000000000010010000010011110000000000000000000000000000000000001111011111111110010100001110100000001000000000000000000100000100100000101000000000000000001001100111100000000000000000000000000000000000110100000000011001111111000000000110000000000000000000100000000000000000001000000000000000000011 #
#19470
0!
#19480
1!
b000000000000000001111100001110100000000000000000100110011110000000001111011111111110010100001110100000000000000000000000000000000000000010010000001111110000000000000000000000100000100010001111011111111110010100001110100001101000000000000000000100000100100000101000000000000000001001100111100000000000000000000000000000000000110100000000011001111111000000000110000000000000000000100000000000000000001000000000000000000011 #
#19490
0!
#19500
1!
b000000000000000001111100001110100000000000000000100110011110000000001011111100000000001110000000000100000000000000000000000000000000000010001000010011110000000000000000000000000000000000001011111100000000001110000000000100001000000000000000000100000100010000101000000000000000001001100111100000000000000000000000000000000000110100000000011001111111000000000110000000000000000000100000000000000000001000000000000000000011 #
#19510
0!
#19520
1!
b000000000000000001111100001110100000000000000000100110011110000000001011111100000000001110000000000100000000000000000000000000000000000010001000001111110000000000000000000000100000100011001011111100000000001110000000000101101000000000000000000100000100010000101000000000000000001001100111100000000000000000000000000000000000110100000000011001111111000000000110000000000000000000100000000000000000001000000000000000000011 #
#19530
0!
#19540
1!
b000000000000000001111100001110100000000000000000100110011110000000001111001000001111110100011111110000000000000000000000000000000000000010001100010011110000000000000000000000000000000000001111001000001111110100011111110000001000000000000000000100000100011000101000000000000000001001100111100000000000000000000000000000000000110100000000011001111111000000000110000000000000000000100000000000000000001000000000000000000011 #
#19550
0!
#19560
1!
b000000000000000001111100001110100000000000000000100110011110000000001111001000001111110100011111110000000000000000000000000000000000000010001100001111110000000000000000000000100000100100001111001000001111110100011111110001101000000000000000000100000100011000101000000000000000001001100111100000000000000000000000000000000000110100000000011001111111000000000110000000000000000000100000000000000000001000000000000000000011 #
#19570
0!
#19580
1!
b000000000000000001111100001110100000000000000000100110011110000000001111011111111110010100001110100000000000000000000000000000000000000010010000010011110000000000000000000000000000000000001111011111111110010100001110100000001000000000000000000100000100100000101000000000000000001001100111100000000000000000000000000000000000110100000000011001111111000000000110000000000000000000100000000000000000001000000000000000000011 #
#19590
0!
#19600
1!
b000000000000000001111100001110100000000000000000100110011110000000001111011111111110010100001110100000000000000000000000000000000000000010010000001111110000000000000000000000100000100010001111011111111110010100001110100001101000000000000000000100000100100000101000000000000000001001100111100000000000000000000000000000000000110100000000011001111111000000000110000000000000000000100000000000000000001000000000000000000011 #
#19610
0!
#19620
1!
b000000000000000001111100001110100000000000000000100110011110000000001011111100000000001110000000000100000000000000000000000000000000000010001000010011110000000000000000000000000000000000001011111100000000001110000000000100001000000000000000000100000100010000101000000000000000001001100111100000000000000000000000000000000000110100000000011001111111000000000110000000000000000000100000000000000000001000000000000000000011 #
#19630
0!
#19640
1!
b000000000000000001111100001110100000000000000000100110011110000000001011111100000000001110000000000100000000000000000000000000000000000010001000001111110000000000000000000000100000100011001011111100000000001110000000000101101000000000000000000100000100010000101000000000000000001001100111100000000000000000000000000000000000110100000000011001111111000000000110000000000000000000100000000000000000001000000000000000000011 #
#19650
0!
#19660
1!
b000000000000000001111100001110100000000000000000100110011110000000001111001000001111110100011111110000000000000000000000000000000000000010001100010011110000000000000000000000000000000000001111001000001111110100011111110000001000000000000000000100000100011000101000000000000000001001100111100000000000000000000000000000000000110100000000011001111111000000000110000000000000000000100000000000000000001000000000000000000011 #
#19670
0!
#19680
1!
b000000000000000001111100001110100000000000000000100110011110000000001111001000001111110100011111110000000000000000000000000000000000000010001100001111110000000000000000000000100000100100001111001000001111110100011111110001101000000000000000000100000100011000101000000000000000001001100111100000000000000000000000000000000000110100000000011001111111000000000110000000000000000000100000000000000000001000000000000000000011 #
#19690
0!
#19700
1!
b000000000000000001111100001110100000000000000000100110011110000000001111011111111110010100001110100000000000000000000000000000000000000010010000010011110000000000000000000000000000000000001111011111111110010100001110100000001000000000000000000100000100100000101000000000000000001001100111100000000000000000000000000000000000110100000000011001111111000000000110000000000000000000100000000000000000001000000000000000000011 #
#19710
0!
#19720
1!
b000000000000000001111100001110100000000000000000100110011110000000001111011111111110010100001110100000000000000000000000000000000000000010010000001111110000000000000000000000100000100010001111011111111110010100001110100001101000000000000000000100000100100000101000000000000000001001100111100000000000000000000000000000000000110100000000011001111111000000000110000000000000000000100000000000000000001000000000000000000011 #
#19730
0!
#19740
1!
b000000000000000001111100001110100000000000000000100110011110000000001011111100000000001110000000000100000000000000000000000000000000000010001000010011110000000000000000000000000000000000001011111100000000001110000000000100001000000000000000000100000100010000101000000000000000001001100111100000000000000000000000000000000000110100000000011001111111000000000110000000000000000000100000000000000000001000000000000000000011 #
#19750
0!
#19760
1!
b000000000000000001111100001110100000000000000000100110011110000000001011111100000000001110000000000100000000000000000000000000000000000010001000001111110000000000000000000000100000100011001011111100000000001110000000000101101000000000000000000100000100010000101000000000000000001001100111100000000000000000000000000000000000110100000000011001111111000000000110000000000000000000100000000000000000001000000000000000000011 #
#19770
0!
#19780
1!
b000000000000000001111100001110100000000000000000100110011110000000001111001000001111110100011111110000000000000000000000000000000000000010001100010011110000000000000000000000000000000000001111001000001111110100011111110000001000000000000000000100000100011000101000000000000000001001100111100000000000000000000000000000000000110100000000011001111111000000000110000000000000000000100000000000000000001000000000000000000011 #
#19790
0!
#19800
1!
b000000000000000001111100001110100000000000000000100110011110000000001111001000001111110100011111110000000000000000000000000000000000000010001100001111110000000000000000000000100000100100001111001000001111110100011111110001101000000000000000000100000100011000101000000000000000001001100111100000000000000000000000000000000000110100000000011001111111000000000110000000000000000000100000000000000000001000000000000000000011 #
#19810
0!
#19820
1!
b000000000000000001111100001110100000000000000000100110011110000000001111011111111110010100001110100000000000000000000000000000000000000010010000010011110000000000000000000000000000000000001111011111111110010100001110100000001000000000000000000100000100100000101000000000000000001001100111100000000000000000000000000000000000110100000000011001111111000000000110000000000000000000100000000000000000001000000000000000000011 #
#19830
0!
#19840
1!
b000000000000000001111100001110100000000000000000100110011110000000001111011111111110010100001110100000000000000000000000000000000000000010010000001111110000000000000000000000100000100010001111011111111110010100001110100001101000000000000000000100000100100000101000000000000000001001100111100000000000000000000000000000000000110100000000011001111111000000000110000000000000000000100000000000000000001000000000000000000011 #
#19850
0!
#19860
1!
b000000000000000001111100001110100000000000000000100110011110000000001011111100000000001110000000000100000000000000000000000000000000000010001000010011110000000000000000000000000000000000001011111100000000001110000000000100001000000000000000000100000100010000101000000000000000001001100111100000000000000000000000000000000000110100000000011001111111000000000110000000000000000000100000000000000000001000000000000000000011 #
#19870
0!
#19880
1!
b000000000000000001111100001110100000000000000000100110011110000000001011111100000000001110000000000100000000000000000000000000000000000010001000001111110000000000000000000000100000100011001011111100000000001110000000000101101000000000000000000100000100010000101000000000000000001001100111100000000000000000000000000000000000110100000000011001111111000000000110000000000000000000100000000000000000001000000000000000000011 #
#19890
0!
#19900
1!
b000000000000000001111100001110100000000000000000100110011110000000001111001000001111110100011111110000000000000000000000000000000000000010001100010011110000000000000000000000000000000000001111001000001111110100011111110000001000000000000000000100000100011000101000000000000000001001100111100000000000000000000000000000000000110100000000011001111111000000000110000000000000000000100000000000000000001000000000000000000011 #
#19910
0!
#19920
1!
b000000000000000001111100001110100000000000000000100110011110000000001111001000001111110100011111110000000000000000000000000000000000000010001100001111110000000000000000000000100000100100001111001000001111110100011111110001101000000000000000000100000100011000101000000000000000001001100111100000000000000000000000000000000000110100000000011001111111000000000110000000000000000000100000000000000000001000000000000000000011 #
#19930
0!
#19940
1!
b000000000000000001111100001110100000000000000000100110011110000000001111011111111110010100001110100000000000000000000000000000000000000010010000010011110000000000000000000000000000000000001111011111111110010100001110100000001000000000000000000100000100100000101000000000000000001001100111100000000000000000000000000000000000110100000000011001111111000000000110000000000000000000100000000000000000001000000000000000000011 #
#19950
0!
#19960
1!
b000000000000000001111100001110100000000000000000100110011110000000001111011111111110010100001110100000000000000000000000000000000000000010010000001111110000000000000000000000100000100010001111011111111110010100001110100001101000000000000000000100000100100000101000000000000000001001100111100000000000000000000000000000000000110100000000011001111111000000000110000000000000000000100000000000000000001000000000000000000011 #
#19970
0!
#19980
1!
b000000000000000001111100001110100000000000000000100110011110000000001011111100000000001110000000000100000000000000000000000000000000000010001000010011110000000000000000000000000000000000001011111100000000001110000000000100001000000000000000000100000100010000101000000000000000001001100111100000000000000000000000000000000000110100000000011001111111000000000110000000000000000000100000000000000000001000000000000000000011 #
#19990
0!
#20000
1!
b000000000000000001111100001110100000000000000000100110011110000000001011111100000000001110000000000100000000000000000000000000000000000010001000001111110000000000000000000000100000100011001011111100000000001110000000000101101000000000000000000100000100010000101000000000000000001001100111100000000000000000000000000000000000110100000000011001111111000000000110000000000000000000100000000000000000001000000000000000000011 #
#20010
0!
#20020
1!
b000000000000000001111100001110100000000000000000100110011110000000001111001000001111110100011111110000000000000000000000000000000000000010001100010011110000000000000000000000000000000000001111001000001111110100011111110000001000000000000000000100000100011000101000000000000000001001100111100000000000000000000000000000000000110100000000011001111111000000000110000000000000000000100000000000000000001000000000000000000011 #
#20030
0!
#20040
1!
b000000000000000001111100001110100000000000000000100110011110000000001111001000001111110100011111110000000000000000000000000000000000000010001100001111110000000000000000000000100000100100001111001000001111110100011111110001101000000000000000000100000100011000101000000000000000001001100111100000000000000000000000000000000000110100000000011001111111000000000110000000000000000000100000000000000000001000000000000000000011 #
#20050
0!
#20060
1!
b000000000000000001111100001110100000000000000000100110011110000000001111011111111110010100001110100000000000000000000000000000000000000010010000010011110000000000000000000000000000000000001111011111111110010100001110100000001000000000000000000100000100100000101000000000000000001001100111100000000000000000000000000000000000110100000000011001111111000000000110000000000000000000100000000000000000001000000000000000000011 #
#20070
0!
#20080
1!
b000000000000000001111100001110100000000000000000100110011110000000001111011111111110010100001110100000000000000000000000000000000000000010010000001111110000000000000000000000100000100010001111011111111110010100001110100001101000000000000000000100000100100000101000000000000000001001100111100000000000000000000000000000000000110100000000011001111111000000000110000000000000000000100000000000000000001000000000000000000011 #
#20090
0!
#20100
1!
b000000000000000001111100001110100000000000000000100110011110000000001011111100000000001110000000000100000000000000000000000000000000000010001000010011110000000000000000000000000000000000001011111100000000001110000000000100001000000000000000000100000100010000101000000000000000001001100111100000000000000000000000000000000000110100000000011001111111000000000110000000000000000000100000000000000000001000000000000000000011 #
#20110
0!
#20120
1!
b000000000000000001111100001110100000000000000000100110011110000000001011111100000000001110000000000100000000000000000000000000000000000010001000001111110000000000000000000000100000100011001011111100000000001110000000000101101000000000000000000100000100010000101000000000000000001001100111100000000000000000000000000000000000110100000000011001111111000000000110000000000000000000100000000000000000001000000000000000000011 #
#20130
0!
#20140
1!
b000000000000000001111100001110100000000000000000100110011110000000001111001000001111110100011111110000000000000000000000000000000000000010001100010011110000000000000000000000000000000000001111001000001111110100011111110000001000000000000000000100000100011000101000000000000000001001100111100000000000000000000000000000000000110100000000011001111111000000000110000000000000000000100000000000000000001000000000000000000011 #
#20150
0!
#20160
1!
b000000000000000001111100001110100000000000000000100110011110000000001111001000001111110100011111110000000000000000000000000000000000000010001100001111110000000000000000000000100000100100001111001000001111110100011111110001101000000000000000000100000100011000101000000000000000001001100111100000000000000000000000000000000000110100000000011001111111000000000110000000000000000000100000000000000000001000000000000000000011 #
#20170
0!
#20180
1!
b000000000000000001111100001110100000000000000000100110011110000000001111011111111110010100001110100000000000000000000000000000000000000010010000010011110000000000000000000000000000000000001111011111111110010100001110100000001000000000000000000100000100100000101000000000000000001001100111100000000000000000000000000000000000110100000000011001111111000000000110000000000000000000100000000000000000001000000000000000000011 #
#20190
0!
#20200
1!
b000000000000000001111100001110100000000000000000100110011110000000001111011111111110010100001110100000000000000000000000000000000000000010010000001111110000000000000000000000100000100010001111011111111110010100001110100001101000000000000000000100000100100000101000000000000000001001100111100000000000000000000000000000000000110100000000011001111111000000000110000000000000000000100000000000000000001000000000000000000011 #
#20210
0!
#20220
1!
b000000000000000001111100001110100000000000000000100110011110000000001011111100000000001110000000000100000000000000000000000000000000000010001000010011110000000000000000000000000000000000001011111100000000001110000000000100001000000000000000000100000100010000101000000000000000001001100111100000000000000000000000000000000000110100000000011001111111000000000110000000000000000000100000000000000000001000000000000000000011 #
#20230
0!
#20240
1!
b000000000000000001111100001110100000000000000000100110011110000000001011111100000000001110000000000100000000000000000000000000000000000010001000001111110000000000000000000000100000100011001011111100000000001110000000000101101000000000000000000100000100010000101000000000000000001001100111100000000000000000000000000000000000110100000000011001111111000000000110000000000000000000100000000000000000001000000000000000000011 #
#20250
0!
#20260
1!
b000000000000000001111100001110100000000000000000100110011110000000001111001000001111110100011111110000000000000000000000000000000000000010001100010011110000000000000000000000000000000000001111001000001111110100011111110000001000000000000000000100000100011000101000000000000000001001100111100000000000000000000000000000000000110100000000011001111111000000000110000000000000000000100000000000000000001000000000000000000011 #
#20270
0!
#20280
1!
b000000000000000001111100001110100000000000000000100110011110000000001111001000001111110100011111110000000000000000000000000000000000000010001100001111110000000000000000000000100000100100001111001000001111110100011111110001101000000000000000000100000100011000101000000000000000001001100111100000000000000000000000000000000000110100000000011001111111000000000110000000000000000000100000000000000000001000000000000000000011 #
#20290
0!
#20300
1!
b000000000000000001111100001110100000000000000000100110011110000000001111011111111110010100001110100000000000000000000000000000000000000010010000010011110000000000000000000000000000000000001111011111111110010100001110100000001000000000000000000100000100100000101000000000000000001001100111100000000000000000000000000000000000110100000000011001111111000000000110000000000000000000100000000000000000001000000000000000000011 #
#20310
0!
#20320
1!
b000000000000000001111100001110100000000000000000100110011110000000001111011111111110010100001110100000000000000000000000000000000000000010010000001111110000000000000000000000100000100010001111011111111110010100001110100001101000000000000000000100000100100000101000000000000000001001100111100000000000000000000000000000000000110100000000011001111111000000000110000000000000000000100000000000000000001000000000000000000011 #
#20330
0!
#20340
1!
b000000000000000001111100001110100000000000000000100110011110000000001011111100000000001110000000000100000000000000000000000000000000000010001000010011110000000000000000000000000000000000001011111100000000001110000000000100001000000000000000000100000100010000101000000000000000001001100111100000000000000000000000000000000000110100000000011001111111000000000110000000000000000000100000000000000000001000000000000000000011 #
#20350
0!
#20360
1!
b000000000000000001111100001110100000000000000000100110011110000000001011111100000000001110000000000100000000000000000000000000000000000010001000001111110000000000000000000000100000100011001011111100000000001110000000000101101000000000000000000100000100010000101000000000000000001001100111100000000000000000000000000000000000110100000000011001111111000000000110000000000000000000100000000000000000001000000000000000000011 #
#20370
0!
#20380
1!
b000000000000000001111100001110100000000000000000100110011110000000001111001000001111110100011111110000000000000000000000000000000000000010001100010011110000000000000000000000000000000000001111001000001111110100011111110000001000000000000000000100000100011000101000000000000000001001100111100000000000000000000000000000000000110100000000011001111111000000000110000000000000000000100000000000000000001000000000000000000011 #
#20390
0!
#20400
1!
b000000000000000001111100001110100000000000000000100110011110000000001111001000001111110100011111110000000000000000000000000000000000000010001100001111110000000000000000000000100000100100001111001000001111110100011111110001101000000000000000000100000100011000101000000000000000001001100111100000000000000000000000000000000000110100000000011001111111000000000110000000000000000000100000000000000000001000000000000000000011 #
#20410
0!
#20420
1!
b000000000000000001111100001110100000000000000000100110011110000000001111011111111110010100001110100000000000000000000000000000000000000010010000010011110000000000000000000000000000000000001111011111111110010100001110100000001000000000000000000100000100100000101000000000000000001001100111100000000000000000000000000000000000110100000000011001111111000000000110000000000000000000100000000000000000001000000000000000000011 #
#20430
0!
#20440
1!
b000000000000000001111100001110100000000000000000100110011110000000001111011111111110010100001110100000000000000000000000000000000000000010010000001111110000000000000000000000100000100010001111011111111110010100001110100001101000000000000000000100000100100000101000000000000000001001100111100000000000000000000000000000000000110100000000011001111111000000000110000000000000000000100000000000000000001000000000000000000011 #
#20450
0!
#20460
1!
b000000000000000001111100001110100000000000000000100110011110000000001011111100000000001110000000000100000000000000000000000000000000000010001000010011110000000000000000000000000000000000001011111100000000001110000000000100001000000000000000000100000100010000101000000000000000001001100111100000000000000000000000000000000000110100000000011001111111000000000110000000000000000000100000000000000000001000000000000000000011 #
#20470
0!
#20480
1!
b000000000000000001111100001110100000000000000000100110011110000000001011111100000000001110000000000100000000000000000000000000000000000010001000001111110000000000000000000000100000100011001011111100000000001110000000000101101000000000000000000100000100010000101000000000000000001001100111100000000000000000000000000000000000110100000000011001111111000000000110000000000000000000100000000000000000001000000000000000000011 #
#20490
0!
#20500
1!
b000000000000000001111100001110100000000000000000100110011110000000001111001000001111110100011111110000000000000000000000000000000000000010001100010011110000000000000000000000000000000000001111001000001111110100011111110000001000000000000000000100000100011000101000000000000000001001100111100000000000000000000000000000000000110100000000011001111111000000000110000000000000000000100000000000000000001000000000000000000011 #
#20510
0!
#20520
1!
b000000000000000001111100001110100000000000000000100110011110000000001111001000001111110100011111110000000000000000000000000000000000000010001100001111110000000000000000000000100000100100001111001000001111110100011111110001101000000000000000000100000100011000101000000000000000001001100111100000000000000000000000000000000000110100000000011001111111000000000110000000000000000000100000000000000000001000000000000000000011 #
#20530
0!
#20540
1!
b000000000000000001111100001110100000000000000000100110011110000000001111011111111110010100001110100000000000000000000000000000000000000010010000010011110000000000000000000000000000000000001111011111111110010100001110100000001000000000000000000100000100100000101000000000000000001001100111100000000000000000000000000000000000110100000000011001111111000000000110000000000000000000100000000000000000001000000000000000000011 #
#20550
0!
#20560
1!
b000000000000000001111100001110100000000000000000100110011110000000001111011111111110010100001110100000000000000000000000000000000000000010010000001111110000000000000000000000100000100010001111011111111110010100001110100001101000000000000000000100000100100000101000000000000000001001100111100000000000000000000000000000000000110100000000011001111111000000000110000000000000000000100000000000000000001000000000000000000011 #
#20570
0!
#20580
1!
b000000000000000001111100001110100000000000000000100110011110000000001011111100000000001110000000000100000000000000000000000000000000000010001000010011110000000000000000000000000000000000001011111100000000001110000000000100001000000000000000000100000100010000101000000000000000001001100111100000000000000000000000000000000000110100000000011001111111000000000110000000000000000000100000000000000000001000000000000000000011 #
#20590
0!
#20600
1!
b000000000000000001111100001110100000000000000000100110011110000000001011111100000000001110000000000100000000000000000000000000000000000010001000001111110000000000000000000000100000100011001011111100000000001110000000000101101000000000000000000100000100010000101000000000000000001001100111100000000000000000000000000000000000110100000000011001111111000000000110000000000000000000100000000000000000001000000000000000000011 #
#20610
0!
#20620
1!
b000000000000000001111100001110100000000000000000100110011110000000001111001000001111110100011111110000000000000000000000000000000000000010001100010011110000000000000000000000000000000000001111001000001111110100011111110000001000000000000000000100000100011000101000000000000000001001100111100000000000000000000000000000000000110100000000011001111111000000000110000000000000000000100000000000000000001000000000000000000011 #
#20630
0!
#20640
1!
b000000000000000001111100001110100000000000000000100110011110000000001111001000001111110100011111110000000000000000000000000000000000000010001100001111110000000000000000000000100000100100001111001000001111110100011111110001101000000000000000000100000100011000101000000000000000001001100111100000000000000000000000000000000000110100000000011001111111000000000110000000000000000000100000000000000000001000000000000000000011 #
#20650
0!
#20660
1!
b000000000000000001111100001110100000000000000000100110011110000000001111011111111110010100001110100000000000000000000000000000000000000010010000010011110000000000000000000000000000000000001111011111111110010100001110100000001000000000000000000100000100100000101000000000000000001001100111100000000000000000000000000000000000110100000000011001111111000000000110000000000000000000100000000000000000001000000000000000000011 #
#20670
0!
#20680
1!
b000000000000000001111100001110100000000000000000100110011110000000001111011111111110010100001110100000000000000000000000000000000000000010010000001111110000000000000000000000100000100010001111011111111110010100001110100001101000000000000000000100000100100000101000000000000000001001100111100000000000000000000000000000000000110100000000011001111111000000000110000000000000000000100000000000000000001000000000000000000011 #
#20690
0!
#20700
1!
b000000000000000001111100001110100000000000000000100110011110000000001011111100000000001110000000000100000000000000000000000000000000000010001000010011110000000000000000000000000000000000001011111100000000001110000000000100001000000000000000000100000100010000101000000000000000001001100111100000000000000000000000000000000000110100000000011001111111000000000110000000000000000000100000000000000000001000000000000000000011 #
#20710
0!
#20720
1!
b000000000000000001111100001110100000000000000000100110011110000000001011111100000000001110000000000100000000000000000000000000000000000010001000001111110000000000000000000000100000100011001011111100000000001110000000000101101000000000000000000100000100010000101000000000000000001001100111100000000000000000000000000000000000110100000000011001111111000000000110000000000000000000100000000000000000001000000000000000000011 #
#20730
0!
#20740
1!
b000000000000000001111100001110100000000000000000100110011110000000001111001000001111110100011111110000000000000000000000000000000000000010001100010011110000000000000000000000000000000000001111001000001111110100011111110000001000000000000000000100000100011000101000000000000000001001100111100000000000000000000000000000000000110100000000011001111111000000000110000000000000000000100000000000000000001000000000000000000011 #
#20750
0!
#20760
1!
b000000000000000001111100001110100000000000000000100110011110000000001111001000001111110100011111110000000000000000000000000000000000000010001100001111110000000000000000000000100000100100001111001000001111110100011111110001101000000000000000000100000100011000101000000000000000001001100111100000000000000000000000000000000000110100000000011001111111000000000110000000000000000000100000000000000000001000000000000000000011 #
#20770
0!
#20780
1!
b000000000000000001111100001110100000000000000000100110011110000000001111011111111110010100001110100000000000000000000000000000000000000010010000010011110000000000000000000000000000000000001111011111111110010100001110100000001000000000000000000100000100100000101000000000000000001001100111100000000000000000000000000000000000110100000000011001111111000000000110000000000000000000100000000000000000001000000000000000000011 #
#20790
0!
#20800
1!
b000000000000000001111100001110100000000000000000100110011110000000001111011111111110010100001110100000000000000000000000000000000000000010010000001111110000000000000000000000100000100010001111011111111110010100001110100001101000000000000000000100000100100000101000000000000000001001100111100000000000000000000000000000000000110100000000011001111111000000000110000000000000000000100000000000000000001000000000000000000011 #
#20810
0!
#20820
1!
b000000000000000001111100001110100000000000000000100110011110000000001011111100000000001110000000000100000000000000000000000000000000000010001000010011110000000000000000000000000000000000001011111100000000001110000000000100001000000000000000000100000100010000101000000000000000001001100111100000000000000000000000000000000000110100000000011001111111000000000110000000000000000000100000000000000000001000000000000000000011 #
#20830
0!
#20840
1!
b000000000000000001111100001110100000000000000000100110011110000000001011111100000000001110000000000100000000000000000000000000000000000010001000001111110000000000000000000000100000100011001011111100000000001110000000000101101000000000000000000100000100010000101000000000000000001001100111100000000000000000000000000000000000110100000000011001111111000000000110000000000000000000100000000000000000001000000000000000000011 #
#20850
0!
#20860
1!
b000000000000000001111100001110100000000000000000100110011110000000001111001000001111110100011111110000000000000000000000000000000000000010001100010011110000000000000000000000000000000000001111001000001111110100011111110000001000000000000000000100000100011000101000000000000000001001100111100000000000000000000000000000000000110100000000011001111111000000000110000000000000000000100000000000000000001000000000000000000011 #
#20870
0!
#20880
1!
b000000000000000001111100001110100000000000000000100110011110000000001111001000001111110100011111110000000000000000000000000000000000000010001100001111110000000000000000000000100000100100001111001000001111110100011111110001101000000000000000000100000100011000101000000000000000001001100111100000000000000000000000000000000000110100000000011001111111000000000110000000000000000000100000000000000000001000000000000000000011 #
#20890
0!
#20900
1!
b000000000000000001111100001110100000000000000000100110011110000000001111011111111110010100001110100000000000000000000000000000000000000010010000010011110000000000000000000000000000000000001111011111111110010100001110100000001000000000000000000100000100100000101000000000000000001001100111100000000000000000000000000000000000110100000000011001111111000000000110000000000000000000100000000000000000001000000000000000000011 #
#20910
0!
#20920
1!
b000000000000000001111100001110100000000000000000100110011110000000001111011111111110010100001110100000000000000000000000000000000000000010010000001111110000000000000000000000100000100010001111011111111110010100001110100001101000000000000000000100000100100000101000000000000000001001100111100000000000000000000000000000000000110100000000011001111111000000000110000000000000000000100000000000000000001000000000000000000011 #
#20930
0!
#20940
1!
b000000000000000001111100001110100000000000000000100110011110000000001011111100000000001110000000000100000000000000000000000000000000000010001000010011110000000000000000000000000000000000001011111100000000001110000000000100001000000000000000000100000100010000101000000000000000001001100111100000000000000000000000000000000000110100000000011001111111000000000110000000000000000000100000000000000000001000000000000000000011 #
#20950
0!
#20960
1!
b000000000000000001111100001110100000000000000000100110011110000000001011111100000000001110000000000100000000000000000000000000000000000010001000001111110000000000000000000000100000100011001011111100000000001110000000000101101000000000000000000100000100010000101000000000000000001001100111100000000000000000000000000000000000110100000000011001111111000000000110000000000000000000100000000000000000001000000000000000000011 #
#20970
0!
#20980
1!
b000000000000000001111100001110100000000000000000100110011110000000001111001000001111110100011111110000000000000000000000000000000000000010001100010011110000000000000000000000000000000000001111001000001111110100011111110000001000000000000000000100000100011000101000000000000000001001100111100000000000000000000000000000000000110100000000011001111111000000000110000000000000000000100000000000000000001000000000000000000011 #
#20990
0!
#21000
1!
b000000000000000001111100001110100000000000000000100110011110000000001111001000001111110100011111110000000000000000000000000000000000000010001100001111110000000000000000000000100000100100001111001000001111110100011111110001101000000000000000000100000100011000101000000000000000001001100111100000000000000000000000000000000000110100000000011001111111000000000110000000000000000000100000000000000000001000000000000000000011 #
#21010
0!
#21020
1!
b000000000000000001111100001110100000000000000000100110011110000000001111011111111110010100001110100000000000000000000000000000000000000010010000010011110000000000000000000000000000000000001111011111111110010100001110100000001000000000000000000100000100100000101000000000000000001001100111100000000000000000000000000000000000110100000000011001111111000000000110000000000000000000100000000000000000001000000000000000000011 #
#21030
0!
#21040
1!
b000000000000000001111100001110100000000000000000100110011110000000001111011111111110010100001110100000000000000000000000000000000000000010010000001111110000000000000000000000100000100010001111011111111110010100001110100001101000000000000000000100000100100000101000000000000000001001100111100000000000000000000000000000000000110100000000011001111111000000000110000000000000000000100000000000000000001000000000000000000011 #
#21050
0!
#21060
1!
b000000000000000001111100001110100000000000000000100110011110000000001011111100000000001110000000000100000000000000000000000000000000000010001000010011110000000000000000000000000000000000001011111100000000001110000000000100001000000000000000000100000100010000101000000000000000001001100111100000000000000000000000000000000000110100000000011001111111000000000110000000000000000000100000000000000000001000000000000000000011 #
#21070
0!
#21080
1!
b000000000000000001111100001110100000000000000000100110011110000000001011111100000000001110000000000100000000000000000000000000000000000010001000001111110000000000000000000000100000100011001011111100000000001110000000000101101000000000000000000100000100010000101000000000000000001001100111100000000000000000000000000000000000110100000000011001111111000000000110000000000000000000100000000000000000001000000000000000000011 #
#21090
0!
#21100
1!
b000000000000000001111100001110100000000000000000100110011110000000001111001000001111110100011111110000000000000000000000000000000000000010001100010011110000000000000000000000000000000000001111001000001111110100011111110000001000000000000000000100000100011000101000000000000000001001100111100000000000000000000000000000000000110100000000011001111111000000000110000000000000000000100000000000000000001000000000000000000011 #
#21110
0!
#21120
1!
b000000000000000001111100001110100000000000000000100110011110000000001111001000001111110100011111110000000000000000000000000000000000000010001100001111110000000000000000000000100000100100001111001000001111110100011111110001101000000000000000000100000100011000101000000000000000001001100111100000000000000000000000000000000000110100000000011001111111000000000110000000000000000000100000000000000000001000000000000000000011 #
#21130
0!
#21140
1!
b000000000000000001111100001110100000000000000000100110011110000000001111011111111110010100001110100000000000000000000000000000000000000010010000010011110000000000000000000000000000000000001111011111111110010100001110100000001000000000000000000100000100100000101000000000000000001001100111100000000000000000000000000000000000110100000000011001111111000000000110000000000000000000100000000000000000001000000000000000000011 #
#21150
0!
#21160
1!
b000000000000000001111100001110100000000000000000100110011110000000001111011111111110010100001110100000000000000000000000000000000000000010010000001111110000000000000000000000100000100010001111011111111110010100001110100001101000000000000000000100000100100000101000000000000000001001100111100000000000000000000000000000000000110100000000011001111111000000000110000000000000000000100000000000000000001000000000000000000011 #
#21170
0!
#21180
1!
b000000000000000001111100001110100000000000000000100110011110000000001011111100000000001110000000000100000000000000000000000000000000000010001000010011110000000000000000000000000000000000001011111100000000001110000000000100001000000000000000000100000100010000101000000000000000001001100111100000000000000000000000000000000000110100000000011001111111000000000110000000000000000000100000000000000000001000000000000000000011 #
#21190
0!
#21200
1!
b000000000000000001111100001110100000000000000000100110011110000000001011111100000000001110000000000100000000000000000000000000000000000010001000001111110000000000000000000000100000100011001011111100000000001110000000000101101000000000000000000100000100010000101000000000000000001001100111100000000000000000000000000000000000110100000000011001111111000000000110000000000000000000100000000000000000001000000000000000000011 #
#21210
0!
#21220
1!
b000000000000000001111100001110100000000000000000100110011110000000001111001000001111110100011111110000000000000000000000000000000000000010001100010011110000000000000000000000000000000000001111001000001111110100011111110000001000000000000000000100000100011000101000000000000000001001100111100000000000000000000000000000000000110100000000011001111111000000000110000000000000000000100000000000000000001000000000000000000011 #
#21230
0!
#21240
1!
b000000000000000001111100001110100000000000000000100110011110000000001111001000001111110100011111110000000000000000000000000000000000000010001100001111110000000000000000000000100000100100001111001000001111110100011111110001101000000000000000000100000100011000101000000000000000001001100111100000000000000000000000000000000000110100000000011001111111000000000110000000000000000000100000000000000000001000000000000000000011 #
#21250
0!
#21260
1!
b000000000000000001111100001110100000000000000000100110011110000000001111011111111110010100001110100000000000000000000000000000000000000010010000010011110000000000000000000000000000000000001111011111111110010100001110100000001000000000000000000100000100100000101000000000000000001001100111100000000000000000000000000000000000110100000000011001111111000000000110000000000000000000100000000000000000001000000000000000000011 #
#21270
0!
#21280
1!
b000000000000000001111100001110100000000000000000100110011110000000001111011111111110010100001110100000000000000000000000000000000000000010010000001111110000000000000000000000100000100010001111011111111110010100001110100001101000000000000000000100000100100000101000000000000000001001100111100000000000000000000000000000000000110100000000011001111111000000000110000000000000000000100000000000000000001000000000000000000011 #
#21290
0!
#21300
1!
b000000000000000001111100001110100000000000000000100110011110000000001011111100000000001110000000000100000000000000000000000000000000000010001000010011110000000000000000000000000000000000001011111100000000001110000000000100001000000000000000000100000100010000101000000000000000001001100111100000000000000000000000000000000000110100000000011001111111000000000110000000000000000000100000000000000000001000000000000000000011 #
#21310
0!
#21320
1!
b000000000000000001111100001110100000000000000000100110011110000000001011111100000000001110000000000100000000000000000000000000000000000010001000001111110000000000000000000000100000100011001011111100000000001110000000000101101000000000000000000100000100010000101000000000000000001001100111100000000000000000000000000000000000110100000000011001111111000000000110000000000000000000100000000000000000001000000000000000000011 #
#21330
0!
#21340
1!
b000000000000000001111100001110100000000000000000100110011110000000001111001000001111110100011111110000000000000000000000000000000000000010001100010011110000000000000000000000000000000000001111001000001111110100011111110000001000000000000000000100000100011000101000000000000000001001100111100000000000000000000000000000000000110100000000011001111111000000000110000000000000000000100000000000000000001000000000000000000011 #
#21350
0!
#21360
1!
b000000000000000001111100001110100000000000000000100110011110000000001111001000001111110100011111110000000000000000000000000000000000000010001100001111110000000000000000000000100000100100001111001000001111110100011111110001101000000000000000000100000100011000101000000000000000001001100111100000000000000000000000000000000000110100000000011001111111000000000110000000000000000000100000000000000000001000000000000000000011 #
#21370
0!
#21380
1!
b000000000000000001111100001110100000000000000000100110011110000000001111011111111110010100001110100000000000000000000000000000000000000010010000010011110000000000000000000000000000000000001111011111111110010100001110100000001000000000000000000100000100100000101000000000000000001001100111100000000000000000000000000000000000110100000000011001111111000000000110000000000000000000100000000000000000001000000000000000000011 #
#21390
0!
#21400
1!
b000000000000000001111100001110100000000000000000100110011110000000001111011111111110010100001110100000000000000000000000000000000000000010010000001111110000000000000000000000100000100010001111011111111110010100001110100001101000000000000000000100000100100000101000000000000000001001100111100000000000000000000000000000000000110100000000011001111111000000000110000000000000000000100000000000000000001000000000000000000011 #
#21410
0!
#21420
1!
b000000000000000001111100001110100000000000000000100110011110000000001011111100000000001110000000000100000000000000000000000000000000000010001000010011110000000000000000000000000000000000001011111100000000001110000000000100001000000000000000000100000100010000101000000000000000001001100111100000000000000000000000000000000000110100000000011001111111000000000110000000000000000000100000000000000000001000000000000000000011 #
#21430
0!
#21440
1!
b000000000000000001111100001110100000000000000000100110011110000000001011111100000000001110000000000100000000000000000000000000000000000010001000001111110000000000000000000000100000100011001011111100000000001110000000000101101000000000000000000100000100010000101000000000000000001001100111100000000000000000000000000000000000110100000000011001111111000000000110000000000000000000100000000000000000001000000000000000000011 #
#21450
0!
#21460
1!
b000000000000000001111100001110100000000000000000100110011110000000001111001000001111110100011111110000000000000000000000000000000000000010001100010011110000000000000000000000000000000000001111001000001111110100011111110000001000000000000000000100000100011000101000000000000000001001100111100000000000000000000000000000000000110100000000011001111111000000000110000000000000000000100000000000000000001000000000000000000011 #
#21470
0!
#21480
1!
b000000000000000001111100001110100000000000000000100110011110000000001111001000001111110100011111110000000000000000000000000000000000000010001100001111110000000000000000000000100000100100001111001000001111110100011111110001101000000000000000000100000100011000101000000000000000001001100111100000000000000000000000000000000000110100000000011001111111000000000110000000000000000000100000000000000000001000000000000000000011 #
#21490
0!
#21500
1!
b000000000000000001111100001110100000000000000000100110011110000000001111011111111110010100001110100000000000000000000000000000000000000010010000010011110000000000000000000000000000000000001111011111111110010100001110100000001000000000000000000100000100100000101000000000000000001001100111100000000000000000000000000000000000110100000000011001111111000000000110000000000000000000100000000000000000001000000000000000000011 #
#21510
0!
#21520
1!
b000000000000000001111100001110100000000000000000100110011110000000001111011111111110010100001110100000000000000000000000000000000000000010010000001111110000000000000000000000100000100010001111011111111110010100001110100001101000000000000000000100000100100000101000000000000000001001100111100000000000000000000000000000000000110100000000011001111111000000000110000000000000000000100000000000000000001000000000000000000011 #
#21530
0!
#21540
1!
b000000000000000001111100001110100000000000000000100110011110000000001011111100000000001110000000000100000000000000000000000000000000000010001000010011110000000000000000000000000000000000001011111100000000001110000000000100001000000000000000000100000100010000101000000000000000001001100111100000000000000000000000000000000000110100000000011001111111000000000110000000000000000000100000000000000000001000000000000000000011 #
#21550
0!
#21560
1!
b000000000000000001111100001110100000000000000000100110011110000000001011111100000000001110000000000100000000000000000000000000000000000010001000001111110000000000000000000000100000100011001011111100000000001110000000000101101000000000000000000100000100010000101000000000000000001001100111100000000000000000000000000000000000110100000000011001111111000000000110000000000000000000100000000000000000001000000000000000000011 #
#21570
0!
#21580
1!
b000000000000000001111100001110100000000000000000100110011110000000001111001000001111110100011111110000000000000000000000000000000000000010001100010011110000000000000000000000000000000000001111001000001111110100011111110000001000000000000000000100000100011000101000000000000000001001100111100000000000000000000000000000000000110100000000011001111111000000000110000000000000000000100000000000000000001000000000000000000011 #
#21590
0!
#21600
1!
b000000000000000001111100001110100000000000000000100110011110000000001111001000001111110100011111110000000000000000000000000000000000000010001100001111110000000000000000000000100000100100001111001000001111110100011111110001101000000000000000000100000100011000101000000000000000001001100111100000000000000000000000000000000000110100000000011001111111000000000110000000000000000000100000000000000000001000000000000000000011 #
#21610
0!
#21620
1!
b000000000000000001111100001110100000000000000000100110011110000000001111011111111110010100001110100000000000000000000000000000000000000010010000010011110000000000000000000000000000000000001111011111111110010100001110100000001000000000000000000100000100100000101000000000000000001001100111100000000000000000000000000000000000110100000000011001111111000000000110000000000000000000100000000000000000001000000000000000000011 #
#21630
0!
#21640
1!
b000000000000000001111100001110100000000000000000100110011110000000001111011111111110010100001110100000000000000000000000000000000000000010010000001111110000000000000000000000100000100010001111011111111110010100001110100001101000000000000000000100000100100000101000000000000000001001100111100000000000000000000000000000000000110100000000011001111111000000000110000000000000000000100000000000000000001000000000000000000011 #
#21650
0!
#21660
1!
b000000000000000001111100001110100000000000000000100110011110000000001011111100000000001110000000000100000000000000000000000000000000000010001000010011110000000000000000000000000000000000001011111100000000001110000000000100001000000000000000000100000100010000101000000000000000001001100111100000000000000000000000000000000000110100000000011001111111000000000110000000000000000000100000000000000000001000000000000000000011 #
#21670
0!
#21680
1!
b000000000000000001111100001110100000000000000000100110011110000000001011111100000000001110000000000100000000000000000000000000000000000010001000001111110000000000000000000000100000100011001011111100000000001110000000000101101000000000000000000100000100010000101000000000000000001001100111100000000000000000000000000000000000110100000000011001111111000000000110000000000000000000100000000000000000001000000000000000000011 #
#21690
0!
#21700
1!
b000000000000000001111100001110100000000000000000100110011110000000001111001000001111110100011111110000000000000000000000000000000000000010001100010011110000000000000000000000000000000000001111001000001111110100011111110000001000000000000000000100000100011000101000000000000000001001100111100000000000000000000000000000000000110100000000011001111111000000000110000000000000000000100000000000000000001000000000000000000011 #
#21710
0!
#21720
1!
b000000000000000001111100001110100000000000000000100110011110000000001111001000001111110100011111110000000000000000000000000000000000000010001100001111110000000000000000000000100000100100001111001000001111110100011111110001101000000000000000000100000100011000101000000000000000001001100111100000000000000000000000000000000000110100000000011001111111000000000110000000000000000000100000000000000000001000000000000000000011 #
#21730
0!
#21740
1!
b000000000000000001111100001110100000000000000000100110011110000000001111011111111110010100001110100000000000000000000000000000000000000010010000010011110000000000000000000000000000000000001111011111111110010100001110100000001000000000000000000100000100100000101000000000000000001001100111100000000000000000000000000000000000110100000000011001111111000000000110000000000000000000100000000000000000001000000000000000000011 #
#21750
0!
#21760
1!
b000000000000000001111100001110100000000000000000100110011110000000001111011111111110010100001110100000000000000000000000000000000000000010010000001111110000000000000000000000100000100010001111011111111110010100001110100001101000000000000000000100000100100000101000000000000000001001100111100000000000000000000000000000000000110100000000011001111111000000000110000000000000000000100000000000000000001000000000000000000011 #
#21770
0!
#21780
1!
b000000000000000001111100001110100000000000000000100110011110000000001011111100000000001110000000000100000000000000000000000000000000000010001000010011110000000000000000000000000000000000001011111100000000001110000000000100001000000000000000000100000100010000101000000000000000001001100111100000000000000000000000000000000000110100000000011001111111000000000110000000000000000000100000000000000000001000000000000000000011 #
#21790
0!
#21800
1!
b000000000000000001111100001110100000000000000000100110011110000000001011111100000000001110000000000100000000000000000000000000000000000010001000001111110000000000000000000000100000100011001011111100000000001110000000000101101000000000000000000100000100010000101000000000000000001001100111100000000000000000000000000000000000110100000000011001111111000000000110000000000000000000100000000000000000001000000000000000000011 #
#21810
0!
#21820
1!
b000000000000000001111100001110100000000000000000100110011110000000001111001000001111110100011111110000000000000000000000000000000000000010001100010011110000000000000000000000000000000000001111001000001111110100011111110000001000000000000000000100000100011000101000000000000000001001100111100000000000000000000000000000000000110100000000011001111111000000000110000000000000000000100000000000000000001000000000000000000011 #
#21830
0!
#21840
1!
b000000000000000001111100001110100000000000000000100110011110000000001111001000001111110100011111110000000000000000000000000000000000000010001100001111110000000000000000000000100000100100001111001000001111110100011111110001101000000000000000000100000100011000101000000000000000001001100111100000000000000000000000000000000000110100000000011001111111000000000110000000000000000000100000000000000000001000000000000000000011 #
#21850
0!
#21860
1!
b000000000000000001111100001110100000000000000000100110011110000000001111011111111110010100001110100000000000000000000000000000000000000010010000010011110000000000000000000000000000000000001111011111111110010100001110100000001000000000000000000100000100100000101000000000000000001001100111100000000000000000000000000000000000110100000000011001111111000000000110000000000000000000100000000000000000001000000000000000000011 #
#21870
0!
#21880
1!
b000000000000000001111100001110100000000000000000100110011110000000001111011111111110010100001110100000000000000000000000000000000000000010010000001111110000000000000000000000100000100010001111011111111110010100001110100001101000000000000000000100000100100000101000000000000000001001100111100000000000000000000000000000000000110100000000011001111111000000000110000000000000000000100000000000000000001000000000000000000011 #
#21890
0!
#21900
1!
b000000000000000001111100001110100000000000000000100110011110000000001011111100000000001110000000000100000000000000000000000000000000000010001000010011110000000000000000000000000000000000001011111100000000001110000000000100001000000000000000000100000100010000101000000000000000001001100111100000000000000000000000000000000000110100000000011001111111000000000110000000000000000000100000000000000000001000000000000000000011 #
#21910
0!
#21920
1!
b000000000000000001111100001110100000000000000000100110011110000000001011111100000000001110000000000100000000000000000000000000000000000010001000001111110000000000000000000000100000100011001011111100000000001110000000000101101000000000000000000100000100010000101000000000000000001001100111100000000000000000000000000000000000110100000000011001111111000000000110000000000000000000100000000000000000001000000000000000000011 #
#21930
0!
#21940
1!
b000000000000000001111100001110100000000000000000100110011110000000001111001000001111110100011111110000000000000000000000000000000000000010001100010011110000000000000000000000000000000000001111001000001111110100011111110000001000000000000000000100000100011000101000000000000000001001100111100000000000000000000000000000000000110100000000011001111111000000000110000000000000000000100000000000000000001000000000000000000011 #
#21950
0!
#21960
1!
b000000000000000001111100001110100000000000000000100110011110000000001111001000001111110100011111110000000000000000000000000000000000000010001100001111110000000000000000000000100000100100001111001000001111110100011111110001101000000000000000000100000100011000101000000000000000001001100111100000000000000000000000000000000000110100000000011001111111000000000110000000000000000000100000000000000000001000000000000000000011 #
#21970
0!
#21980
1!
b000000000000000001111100001110100000000000000000100110011110000000001111011111111110010100001110100000000000000000000000000000000000000010010000010011110000000000000000000000000000000000001111011111111110010100001110100000001000000000000000000100000100100000101000000000000000001001100111100000000000000000000000000000000000110100000000011001111111000000000110000000000000000000100000000000000000001000000000000000000011 #
#21990
0!
#22000
1!
b000000000000000001111100001110100000000000000000100110011110000000001111011111111110010100001110100000000000000000000000000000000000000010010000001111110000000000000000000000100000100010001111011111111110010100001110100001101000000000000000000100000100100000101000000000000000001001100111100000000000000000000000000000000000110100000000011001111111000000000110000000000000000000100000000000000000001000000000000000000011 #
#22010
0!
#22020
1!
b000000000000000001111100001110100000000000000000100110011110000000001011111100000000001110000000000100000000000000000000000000000000000010001000010011110000000000000000000000000000000000001011111100000000001110000000000100001000000000000000000100000100010000101000000000000000001001100111100000000000000000000000000000000000110100000000011001111111000000000110000000000000000000100000000000000000001000000000000000000011 #
#22030
0!
#22040
1!
b000000000000000001111100001110100000000000000000100110011110000000001011111100000000001110000000000100000000000000000000000000000000000010001000001111110000000000000000000000100000100011001011111100000000001110000000000101101000000000000000000100000100010000101000000000000000001001100111100000000000000000000000000000000000110100000000011001111111000000000110000000000000000000100000000000000000001000000000000000000011 #
#22050
0!
#22060
1!
b000000000000000001111100001110100000000000000000100110011110000000001111001000001111110100011111110000000000000000000000000000000000000010001100010011110000000000000000000000000000000000001111001000001111110100011111110000001000000000000000000100000100011000101000000000000000001001100111100000000000000000000000000000000000110100000000011001111111000000000110000000000000000000100000000000000000001000000000000000000011 #
#22070
0!
#22080
1!
b000000000000000001111100001110100000000000000000100110011110000000001111001000001111110100011111110000000000000000000000000000000000000010001100001111110000000000000000000000100000100100001111001000001111110100011111110001101000000000000000000100000100011000101000000000000000001001100111100000000000000000000000000000000000110100000000011001111111000000000110000000000000000000100000000000000000001000000000000000000011 #
#22090
0!
#22100
1!
b000000000000000001111100001110100000000000000000100110011110000000001111011111111110010100001110100000000000000000000000000000000000000010010000010011110000000000000000000000000000000000001111011111111110010100001110100000001000000000000000000100000100100000101000000000000000001001100111100000000000000000000000000000000000110100000000011001111111000000000110000000000000000000100000000000000000001000000000000000000011 #
#22110
0!
#22120
1!
b000000000000000001111100001110100000000000000000100110011110000000001111011111111110010100001110100000000000000000000000000000000000000010010000001111110000000000000000000000100000100010001111011111111110010100001110100001101000000000000000000100000100100000101000000000000000001001100111100000000000000000000000000000000000110100000000011001111111000000000110000000000000000000100000000000000000001000000000000000000011 #
#22130
0!
#22140
1!
b000000000000000001111100001110100000000000000000100110011110000000001011111100000000001110000000000100000000000000000000000000000000000010001000010011110000000000000000000000000000000000001011111100000000001110000000000100001000000000000000000100000100010000101000000000000000001001100111100000000000000000000000000000000000110100000000011001111111000000000110000000000000000000100000000000000000001000000000000000000011 #
#22150
0!
#22160
1!
b000000000000000001111100001110100000000000000000100110011110000000001011111100000000001110000000000100000000000000000000000000000000000010001000001111110000000000000000000000100000100011001011111100000000001110000000000101101000000000000000000100000100010000101000000000000000001001100111100000000000000000000000000000000000110100000000011001111111000000000110000000000000000000100000000000000000001000000000000000000011 #
#22170
0!
#22180
1!
b000000000000000001111100001110100000000000000000100110011110000000001111001000001111110100011111110000000000000000000000000000000000000010001100010011110000000000000000000000000000000000001111001000001111110100011111110000001000000000000000000100000100011000101000000000000000001001100111100000000000000000000000000000000000110100000000011001111111000000000110000000000000000000100000000000000000001000000000000000000011 #
#22190
0!
#22200
1!
b000000000000000001111100001110100000000000000000100110011110000000001111001000001111110100011111110000000000000000000000000000000000000010001100001111110000000000000000000000100000100100001111001000001111110100011111110001101000000000000000000100000100011000101000000000000000001001100111100000000000000000000000000000000000110100000000011001111111000000000110000000000000000000100000000000000000001000000000000000000011 #
#22210
0!
#22220
1!
b000000000000000001111100001110100000000000000000100110011110000000001111011111111110010100001110100000000000000000000000000000000000000010010000010011110000000000000000000000000000000000001111011111111110010100001110100000001000000000000000000100000100100000101000000000000000001001100111100000000000000000000000000000000000110100000000011001111111000000000110000000000000000000100000000000000000001000000000000000000011 #
#22230
0!
#22240
1!
b000000000000000001111100001110100000000000000000100110011110000000001111011111111110010100001110100000000000000000000000000000000000000010010000001111110000000000000000000000100000100010001111011111111110010100001110100001101000000000000000000100000100100000101000000000000000001001100111100000000000000000000000000000000000110100000000011001111111000000000110000000000000000000100000000000000000001000000000000000000011 #
#22250
0!
#22260
1!
b000000000000000001111100001110100000000000000000100110011110000000001011111100000000001110000000000100000000000000000000000000000000000010001000010011110000000000000000000000000000000000001011111100000000001110000000000100001000000000000000000100000100010000101000000000000000001001100111100000000000000000000000000000000000110100000000011001111111000000000110000000000000000000100000000000000000001000000000000000000011 #
#22270
0!
#22280
1!
b000000000000000001111100001110100000000000000000100110011110000000001011111100000000001110000000000100000000000000000000000000000000000010001000001111110000000000000000000000100000100011001011111100000000001110000000000101101000000000000000000100000100010000101000000000000000001001100111100000000000000000000000000000000000110100000000011001111111000000000110000000000000000000100000000000000000001000000000000000000011 #
#22290
0!
#22300
1!
b000000000000000001111100001110100000000000000000100110011110000000001111001000001111110100011111110000000000000000000000000000000000000010001100010011110000000000000000000000000000000000001111001000001111110100011111110000001000000000000000000100000100011000101000000000000000001001100111100000000000000000000000000000000000110100000000011001111111000000000110000000000000000000100000000000000000001000000000000000000011 #
#22310
0!
#22320
1!
b000000000000000001111100001110100000000000000000100110011110000000001111001000001111110100011111110000000000000000000000000000000000000010001100001111110000000000000000000000100000100100001111001000001111110100011111110001101000000000000000000100000100011000101000000000000000001001100111100000000000000000000000000000000000110100000000011001111111000000000110000000000000000000100000000000000000001000000000000000000011 #
#22330
0!
#22340
1!
b000000000000000001111100001110100000000000000000100110011110000000001111011111111110010100001110100000000000000000000000000000000000000010010000010011110000000000000000000000000000000000001111011111111110010100001110100000001000000000000000000100000100100000101000000000000000001001100111100000000000000000000000000000000000110100000000011001111111000000000110000000000000000000100000000000000000001000000000000000000011 #
#22350
0!
#22360
1!
b000000000000000001111100001110100000000000000000100110011110000000001111011111111110010100001110100000000000000000000000000000000000000010010000001111110000000000000000000000100000100010001111011111111110010100001110100001101000000000000000000100000100100000101000000000000000001001100111100000000000000000000000000000000000110100000000011001111111000000000110000000000000000000100000000000000000001000000000000000000011 #
#22370
0!
#22380
1!
b000000000000000001111100001110100000000000000000100110011110000000001011111100000000001110000000000100000000000000000000000000000000000010001000010011110000000000000000000000000000000000001011111100000000001110000000000100001000000000000000000100000100010000101000000000000000001001100111100000000000000000000000000000000000110100000000011001111111000000000110000000000000000000100000000000000000001000000000000000000011 #
#22390
0!
#22400
1!
b000000000000000001111100001110100000000000000000100110011110000000001011111100000000001110000000000100000000000000000000000000000000000010001000001111110000000000000000000000100000100011001011111100000000001110000000000101101000000000000000000100000100010000101000000000000000001001100111100000000000000000000000000000000000110100000000011001111111000000000110000000000000000000100000000000000000001000000000000000000011 #
#22410
0!
#22420
1!
b000000000000000001111100001110100000000000000000100110011110000000001111001000001111110100011111110000000000000000000000000000000000000010001100010011110000000000000000000000000000000000001111001000001111110100011111110000001000000000000000000100000100011000101000000000000000001001100111100000000000000000000000000000000000110100000000011001111111000000000110000000000000000000100000000000000000001000000000000000000011 #
#22430
0!
#22440
1!
b000000000000000001111100001110100000000000000000100110011110000000001111001000001111110100011111110000000000000000000000000000000000000010001100001111110000000000000000000000100000100100001111001000001111110100011111110001101000000000000000000100000100011000101000000000000000001001100111100000000000000000000000000000000000110100000000011001111111000000000110000000000000000000100000000000000000001000000000000000000011 #
#22450
0!
#22460
1!
b000000000000000001111100001110100000000000000000100110011110000000001111011111111110010100001110100000000000000000000000000000000000000010010000010011110000000000000000000000000000000000001111011111111110010100001110100000001000000000000000000100000100100000101000000000000000001001100111100000000000000000000000000000000000110100000000011001111111000000000110000000000000000000100000000000000000001000000000000000000011 #
#22470
0!
#22480
1!
b000000000000000001111100001110100000000000000000100110011110000000001111011111111110010100001110100000000000000000000000000000000000000010010000001111110000000000000000000000100000100010001111011111111110010100001110100001101000000000000000000100000100100000101000000000000000001001100111100000000000000000000000000000000000110100000000011001111111000000000110000000000000000000100000000000000000001000000000000000000011 #
#22490
0!
#22500
1!
b000000000000000001111100001110100000000000000000100110011110000000001011111100000000001110000000000100000000000000000000000000000000000010001000010011110000000000000000000000000000000000001011111100000000001110000000000100001000000000000000000100000100010000101000000000000000001001100111100000000000000000000000000000000000110100000000011001111111000000000110000000000000000000100000000000000000001000000000000000000011 #
#22510
0!
#22520
1!
b000000000000000001111100001110100000000000000000100110011110000000001011111100000000001110000000000100000000000000000000000000000000000010001000001111110000000000000000000000100000100011001011111100000000001110000000000101101000000000000000000100000100010000101000000000000000001001100111100000000000000000000000000000000000110100000000011001111111000000000110000000000000000000100000000000000000001000000000000000000011 #
#22530
0!
#22540
1!
b000000000000000001111100001110100000000000000000100110011110000000001111001000001111110100011111110000000000000000000000000000000000000010001100010011110000000000000000000000000000000000001111001000001111110100011111110000001000000000000000000100000100011000101000000000000000001001100111100000000000000000000000000000000000110100000000011001111111000000000110000000000000000000100000000000000000001000000000000000000011 #
#22550
0!
#22560
1!
b000000000000000001111100001110100000000000000000100110011110000000001111001000001111110100011111110000000000000000000000000000000000000010001100001111110000000000000000000000100000100100001111001000001111110100011111110001101000000000000000000100000100011000101000000000000000001001100111100000000000000000000000000000000000110100000000011001111111000000000110000000000000000000100000000000000000001000000000000000000011 #
#22570
0!
#22580
1!
b000000000000000001111100001110100000000000000000100110011110000000001111011111111110010100001110100000000000000000000000000000000000000010010000010011110000000000000000000000000000000000001111011111111110010100001110100000001000000000000000000100000100100000101000000000000000001001100111100000000000000000000000000000000000110100000000011001111111000000000110000000000000000000100000000000000000001000000000000000000011 #
#22590
0!
#22600
1!
b000000000000000001111100001110100000000000000000100110011110000000001111011111111110010100001110100000000000000000000000000000000000000010010000001111110000000000000000000000100000100010001111011111111110010100001110100001101000000000000000000100000100100000101000000000000000001001100111100000000000000000000000000000000000110100000000011001111111000000000110000000000000000000100000000000000000001000000000000000000011 #
#22610
0!
#22620
1!
b000000000000000001111100001110100000000000000000100110011110000000001011111100000000001110000000000100000000000000000000000000000000000010001000010011110000000000000000000000000000000000001011111100000000001110000000000100001000000000000000000100000100010000101000000000000000001001100111100000000000000000000000000000000000110100000000011001111111000000000110000000000000000000100000000000000000001000000000000000000011 #
#22630
0!
#22640
1!
b000000000000000001111100001110100000000000000000100110011110000000001011111100000000001110000000000100000000000000000000000000000000000010001000001111110000000000000000000000100000100011001011111100000000001110000000000101101000000000000000000100000100010000101000000000000000001001100111100000000000000000000000000000000000110100000000011001111111000000000110000000000000000000100000000000000000001000000000000000000011 #
#22650
0!
#22660
1!
b000000000000000001111100001110100000000000000000100110011110000000001111001000001111110100011111110000000000000000000000000000000000000010001100010011110000000000000000000000000000000000001111001000001111110100011111110000001000000000000000000100000100011000101000000000000000001001100111100000000000000000000000000000000000110100000000011001111111000000000110000000000000000000100000000000000000001000000000000000000011 #
#22670
0!
#22680
1!
b000000000000000001111100001110100000000000000000100110011110000000001111001000001111110100011111110000000000000000000000000000000000000010001100001111110000000000000000000000100000100100001111001000001111110100011111110001101000000000000000000100000100011000101000000000000000001001100111100000000000000000000000000000000000110100000000011001111111000000000110000000000000000000100000000000000000001000000000000000000011 #
#22690
0!
#22700
1!
b000000000000000001111100001110100000000000000000100110011110000000001111011111111110010100001110100000000000000000000000000000000000000010010000010011110000000000000000000000000000000000001111011111111110010100001110100000001000000000000000000100000100100000101000000000000000001001100111100000000000000000000000000000000000110100000000011001111111000000000110000000000000000000100000000000000000001000000000000000000011 #
#22710
0!
#22720
1!
b000000000000000001111100001110100000000000000000100110011110000000001111011111111110010100001110100000000000000000000000000000000000000010010000001111110000000000000000000000100000100010001111011111111110010100001110100001101000000000000000000100000100100000101000000000000000001001100111100000000000000000000000000000000000110100000000011001111111000000000110000000000000000000100000000000000000001000000000000000000011 #
#22730
0!
#22740
1!
b000000000000000001111100001110100000000000000000100110011110000000001011111100000000001110000000000100000000000000000000000000000000000010001000010011110000000000000000000000000000000000001011111100000000001110000000000100001000000000000000000100000100010000101000000000000000001001100111100000000000000000000000000000000000110100000000011001111111000000000110000000000000000000100000000000000000001000000000000000000011 #
#22750
0!
#22760
1!
b000000000000000001111100001110100000000000000000100110011110000000001011111100000000001110000000000100000000000000000000000000000000000010001000001111110000000000000000000000100000100011001011111100000000001110000000000101101000000000000000000100000100010000101000000000000000001001100111100000000000000000000000000000000000110100000000011001111111000000000110000000000000000000100000000000000000001000000000000000000011 #
#22770
0!
#22780
1!
b000000000000000001111100001110100000000000000000100110011110000000001111001000001111110100011111110000000000000000000000000000000000000010001100010011110000000000000000000000000000000000001111001000001111110100011111110000001000000000000000000100000100011000101000000000000000001001100111100000000000000000000000000000000000110100000000011001111111000000000110000000000000000000100000000000000000001000000000000000000011 #
#22790
0!
#22800
1!
b000000000000000001111100001110100000000000000000100110011110000000001111001000001111110100011111110000000000000000000000000000000000000010001100001111110000000000000000000000100000100100001111001000001111110100011111110001101000000000000000000100000100011000101000000000000000001001100111100000000000000000000000000000000000110100000000011001111111000000000110000000000000000000100000000000000000001000000000000000000011 #
#22810
0!
#22820
1!
b000000000000000001111100001110100000000000000000100110011110000000001111011111111110010100001110100000000000000000000000000000000000000010010000010011110000000000000000000000000000000000001111011111111110010100001110100000001000000000000000000100000100100000101000000000000000001001100111100000000000000000000000000000000000110100000000011001111111000000000110000000000000000000100000000000000000001000000000000000000011 #
#22830
0!
#22840
1!
b000000000000000001111100001110100000000000000000100110011110000000001111011111111110010100001110100000000000000000000000000000000000000010010000001111110000000000000000000000100000100010001111011111111110010100001110100001101000000000000000000100000100100000101000000000000000001001100111100000000000000000000000000000000000110100000000011001111111000000000110000000000000000000100000000000000000001000000000000000000011 #
#22850
0!
#22860
1!
b000000000000000001111100001110100000000000000000100110011110000000001011111100000000001110000000000100000000000000000000000000000000000010001000010011110000000000000000000000000000000000001011111100000000001110000000000100001000000000000000000100000100010000101000000000000000001001100111100000000000000000000000000000000000110100000000011001111111000000000110000000000000000000100000000000000000001000000000000000000011 #
#22870
0!
#22880
1!
b000000000000000001111100001110100000000000000000100110011110000000001011111100000000001110000000000100000000000000000000000000000000000010001000001111110000000000000000000000100000100011001011111100000000001110000000000101101000000000000000000100000100010000101000000000000000001001100111100000000000000000000000000000000000110100000000011001111111000000000110000000000000000000100000000000000000001000000000000000000011 #
#22890
0!
#22900
1!
b000000000000000001111100001110100000000000000000100110011110000000001111001000001111110100011111110000000000000000000000000000000000000010001100010011110000000000000000000000000000000000001111001000001111110100011111110000001000000000000000000100000100011000101000000000000000001001100111100000000000000000000000000000000000110100000000011001111111000000000110000000000000000000100000000000000000001000000000000000000011 #
#22910
0!
#22920
1!
b000000000000000001111100001110100000000000000000100110011110000000001111001000001111110100011111110000000000000000000000000000000000000010001100001111110000000000000000000000100000100100001111001000001111110100011111110001101000000000000000000100000100011000101000000000000000001001100111100000000000000000000000000000000000110100000000011001111111000000000110000000000000000000100000000000000000001000000000000000000011 #
#22930
0!
#22940
1!
b000000000000000001111100001110100000000000000000100110011110000000001111011111111110010100001110100000000000000000000000000000000000000010010000010011110000000000000000000000000000000000001111011111111110010100001110100000001000000000000000000100000100100000101000000000000000001001100111100000000000000000000000000000000000110100000000011001111111000000000110000000000000000000100000000000000000001000000000000000000011 #
#22950
0!
#22960
1!
b000000000000000001111100001110100000000000000000100110011110000000001111011111111110010100001110100000000000000000000000000000000000000010010000001111110000000000000000000000100000100010001111011111111110010100001110100001101000000000000000000100000100100000101000000000000000001001100111100000000000000000000000000000000000110100000000011001111111000000000110000000000000000000100000000000000000001000000000000000000011 #
#22970
0!
#22980
1!
b000000000000000001111100001110100000000000000000100110011110000000001011111100000000001110000000000100000000000000000000000000000000000010001000010011110000000000000000000000000000000000001011111100000000001110000000000100001000000000000000000100000100010000101000000000000000001001100111100000000000000000000000000000000000110100000000011001111111000000000110000000000000000000100000000000000000001000000000000000000011 #
#22990
0!
#23000
1!
b000000000000000001111100001110100000000000000000100110011110000000001011111100000000001110000000000100000000000000000000000000000000000010001000001111110000000000000000000000100000100011001011111100000000001110000000000101101000000000000000000100000100010000101000000000000000001001100111100000000000000000000000000000000000110100000000011001111111000000000110000000000000000000100000000000000000001000000000000000000011 #
#23010
0!
#23020
1!
b000000000000000001111100001110100000000000000000100110011110000000001111001000001111110100011111110000000000000000000000000000000000000010001100010011110000000000000000000000000000000000001111001000001111110100011111110000001000000000000000000100000100011000101000000000000000001001100111100000000000000000000000000000000000110100000000011001111111000000000110000000000000000000100000000000000000001000000000000000000011 #
#23030
0!
#23040
1!
b000000000000000001111100001110100000000000000000100110011110000000001111001000001111110100011111110000000000000000000000000000000000000010001100001111110000000000000000000000100000100100001111001000001111110100011111110001101000000000000000000100000100011000101000000000000000001001100111100000000000000000000000000000000000110100000000011001111111000000000110000000000000000000100000000000000000001000000000000000000011 #
#23050
0!
#23060
1!
b000000000000000001111100001110100000000000000000100110011110000000001111011111111110010100001110100000000000000000000000000000000000000010010000010011110000000000000000000000000000000000001111011111111110010100001110100000001000000000000000000100000100100000101000000000000000001001100111100000000000000000000000000000000000110100000000011001111111000000000110000000000000000000100000000000000000001000000000000000000011 #
#23070
0!
#23080
1!
b000000000000000001111100001110100000000000000000100110011110000000001111011111111110010100001110100000000000000000000000000000000000000010010000001111110000000000000000000000100000100010001111011111111110010100001110100001101000000000000000000100000100100000101000000000000000001001100111100000000000000000000000000000000000110100000000011001111111000000000110000000000000000000100000000000000000001000000000000000000011 #
#23090
0!
#23100
1!
b000000000000000001111100001110100000000000000000100110011110000000001011111100000000001110000000000100000000000000000000000000000000000010001000010011110000000000000000000000000000000000001011111100000000001110000000000100001000000000000000000100000100010000101000000000000000001001100111100000000000000000000000000000000000110100000000011001111111000000000110000000000000000000100000000000000000001000000000000000000011 #
#23110
0!
#23120
1!
b000000000000000001111100001110100000000000000000100110011110000000001011111100000000001110000000000100000000000000000000000000000000000010001000001111110000000000000000000000100000100011001011111100000000001110000000000101101000000000000000000100000100010000101000000000000000001001100111100000000000000000000000000000000000110100000000011001111111000000000110000000000000000000100000000000000000001000000000000000000011 #
#23130
0!
#23140
1!
b000000000000000001111100001110100000000000000000100110011110000000001111001000001111110100011111110000000000000000000000000000000000000010001100010011110000000000000000000000000000000000001111001000001111110100011111110000001000000000000000000100000100011000101000000000000000001001100111100000000000000000000000000000000000110100000000011001111111000000000110000000000000000000100000000000000000001000000000000000000011 #
#23150
0!
#23160
1!
b000000000000000001111100001110100000000000000000100110011110000000001111001000001111110100011111110000000000000000000000000000000000000010001100001111110000000000000000000000100000100100001111001000001111110100011111110001101000000000000000000100000100011000101000000000000000001001100111100000000000000000000000000000000000110100000000011001111111000000000110000000000000000000100000000000000000001000000000000000000011 #
#23170
0!
#23180
1!
b000000000000000001111100001110100000000000000000100110011110000000001111011111111110010100001110100000000000000000000000000000000000000010010000010011110000000000000000000000000000000000001111011111111110010100001110100000001000000000000000000100000100100000101000000000000000001001100111100000000000000000000000000000000000110100000000011001111111000000000110000000000000000000100000000000000000001000000000000000000011 #
#23190
0!
#23200
1!
b000000000000000001111100001110100000000000000000100110011110000000001111011111111110010100001110100000000000000000000000000000000000000010010000001111110000000000000000000000100000100010001111011111111110010100001110100001101000000000000000000100000100100000101000000000000000001001100111100000000000000000000000000000000000110100000000011001111111000000000110000000000000000000100000000000000000001000000000000000000011 #
#23210
0!
#23220
1!
b000000000000000001111100001110100000000000000000100110011110000000001011111100000000001110000000000100000000000000000000000000000000000010001000010011110000000000000000000000000000000000001011111100000000001110000000000100001000000000000000000100000100010000101000000000000000001001100111100000000000000000000000000000000000110100000000011001111111000000000110000000000000000000100000000000000000001000000000000000000011 #
#23230
0!
#23240
1!
b000000000000000001111100001110100000000000000000100110011110000000001011111100000000001110000000000100000000000000000000000000000000000010001000001111110000000000000000000000100000100011001011111100000000001110000000000101101000000000000000000100000100010000101000000000000000001001100111100000000000000000000000000000000000110100000000011001111111000000000110000000000000000000100000000000000000001000000000000000000011 #
#23250
0!
#23260
1!
b000000000000000001111100001110100000000000000000100110011110000000001111001000001111110100011111110000000000000000000000000000000000000010001100010011110000000000000000000000000000000000001111001000001111110100011111110000001000000000000000000100000100011000101000000000000000001001100111100000000000000000000000000000000000110100000000011001111111000000000110000000000000000000100000000000000000001000000000000000000011 #
#23270
0!
#23280
1!
b000000000000000001111100001110100000000000000000100110011110000000001111001000001111110100011111110000000000000000000000000000000000000010001100001111110000000000000000000000100000100100001111001000001111110100011111110001101000000000000000000100000100011000101000000000000000001001100111100000000000000000000000000000000000110100000000011001111111000000000110000000000000000000100000000000000000001000000000000000000011 #
#23290
0!
#23300
1!
b000000000000000001111100001110100000000000000000100110011110000000001111011111111110010100001110100000000000000000000000000000000000000010010000010011110000000000000000000000000000000000001111011111111110010100001110100000001000000000000000000100000100100000101000000000000000001001100111100000000000000000000000000000000000110100000000011001111111000000000110000000000000000000100000000000000000001000000000000000000011 #
#23310
0!
#23320
1!
b000000000000000001111100001110100000000000000000100110011110000000001111011111111110010100001110100000000000000000000000000000000000000010010000001111110000000000000000000000100000100010001111011111111110010100001110100001101000000000000000000100000100100000101000000000000000001001100111100000000000000000000000000000000000110100000000011001111111000000000110000000000000000000100000000000000000001000000000000000000011 #
#23330
0!
#23340
1!
b000000000000000001111100001110100000000000000000100110011110000000001011111100000000001110000000000100000000000000000000000000000000000010001000010011110000000000000000000000000000000000001011111100000000001110000000000100001000000000000000000100000100010000101000000000000000001001100111100000000000000000000000000000000000110100000000011001111111000000000110000000000000000000100000000000000000001000000000000000000011 #
#23350
0!
#23360
1!
b000000000000000001111100001110100000000000000000100110011110000000001011111100000000001110000000000100000000000000000000000000000000000010001000001111110000000000000000000000100000100011001011111100000000001110000000000101101000000000000000000100000100010000101000000000000000001001100111100000000000000000000000000000000000110100000000011001111111000000000110000000000000000000100000000000000000001000000000000000000011 #
#23370
0!
#23380
1!
b000000000000000001111100001110100000000000000000100110011110000000001111001000001111110100011111110000000000000000000000000000000000000010001100010011110000000000000000000000000000000000001111001000001111110100011111110000001000000000000000000100000100011000101000000000000000001001100111100000000000000000000000000000000000110100000000011001111111000000000110000000000000000000100000000000000000001000000000000000000011 #
#23390
0!
#23400
1!
b000000000000000001111100001110100000000000000000100110011110000000001111001000001111110100011111110000000000000000000000000000000000000010001100001111110000000000000000000000100000100100001111001000001111110100011111110001101000000000000000000100000100011000101000000000000000001001100111100000000000000000000000000000000000110100000000011001111111000000000110000000000000000000100000000000000000001000000000000000000011 #
#23410
0!
#23420
1!
b000000000000000001111100001110100000000000000000100110011110000000001111011111111110010100001110100000000000000000000000000000000000000010010000010011110000000000000000000000000000000000001111011111111110010100001110100000001000000000000000000100000100100000101000000000000000001001100111100000000000000000000000000000000000110100000000011001111111000000000110000000000000000000100000000000000000001000000000000000000011 #
#23430
0!
#23440
1!
b000000000000000001111100001110100000000000000000100110011110000000001111011111111110010100001110100000000000000000000000000000000000000010010000001111110000000000000000000000100000100010001111011111111110010100001110100001101000000000000000000100000100100000101000000000000000001001100111100000000000000000000000000000000000110100000000011001111111000000000110000000000000000000100000000000000000001000000000000000000011 #
#23450
0!
#23460
1!
b000000000000000001111100001110100000000000000000100110011110000000001011111100000000001110000000000100000000000000000000000000000000000010001000010011110000000000000000000000000000000000001011111100000000001110000000000100001000000000000000000100000100010000101000000000000000001001100111100000000000000000000000000000000000110100000000011001111111000000000110000000000000000000100000000000000000001000000000000000000011 #
#23470
0!
#23480
1!
b000000000000000001111100001110100000000000000000100110011110000000001011111100000000001110000000000100000000000000000000000000000000000010001000001111110000000000000000000000100000100011001011111100000000001110000000000101101000000000000000000100000100010000101000000000000000001001100111100000000000000000000000000000000000110100000000011001111111000000000110000000000000000000100000000000000000001000000000000000000011 #
#23490
0!
#23500
1!
b000000000000000001111100001110100000000000000000100110011110000000001111001000001111110100011111110000000000000000000000000000000000000010001100010011110000000000000000000000000000000000001111001000001111110100011111110000001000000000000000000100000100011000101000000000000000001001100111100000000000000000000000000000000000110100000000011001111111000000000110000000000000000000100000000000000000001000000000000000000011 #
#23510
0!
#23520
1!
b000000000000000001111100001110100000000000000000100110011110000000001111001000001111110100011111110000000000000000000000000000000000000010001100001111110000000000000000000000100000100100001111001000001111110100011111110001101000000000000000000100000100011000101000000000000000001001100111100000000000000000000000000000000000110100000000011001111111000000000110000000000000000000100000000000000000001000000000000000000011 #
#23530
0!
#23540
1!
b000000000000000001111100001110100000000000000000100110011110000000001111011111111110010100001110100000000000000000000000000000000000000010010000010011110000000000000000000000000000000000001111011111111110010100001110100000001000000000000000000100000100100000101000000000000000001001100111100000000000000000000000000000000000110100000000011001111111000000000110000000000000000000100000000000000000001000000000000000000011 #
#23550
0!
#23560
1!
b000000000000000001111100001110100000000000000000100110011110000000001111011111111110010100001110100000000000000000000000000000000000000010010000001111110000000000000000000000100000100010001111011111111110010100001110100001101000000000000000000100000100100000101000000000000000001001100111100000000000000000000000000000000000110100000000011001111111000000000110000000000000000000100000000000000000001000000000000000000011 #
#23570
0!
#23580
1!
b000000000000000001111100001110100000000000000000100110011110000000001011111100000000001110000000000100000000000000000000000000000000000010001000010011110000000000000000000000000000000000001011111100000000001110000000000100001000000000000000000100000100010000101000000000000000001001100111100000000000000000000000000000000000110100000000011001111111000000000110000000000000000000100000000000000000001000000000000000000011 #
#23590
0!
#23600
1!
b000000000000000001111100001110100000000000000000100110011110000000001011111100000000001110000000000100000000000000000000000000000000000010001000001111110000000000000000000000100000100011001011111100000000001110000000000101101000000000000000000100000100010000101000000000000000001001100111100000000000000000000000000000000000110100000000011001111111000000000110000000000000000000100000000000000000001000000000000000000011 #
#23610
0!
#23620
1!
b000000000000000001111100001110100000000000000000100110011110000000001111001000001111110100011111110000000000000000000000000000000000000010001100010011110000000000000000000000000000000000001111001000001111110100011111110000001000000000000000000100000100011000101000000000000000001001100111100000000000000000000000000000000000110100000000011001111111000000000110000000000000000000100000000000000000001000000000000000000011 #
#23630
0!
#23640
1!
b000000000000000001111100001110100000000000000000100110011110000000001111001000001111110100011111110000000000000000000000000000000000000010001100001111110000000000000000000000100000100100001111001000001111110100011111110001101000000000000000000100000100011000101000000000000000001001100111100000000000000000000000000000000000110100000000011001111111000000000110000000000000000000100000000000000000001000000000000000000011 #
#23650
0!
#23660
1!
b000000000000000001111100001110100000000000000000100110011110000000001111011111111110010100001110100000000000000000000000000000000000000010010000010011110000000000000000000000000000000000001111011111111110010100001110100000001000000000000000000100000100100000101000000000000000001001100111100000000000000000000000000000000000110100000000011001111111000000000110000000000000000000100000000000000000001000000000000000000011 #
#23670
0!
#23680
1!
b000000000000000001111100001110100000000000000000100110011110000000001111011111111110010100001110100000000000000000000000000000000000000010010000001111110000000000000000000000100000100010001111011111111110010100001110100001101000000000000000000100000100100000101000000000000000001001100111100000000000000000000000000000000000110100000000011001111111000000000110000000000000000000100000000000000000001000000000000000000011 #
#23690
0!
#23700
1!
b000000000000000001111100001110100000000000000000100110011110000000001011111100000000001110000000000100000000000000000000000000000000000010001000010011110000000000000000000000000000000000001011111100000000001110000000000100001000000000000000000100000100010000101000000000000000001001100111100000000000000000000000000000000000110100000000011001111111000000000110000000000000000000100000000000000000001000000000000000000011 #
#23710
0!
#23720
1!
b000000000000000001111100001110100000000000000000100110011110000000001011111100000000001110000000000100000000000000000000000000000000000010001000001111110000000000000000000000100000100011001011111100000000001110000000000101101000000000000000000100000100010000101000000000000000001001100111100000000000000000000000000000000000110100000000011001111111000000000110000000000000000000100000000000000000001000000000000000000011 #
#23730
0!
#23740
1!
b000000000000000001111100001110100000000000000000100110011110000000001111001000001111110100011111110000000000000000000000000000000000000010001100010011110000000000000000000000000000000000001111001000001111110100011111110000001000000000000000000100000100011000101000000000000000001001100111100000000000000000000000000000000000110100000000011001111111000000000110000000000000000000100000000000000000001000000000000000000011 #
#23750
0!
#23760
1!
b000000000000000001111100001110100000000000000000100110011110000000001111001000001111110100011111110000000000000000000000000000000000000010001100001111110000000000000000000000100000100100001111001000001111110100011111110001101000000000000000000100000100011000101000000000000000001001100111100000000000000000000000000000000000110100000000011001111111000000000110000000000000000000100000000000000000001000000000000000000011 #
#23770
0!
#23780
1!
b000000000000000001111100001110100000000000000000100110011110000000001111011111111110010100001110100000000000000000000000000000000000000010010000010011110000000000000000000000000000000000001111011111111110010100001110100000001000000000000000000100000100100000101000000000000000001001100111100000000000000000000000000000000000110100000000011001111111000000000110000000000000000000100000000000000000001000000000000000000011 #
#23790
0!
#23800
1!
b000000000000000001111100001110100000000000000000100110011110000000001111011111111110010100001110100000000000000000000000000000000000000010010000001111110000000000000000000000100000100010001111011111111110010100001110100001101000000000000000000100000100100000101000000000000000001001100111100000000000000000000000000000000000110100000000011001111111000000000110000000000000000000100000000000000000001000000000000000000011 #
#23810
0!
#23820
1!
b000000000000000001111100001110100000000000000000100110011110000000001011111100000000001110000000000100000000000000000000000000000000000010001000010011110000000000000000000000000000000000001011111100000000001110000000000100001000000000000000000100000100010000101000000000000000001001100111100000000000000000000000000000000000110100000000011001111111000000000110000000000000000000100000000000000000001000000000000000000011 #
#23830
0!
#23840
1!
b000000000000000001111100001110100000000000000000100110011110000000001011111100000000001110000000000100000000000000000000000000000000000010001000001111110000000000000000000000100000100011001011111100000000001110000000000101101000000000000000000100000100010000101000000000000000001001100111100000000000000000000000000000000000110100000000011001111111000000000110000000000000000000100000000000000000001000000000000000000011 #
#23850
0!
#23860
1!
b000000000000000001111100001110100000000000000000100110011110000000001111001000001111110100011111110000000000000000000000000000000000000010001100010011110000000000000000000000000000000000001111001000001111110100011111110000001000000000000000000100000100011000101000000000000000001001100111100000000000000000000000000000000000110100000000011001111111000000000110000000000000000000100000000000000000001000000000000000000011 #
#23870
0!
#23880
1!
b000000000000000001111100001110100000000000000000100110011110000000001111001000001111110100011111110000000000000000000000000000000000000010001100001111110000000000000000000000100000100100001111001000001111110100011111110001101000000000000000000100000100011000101000000000000000001001100111100000000000000000000000000000000000110100000000011001111111000000000110000000000000000000100000000000000000001000000000000000000011 #
#23890
0!
#23900
1!
b000000000000000001111100001110100000000000000000100110011110000000001111011111111110010100001110100000000000000000000000000000000000000010010000010011110000000000000000000000000000000000001111011111111110010100001110100000001000000000000000000100000100100000101000000000000000001001100111100000000000000000000000000000000000110100000000011001111111000000000110000000000000000000100000000000000000001000000000000000000011 #
#23910
0!
#23920
1!
b000000000000000001111100001110100000000000000000100110011110000000001111011111111110010100001110100000000000000000000000000000000000000010010000001111110000000000000000000000100000100010001111011111111110010100001110100001101000000000000000000100000100100000101000000000000000001001100111100000000000000000000000000000000000110100000000011001111111000000000110000000000000000000100000000000000000001000000000000000000011 #
#23930
0!
#23940
1!
b000000000000000001111100001110100000000000000000100110011110000000001011111100000000001110000000000100000000000000000000000000000000000010001000010011110000000000000000000000000000000000001011111100000000001110000000000100001000000000000000000100000100010000101000000000000000001001100111100000000000000000000000000000000000110100000000011001111111000000000110000000000000000000100000000000000000001000000000000000000011 #
#23950
0!
#23960
1!
b000000000000000001111100001110100000000000000000100110011110000000001011111100000000001110000000000100000000000000000000000000000000000010001000001111110000000000000000000000100000100011001011111100000000001110000000000101101000000000000000000100000100010000101000000000000000001001100111100000000000000000000000000000000000110100000000011001111111000000000110000000000000000000100000000000000000001000000000000000000011 #
#23970
0!
#23980
1!
b000000000000000001111100001110100000000000000000100110011110000000001111001000001111110100011111110000000000000000000000000000000000000010001100010011110000000000000000000000000000000000001111001000001111110100011111110000001000000000000000000100000100011000101000000000000000001001100111100000000000000000000000000000000000110100000000011001111111000000000110000000000000000000100000000000000000001000000000000000000011 #
#23990
0!
#24000
1!
b000000000000000001111100001110100000000000000000100110011110000000001111001000001111110100011111110000000000000000000000000000000000000010001100001111110000000000000000000000100000100100001111001000001111110100011111110001101000000000000000000100000100011000101000000000000000001001100111100000000000000000000000000000000000110100000000011001111111000000000110000000000000000000100000000000000000001000000000000000000011 #
#24010
0!
#24020
1!
b000000000000000001111100001110100000000000000000100110011110000000001111011111111110010100001110100000000000000000000000000000000000000010010000010011110000000000000000000000000000000000001111011111111110010100001110100000001000000000000000000100000100100000101000000000000000001001100111100000000000000000000000000000000000110100000000011001111111000000000110000000000000000000100000000000000000001000000000000000000011 #
#24030
0!
#24040
1!
b000000000000000001111100001110100000000000000000100110011110000000001111011111111110010100001110100000000000000000000000000000000000000010010000001111110000000000000000000000100000100010001111011111111110010100001110100001101000000000000000000100000100100000101000000000000000001001100111100000000000000000000000000000000000110100000000011001111111000000000110000000000000000000100000000000000000001000000000000000000011 #
#24050
0!
#24060
1!
b000000000000000001111100001110100000000000000000100110011110000000001011111100000000001110000000000100000000000000000000000000000000000010001000010011110000000000000000000000000000000000001011111100000000001110000000000100001000000000000000000100000100010000101000000000000000001001100111100000000000000000000000000000000000110100000000011001111111000000000110000000000000000000100000000000000000001000000000000000000011 #
#24070
0!
#24080
1!
b000000000000000001111100001110100000000000000000100110011110000000001011111100000000001110000000000100000000000000000000000000000000000010001000001111110000000000000000000000100000100011001011111100000000001110000000000101101000000000000000000100000100010000101000000000000000001001100111100000000000000000000000000000000000110100000000011001111111000000000110000000000000000000100000000000000000001000000000000000000011 #
#24090
0!
#24100
1!
b000000000000000001111100001110100000000000000000100110011110000000001111001000001111110100011111110000000000000000000000000000000000000010001100010011110000000000000000000000000000000000001111001000001111110100011111110000001000000000000000000100000100011000101000000000000000001001100111100000000000000000000000000000000000110100000000011001111111000000000110000000000000000000100000000000000000001000000000000000000011 #
#24110
0!
#24120
1!
b000000000000000001111100001110100000000000000000100110011110000000001111001000001111110100011111110000000000000000000000000000000000000010001100001111110000000000000000000000100000100100001111001000001111110100011111110001101000000000000000000100000100011000101000000000000000001001100111100000000000000000000000000000000000110100000000011001111111000000000110000000000000000000100000000000000000001000000000000000000011 #
#24130
0!
#24140
1!
b000000000000000001111100001110100000000000000000100110011110000000001111011111111110010100001110100000000000000000000000000000000000000010010000010011110000000000000000000000000000000000001111011111111110010100001110100000001000000000000000000100000100100000101000000000000000001001100111100000000000000000000000000000000000110100000000011001111111000000000110000000000000000000100000000000000000001000000000000000000011 #
#24150
0!
#24160
1!
b000000000000000001111100001110100000000000000000100110011110000000001111011111111110010100001110100000000000000000000000000000000000000010010000001111110000000000000000000000100000100010001111011111111110010100001110100001101000000000000000000100000100100000101000000000000000001001100111100000000000000000000000000000000000110100000000011001111111000000000110000000000000000000100000000000000000001000000000000000000011 #
#24170
0!
#24180
1!
b000000000000000001111100001110100000000000000000100110011110000000001011111100000000001110000000000100000000000000000000000000000000000010001000010011110000000000000000000000000000000000001011111100000000001110000000000100001000000000000000000100000100010000101000000000000000001001100111100000000000000000000000000000000000110100000000011001111111000000000110000000000000000000100000000000000000001000000000000000000011 #
#24190
0!
#24200
1!
b000000000000000001111100001110100000000000000000100110011110000000001011111100000000001110000000000100000000000000000000000000000000000010001000001111110000000000000000000000100000100011001011111100000000001110000000000101101000000000000000000100000100010000101000000000000000001001100111100000000000000000000000000000000000110100000000011001111111000000000110000000000000000000100000000000000000001000000000000000000011 #
#24210
0!
#24220
1!
b000000000000000001111100001110100000000000000000100110011110000000001111001000001111110100011111110000000000000000000000000000000000000010001100010011110000000000000000000000000000000000001111001000001111110100011111110000001000000000000000000100000100011000101000000000000000001001100111100000000000000000000000000000000000110100000000011001111111000000000110000000000000000000100000000000000000001000000000000000000011 #
#24230
0!
#24240
1!
b000000000000000001111100001110100000000000000000100110011110000000001111001000001111110100011111110000000000000000000000000000000000000010001100001111110000000000000000000000100000100100001111001000001111110100011111110001101000000000000000000100000100011000101000000000000000001001100111100000000000000000000000000000000000110100000000011001111111000000000110000000000000000000100000000000000000001000000000000000000011 #
#24250
0!
#24260
1!
b000000000000000001111100001110100000000000000000100110011110000000001111011111111110010100001110100000000000000000000000000000000000000010010000010011110000000000000000000000000000000000001111011111111110010100001110100000001000000000000000000100000100100000101000000000000000001001100111100000000000000000000000000000000000110100000000011001111111000000000110000000000000000000100000000000000000001000000000000000000011 #
#24270
0!
#24280
1!
b000000000000000001111100001110100000000000000000100110011110000000001111011111111110010100001110100000000000000000000000000000000000000010010000001111110000000000000000000000100000100010001111011111111110010100001110100001101000000000000000000100000100100000101000000000000000001001100111100000000000000000000000000000000000110100000000011001111111000000000110000000000000000000100000000000000000001000000000000000000011 #
#24290
0!
#24300
1!
b000000000000000001111100001110100000000000000000100110011110000000001011111100000000001110000000000100000000000000000000000000000000000010001000010011110000000000000000000000000000000000001011111100000000001110000000000100001000000000000000000100000100010000101000000000000000001001100111100000000000000000000000000000000000110100000000011001111111000000000110000000000000000000100000000000000000001000000000000000000011 #
#24310
0!
#24320
1!
b000000000000000001111100001110100000000000000000100110011110000000001011111100000000001110000000000100000000000000000000000000000000000010001000001111110000000000000000000000100000100011001011111100000000001110000000000101101000000000000000000100000100010000101000000000000000001001100111100000000000000000000000000000000000110100000000011001111111000000000110000000000000000000100000000000000000001000000000000000000011 #
#24330
0!
#24340
1!
b000000000000000001111100001110100000000000000000100110011110000000001111001000001111110100011111110000000000000000000000000000000000000010001100010011110000000000000000000000000000000000001111001000001111110100011111110000001000000000000000000100000100011000101000000000000000001001100111100000000000000000000000000000000000110100000000011001111111000000000110000000000000000000100000000000000000001000000000000000000011 #
#24350
0!
#24360
1!
b000000000000000001111100001110100000000000000000100110011110000000001111001000001111110100011111110000000000000000000000000000000000000010001100001111110000000000000000000000100000100100001111001000001111110100011111110001101000000000000000000100000100011000101000000000000000001001100111100000000000000000000000000000000000110100000000011001111111000000000110000000000000000000100000000000000000001000000000000000000011 #
#24370
0!
#24380
1!
b000000000000000001111100001110100000000000000000100110011110000000001111011111111110010100001110100000000000000000000000000000000000000010010000010011110000000000000000000000000000000000001111011111111110010100001110100000001000000000000000000100000100100000101000000000000000001001100111100000000000000000000000000000000000110100000000011001111111000000000110000000000000000000100000000000000000001000000000000000000011 #
#24390
0!
#24400
1!
b000000000000000001111100001110100000000000000000100110011110000000001111011111111110010100001110100000000000000000000000000000000000000010010000001111110000000000000000000000100000100010001111011111111110010100001110100001101000000000000000000100000100100000101000000000000000001001100111100000000000000000000000000000000000110100000000011001111111000000000110000000000000000000100000000000000000001000000000000000000011 #
#24410
0!
#24420
1!
b000000000000000001111100001110100000000000000000100110011110000000001011111100000000001110000000000100000000000000000000000000000000000010001000010011110000000000000000000000000000000000001011111100000000001110000000000100001000000000000000000100000100010000101000000000000000001001100111100000000000000000000000000000000000110100000000011001111111000000000110000000000000000000100000000000000000001000000000000000000011 #
#24430
0!
#24440
1!
b000000000000000001111100001110100000000000000000100110011110000000001011111100000000001110000000000100000000000000000000000000000000000010001000001111110000000000000000000000100000100011001011111100000000001110000000000101101000000000000000000100000100010000101000000000000000001001100111100000000000000000000000000000000000110100000000011001111111000000000110000000000000000000100000000000000000001000000000000000000011 #
#24450
0!
#24460
1!
b000000000000000001111100001110100000000000000000100110011110000000001111001000001111110100011111110000000000000000000000000000000000000010001100010011110000000000000000000000000000000000001111001000001111110100011111110000001000000000000000000100000100011000101000000000000000001001100111100000000000000000000000000000000000110100000000011001111111000000000110000000000000000000100000000000000000001000000000000000000011 #
#24470
0!
#24480
1!
b000000000000000001111100001110100000000000000000100110011110000000001111001000001111110100011111110000000000000000000000000000000000000010001100001111110000000000000000000000100000100100001111001000001111110100011111110001101000000000000000000100000100011000101000000000000000001001100111100000000000000000000000000000000000110100000000011001111111000000000110000000000000000000100000000000000000001000000000000000000011 #
#24490
0!
#24500
1!
b000000000000000001111100001110100000000000000000100110011110000000001111011111111110010100001110100000000000000000000000000000000000000010010000010011110000000000000000000000000000000000001111011111111110010100001110100000001000000000000000000100000100100000101000000000000000001001100111100000000000000000000000000000000000110100000000011001111111000000000110000000000000000000100000000000000000001000000000000000000011 #
#24510
0!
#24520
1!
b000000000000000001111100001110100000000000000000100110011110000000001111011111111110010100001110100000000000000000000000000000000000000010010000001111110000000000000000000000100000100010001111011111111110010100001110100001101000000000000000000100000100100000101000000000000000001001100111100000000000000000000000000000000000110100000000011001111111000000000110000000000000000000100000000000000000001000000000000000000011 #
#24530
0!
#24540
1!
b000000000000000001111100001110100000000000000000100110011110000000001011111100000000001110000000000100000000000000000000000000000000000010001000010011110000000000000000000000000000000000001011111100000000001110000000000100001000000000000000000100000100010000101000000000000000001001100111100000000000000000000000000000000000110100000000011001111111000000000110000000000000000000100000000000000000001000000000000000000011 #
#24550
0!
#24560
1!
b000000000000000001111100001110100000000000000000100110011110000000001011111100000000001110000000000100000000000000000000000000000000000010001000001111110000000000000000000000100000100011001011111100000000001110000000000101101000000000000000000100000100010000101000000000000000001001100111100000000000000000000000000000000000110100000000011001111111000000000110000000000000000000100000000000000000001000000000000000000011 #
#24570
0!
#24580
1!
b000000000000000001111100001110100000000000000000100110011110000000001111001000001111110100011111110000000000000000000000000000000000000010001100010011110000000000000000000000000000000000001111001000001111110100011111110000001000000000000000000100000100011000101000000000000000001001100111100000000000000000000000000000000000110100000000011001111111000000000110000000000000000000100000000000000000001000000000000000000011 #
#24590
0!
#24600
1!
b000000000000000001111100001110100000000000000000100110011110000000001111001000001111110100011111110000000000000000000000000000000000000010001100001111110000000000000000000000100000100100001111001000001111110100011111110001101000000000000000000100000100011000101000000000000000001001100111100000000000000000000000000000000000110100000000011001111111000000000110000000000000000000100000000000000000001000000000000000000011 #
#24610
0!
#24620
1!
b000000000000000001111100001110100000000000000000100110011110000000001111011111111110010100001110100000000000000000000000000000000000000010010000010011110000000000000000000000000000000000001111011111111110010100001110100000001000000000000000000100000100100000101000000000000000001001100111100000000000000000000000000000000000110100000000011001111111000000000110000000000000000000100000000000000000001000000000000000000011 #
#24630
0!
#24640
1!
b000000000000000001111100001110100000000000000000100110011110000000001111011111111110010100001110100000000000000000000000000000000000000010010000001111110000000000000000000000100000100010001111011111111110010100001110100001101000000000000000000100000100100000101000000000000000001001100111100000000000000000000000000000000000110100000000011001111111000000000110000000000000000000100000000000000000001000000000000000000011 #
#24650
0!
#24660
1!
b000000000000000001111100001110100000000000000000100110011110000000001011111100000000001110000000000100000000000000000000000000000000000010001000010011110000000000000000000000000000000000001011111100000000001110000000000100001000000000000000000100000100010000101000000000000000001001100111100000000000000000000000000000000000110100000000011001111111000000000110000000000000000000100000000000000000001000000000000000000011 #
#24670
0!
#24680
1!
b000000000000000001111100001110100000000000000000100110011110000000001011111100000000001110000000000100000000000000000000000000000000000010001000001111110000000000000000000000100000100011001011111100000000001110000000000101101000000000000000000100000100010000101000000000000000001001100111100000000000000000000000000000000000110100000000011001111111000000000110000000000000000000100000000000000000001000000000000000000011 #
#24690
0!
#24700
1!
b000000000000000001111100001110100000000000000000100110011110000000001111001000001111110100011111110000000000000000000000000000000000000010001100010011110000000000000000000000000000000000001111001000001111110100011111110000001000000000000000000100000100011000101000000000000000001001100111100000000000000000000000000000000000110100000000011001111111000000000110000000000000000000100000000000000000001000000000000000000011 #
#24710
0!
#24720
1!
b000000000000000001111100001110100000000000000000100110011110000000001111001000001111110100011111110000000000000000000000000000000000000010001100001111110000000000000000000000100000100100001111001000001111110100011111110001101000000000000000000100000100011000101000000000000000001001100111100000000000000000000000000000000000110100000000011001111111000000000110000000000000000000100000000000000000001000000000000000000011 #
#24730
0!
#24740
1!
b000000000000000001111100001110100000000000000000100110011110000000001111011111111110010100001110100000000000000000000000000000000000000010010000010011110000000000000000000000000000000000001111011111111110010100001110100000001000000000000000000100000100100000101000000000000000001001100111100000000000000000000000000000000000110100000000011001111111000000000110000000000000000000100000000000000000001000000000000000000011 #
#24750
0!
#24760
1!
b000000000000000001111100001110100000000000000000100110011110000000001111011111111110010100001110100000000000000000000000000000000000000010010000001111110000000000000000000000100000100010001111011111111110010100001110100001101000000000000000000100000100100000101000000000000000001001100111100000000000000000000000000000000000110100000000011001111111000000000110000000000000000000100000000000000000001000000000000000000011 #
#24770
0!
#24780
1!
b000000000000000001111100001110100000000000000000100110011110000000001011111100000000001110000000000100000000000000000000000000000000000010001000010011110000000000000000000000000000000000001011111100000000001110000000000100001000000000000000000100000100010000101000000000000000001001100111100000000000000000000000000000000000110100000000011001111111000000000110000000000000000000100000000000000000001000000000000000000011 #
#24790
0!
#24800
1!
b000000000000000001111100001110100000000000000000100110011110000000001011111100000000001110000000000100000000000000000000000000000000000010001000001111110000000000000000000000100000100011001011111100000000001110000000000101101000000000000000000100000100010000101000000000000000001001100111100000000000000000000000000000000000110100000000011001111111000000000110000000000000000000100000000000000000001000000000000000000011 #
#24810
0!
#24820
1!
b000000000000000001111100001110100000000000000000100110011110000000001111001000001111110100011111110000000000000000000000000000000000000010001100010011110000000000000000000000000000000000001111001000001111110100011111110000001000000000000000000100000100011000101000000000000000001001100111100000000000000000000000000000000000110100000000011001111111000000000110000000000000000000100000000000000000001000000000000000000011 #
#24830
0!
#24840
1!
b000000000000000001111100001110100000000000000000100110011110000000001111001000001111110100011111110000000000000000000000000000000000000010001100001111110000000000000000000000100000100100001111001000001111110100011111110001101000000000000000000100000100011000101000000000000000001001100111100000000000000000000000000000000000110100000000011001111111000000000110000000000000000000100000000000000000001000000000000000000011 #
#24850
0!
#24860
1!
b000000000000000001111100001110100000000000000000100110011110000000001111011111111110010100001110100000000000000000000000000000000000000010010000010011110000000000000000000000000000000000001111011111111110010100001110100000001000000000000000000100000100100000101000000000000000001001100111100000000000000000000000000000000000110100000000011001111111000000000110000000000000000000100000000000000000001000000000000000000011 #
#24870
0!
#24880
1!
b000000000000000001111100001110100000000000000000100110011110000000001111011111111110010100001110100000000000000000000000000000000000000010010000001111110000000000000000000000100000100010001111011111111110010100001110100001101000000000000000000100000100100000101000000000000000001001100111100000000000000000000000000000000000110100000000011001111111000000000110000000000000000000100000000000000000001000000000000000000011 #
#24890
0!
#24900
1!
b000000000000000001111100001110100000000000000000100110011110000000001011111100000000001110000000000100000000000000000000000000000000000010001000010011110000000000000000000000000000000000001011111100000000001110000000000100001000000000000000000100000100010000101000000000000000001001100111100000000000000000000000000000000000110100000000011001111111000000000110000000000000000000100000000000000000001000000000000000000011 #
#24910
0!
#24920
1!
b000000000000000001111100001110100000000000000000100110011110000000001011111100000000001110000000000100000000000000000000000000000000000010001000001111110000000000000000000000100000100011001011111100000000001110000000000101101000000000000000000100000100010000101000000000000000001001100111100000000000000000000000000000000000110100000000011001111111000000000110000000000000000000100000000000000000001000000000000000000011 #
#24930
0!
#24940
1!
b000000000000000001111100001110100000000000000000100110011110000000001111001000001111110100011111110000000000000000000000000000000000000010001100010011110000000000000000000000000000000000001111001000001111110100011111110000001000000000000000000100000100011000101000000000000000001001100111100000000000000000000000000000000000110100000000011001111111000000000110000000000000000000100000000000000000001000000000000000000011 #
#24950
0!
#24960
1!
b000000000000000001111100001110100000000000000000100110011110000000001111001000001111110100011111110000000000000000000000000000000000000010001100001111110000000000000000000000100000100100001111001000001111110100011111110001101000000000000000000100000100011000101000000000000000001001100111100000000000000000000000000000000000110100000000011001111111000000000110000000000000000000100000000000000000001000000000000000000011 #
#24970
0!
#24980
1!
b000000000000000001111100001110100000000000000000100110011110000000001111011111111110010100001110100000000000000000000000000000000000000010010000010011110000000000000000000000000000000000001111011111111110010100001110100000001000000000000000000100000100100000101000000000000000001001100111100000000000000000000000000000000000110100000000011001111111000000000110000000000000000000100000000000000000001000000000000000000011 #
#24990
0!
#25000
1!
b000000000000000001111100001110100000000000000000100110011110000000001111011111111110010100001110100000000000000000000000000000000000000010010000001111110000000000000000000000100000100010001111011111111110010100001110100001101000000000000000000100000100100000101000000000000000001001100111100000000000000000000000000000000000110100000000011001111111000000000110000000000000000000100000000000000000001000000000000000000011 #
#25010
0!
#25020
1!
b000000000000000001111100001110100000000000000000100110011110000000001011111100000000001110000000000100000000000000000000000000000000000010001000010011110000000000000000000000000000000000001011111100000000001110000000000100001000000000000000000100000100010000101000000000000000001001100111100000000000000000000000000000000000110100000000011001111111000000000110000000000000000000100000000000000000001000000000000000000011 #
#25030
0!
#25040
1!
b000000000000000001111100001110100000000000000000100110011110000000001011111100000000001110000000000100000000000000000000000000000000000010001000001111110000000000000000000000100000100011001011111100000000001110000000000101101000000000000000000100000100010000101000000000000000001001100111100000000000000000000000000000000000110100000000011001111111000000000110000000000000000000100000000000000000001000000000000000000011 #
#25050
0!
#25060
1!
b000000000000000001111100001110100000000000000000100110011110000000001111001000001111110100011111110000000000000000000000000000000000000010001100010011110000000000000000000000000000000000001111001000001111110100011111110000001000000000000000000100000100011000101000000000000000001001100111100000000000000000000000000000000000110100000000011001111111000000000110000000000000000000100000000000000000001000000000000000000011 #
#25070
0!
#25080
1!
b000000000000000001111100001110100000000000000000100110011110000000001111001000001111110100011111110000000000000000000000000000000000000010001100001111110000000000000000000000100000100100001111001000001111110100011111110001101000000000000000000100000100011000101000000000000000001001100111100000000000000000000000000000000000110100000000011001111111000000000110000000000000000000100000000000000000001000000000000000000011 #
#25090
0!
#25100
1!
b000000000000000001111100001110100000000000000000100110011110000000001111011111111110010100001110100000000000000000000000000000000000000010010000010011110000000000000000000000000000000000001111011111111110010100001110100000001000000000000000000100000100100000101000000000000000001001100111100000000000000000000000000000000000110100000000011001111111000000000110000000000000000000100000000000000000001000000000000000000011 #
#25110
0!
#25120
1!
b000000000000000001111100001110100000000000000000100110011110000000001111011111111110010100001110100000000000000000000000000000000000000010010000001111110000000000000000000000100000100010001111011111111110010100001110100001101000000000000000000100000100100000101000000000000000001001100111100000000000000000000000000000000000110100000000011001111111000000000110000000000000000000100000000000000000001000000000000000000011 #
#25130
0!
#25140
1!
b000000000000000001111100001110100000000000000000100110011110000000001011111100000000001110000000000100000000000000000000000000000000000010001000010011110000000000000000000000000000000000001011111100000000001110000000000100001000000000000000000100000100010000101000000000000000001001100111100000000000000000000000000000000000110100000000011001111111000000000110000000000000000000100000000000000000001000000000000000000011 #
#25150
0!
#25160
1!
b000000000000000001111100001110100000000000000000100110011110000000001011111100000000001110000000000100000000000000000000000000000000000010001000001111110000000000000000000000100000100011001011111100000000001110000000000101101000000000000000000100000100010000101000000000000000001001100111100000000000000000000000000000000000110100000000011001111111000000000110000000000000000000100000000000000000001000000000000000000011 #
#25170
0!
#25180
1!
b000000000000000001111100001110100000000000000000100110011110000000001111001000001111110100011111110000000000000000000000000000000000000010001100010011110000000000000000000000000000000000001111001000001111110100011111110000001000000000000000000100000100011000101000000000000000001001100111100000000000000000000000000000000000110100000000011001111111000000000110000000000000000000100000000000000000001000000000000000000011 #
#25190
0!
#25200
1!
b000000000000000001111100001110100000000000000000100110011110000000001111001000001111110100011111110000000000000000000000000000000000000010001100001111110000000000000000000000100000100100001111001000001111110100011111110001101000000000000000000100000100011000101000000000000000001001100111100000000000000000000000000000000000110100000000011001111111000000000110000000000000000000100000000000000000001000000000000000000011 #
#25210
0!
#25220
1!
b000000000000000001111100001110100000000000000000100110011110000000001111011111111110010100001110100000000000000000000000000000000000000010010000010011110000000000000000000000000000000000001111011111111110010100001110100000001000000000000000000100000100100000101000000000000000001001100111100000000000000000000000000000000000110100000000011001111111000000000110000000000000000000100000000000000000001000000000000000000011 #
#25230
0!
#25240
1!
b000000000000000001111100001110100000000000000000100110011110000000001111011111111110010100001110100000000000000000000000000000000000000010010000001111110000000000000000000000100000100010001111011111111110010100001110100001101000000000000000000100000100100000101000000000000000001001100111100000000000000000000000000000000000110100000000011001111111000000000110000000000000000000100000000000000000001000000000000000000011 #
#25250
0!
#25260
1!
b000000000000000001111100001110100000000000000000100110011110000000001011111100000000001110000000000100000000000000000000000000000000000010001000010011110000000000000000000000000000000000001011111100000000001110000000000100001000000000000000000100000100010000101000000000000000001001100111100000000000000000000000000000000000110100000000011001111111000000000110000000000000000000100000000000000000001000000000000000000011 #
#25270
0!
#25280
1!
b000000000000000001111100001110100000000000000000100110011110000000001011111100000000001110000000000100000000000000000000000000000000000010001000001111110000000000000000000000100000100011001011111100000000001110000000000101101000000000000000000100000100010000101000000000000000001001100111100000000000000000000000000000000000110100000000011001111111000000000110000000000000000000100000000000000000001000000000000000000011 #
#25290
0!
#25300
1!
b000000000000000001111100001110100000000000000000100110011110000000001111001000001111110100011111110000000000000000000000000000000000000010001100010011110000000000000000000000000000000000001111001000001111110100011111110000001000000000000000000100000100011000101000000000000000001001100111100000000000000000000000000000000000110100000000011001111111000000000110000000000000000000100000000000000000001000000000000000000011 #
#25310
0!
#25320
1!
b000000000000000001111100001110100000000000000000100110011110000000001111001000001111110100011111110000000000000000000000000000000000000010001100001111110000000000000000000000100000100100001111001000001111110100011111110001101000000000000000000100000100011000101000000000000000001001100111100000000000000000000000000000000000110100000000011001111111000000000110000000000000000000100000000000000000001000000000000000000011 #
#25330
0!
#25340
1!
b000000000000000001111100001110100000000000000000100110011110000000001111011111111110010100001110100000000000000000000000000000000000000010010000010011110000000000000000000000000000000000001111011111111110010100001110100000001000000000000000000100000100100000101000000000000000001001100111100000000000000000000000000000000000110100000000011001111111000000000110000000000000000000100000000000000000001000000000000000000011 #
#25350
0!
#25360
1!
b000000000000000001111100001110100000000000000000100110011110000000001111011111111110010100001110100000000000000000000000000000000000000010010000001111110000000000000000000000100000100010001111011111111110010100001110100001101000000000000000000100000100100000101000000000000000001001100111100000000000000000000000000000000000110100000000011001111111000000000110000000000000000000100000000000000000001000000000000000000011 #
#25370
0!
#25380
1!
b000000000000000001111100001110100000000000000000100110011110000000001011111100000000001110000000000100000000000000000000000000000000000010001000010011110000000000000000000000000000000000001011111100000000001110000000000100001000000000000000000100000100010000101000000000000000001001100111100000000000000000000000000000000000110100000000011001111111000000000110000000000000000000100000000000000000001000000000000000000011 #
#25390
0!
#25400
1!
b000000000000000001111100001110100000000000000000100110011110000000001011111100000000001110000000000100000000000000000000000000000000000010001000001111110000000000000000000000100000100011001011111100000000001110000000000101101000000000000000000100000100010000101000000000000000001001100111100000000000000000000000000000000000110100000000011001111111000000000110000000000000000000100000000000000000001000000000000000000011 #
#25410
0!
#25420
1!
b000000000000000001111100001110100000000000000000100110011110000000001111001000001111110100011111110000000000000000000000000000000000000010001100010011110000000000000000000000000000000000001111001000001111110100011111110000001000000000000000000100000100011000101000000000000000001001100111100000000000000000000000000000000000110100000000011001111111000000000110000000000000000000100000000000000000001000000000000000000011 #
#25430
0!
#25440
1!
b000000000000000001111100001110100000000000000000100110011110000000001111001000001111110100011111110000000000000000000000000000000000000010001100001111110000000000000000000000100000100100001111001000001111110100011111110001101000000000000000000100000100011000101000000000000000001001100111100000000000000000000000000000000000110100000000011001111111000000000110000000000000000000100000000000000000001000000000000000000011 #
#25450
0!
#25460
1!
b000000000000000001111100001110100000000000000000100110011110000000001111011111111110010100001110100000000000000000000000000000000000000010010000010011110000000000000000000000000000000000001111011111111110010100001110100000001000000000000000000100000100100000101000000000000000001001100111100000000000000000000000000000000000110100000000011001111111000000000110000000000000000000100000000000000000001000000000000000000011 #
#25470
0!
#25480
1!
b000000000000000001111100001110100000000000000000100110011110000000001111011111111110010100001110100000000000000000000000000000000000000010010000001111110000000000000000000000100000100010001111011111111110010100001110100001101000000000000000000100000100100000101000000000000000001001100111100000000000000000000000000000000000110100000000011001111111000000000110000000000000000000100000000000000000001000000000000000000011 #
#25490
0!
#25500
1!
b000000000000000001111100001110100000000000000000100110011110000000001011111100000000001110000000000100000000000000000000000000000000000010001000010011110000000000000000000000000000000000001011111100000000001110000000000100001000000000000000000100000100010000101000000000000000001001100111100000000000000000000000000000000000110100000000011001111111000000000110000000000000000000100000000000000000001000000000000000000011 #
#25510
0!
#25520
1!
b000000000000000001111100001110100000000000000000100110011110000000001011111100000000001110000000000100000000000000000000000000000000000010001000001111110000000000000000000000100000100011001011111100000000001110000000000101101000000000000000000100000100010000101000000000000000001001100111100000000000000000000000000000000000110100000000011001111111000000000110000000000000000000100000000000000000001000000000000000000011 #
#25530
0!
#25540
1!
b000000000000000001111100001110100000000000000000100110011110000000001111001000001111110100011111110000000000000000000000000000000000000010001100010011110000000000000000000000000000000000001111001000001111110100011111110000001000000000000000000100000100011000101000000000000000001001100111100000000000000000000000000000000000110100000000011001111111000000000110000000000000000000100000000000000000001000000000000000000011 #
#25550
0!
#25560
1!
b000000000000000001111100001110100000000000000000100110011110000000001111001000001111110100011111110000000000000000000000000000000000000010001100001111110000000000000000000000100000100100001111001000001111110100011111110001101000000000000000000100000100011000101000000000000000001001100111100000000000000000000000000000000000110100000000011001111111000000000110000000000000000000100000000000000000001000000000000000000011 #
#25570
0!
#25580
1!
b000000000000000001111100001110100000000000000000100110011110000000001111011111111110010100001110100000000000000000000000000000000000000010010000010011110000000000000000000000000000000000001111011111111110010100001110100000001000000000000000000100000100100000101000000000000000001001100111100000000000000000000000000000000000110100000000011001111111000000000110000000000000000000100000000000000000001000000000000000000011 #
#25590
0!
#25600
1!
b000000000000000001111100001110100000000000000000100110011110000000001111011111111110010100001110100000000000000000000000000000000000000010010000001111110000000000000000000000100000100010001111011111111110010100001110100001101000000000000000000100000100100000101000000000000000001001100111100000000000000000000000000000000000110100000000011001111111000000000110000000000000000000100000000000000000001000000000000000000011 #
#25610
0!
#25620
1!
b000000000000000001111100001110100000000000000000100110011110000000001011111100000000001110000000000100000000000000000000000000000000000010001000010011110000000000000000000000000000000000001011111100000000001110000000000100001000000000000000000100000100010000101000000000000000001001100111100000000000000000000000000000000000110100000000011001111111000000000110000000000000000000100000000000000000001000000000000000000011 #
#25630
0!
#25640
1!
b000000000000000001111100001110100000000000000000100110011110000000001011111100000000001110000000000100000000000000000000000000000000000010001000001111110000000000000000000000100000100011001011111100000000001110000000000101101000000000000000000100000100010000101000000000000000001001100111100000000000000000000000000000000000110100000000011001111111000000000110000000000000000000100000000000000000001000000000000000000011 #
#25650
0!
#25660
1!
b000000000000000001111100001110100000000000000000100110011110000000001111001000001111110100011111110000000000000000000000000000000000000010001100010011110000000000000000000000000000000000001111001000001111110100011111110000001000000000000000000100000100011000101000000000000000001001100111100000000000000000000000000000000000110100000000011001111111000000000110000000000000000000100000000000000000001000000000000000000011 #
#25670
0!
#25680
1!
b000000000000000001111100001110100000000000000000100110011110000000001111001000001111110100011111110000000000000000000000000000000000000010001100001111110000000000000000000000100000100100001111001000001111110100011111110001101000000000000000000100000100011000101000000000000000001001100111100000000000000000000000000000000000110100000000011001111111000000000110000000000000000000100000000000000000001000000000000000000011 #
#25690
0!
#25700
1!
b000000000000000001111100001110100000000000000000100110011110000000001111011111111110010100001110100000000000000000000000000000000000000010010000010011110000000000000000000000000000000000001111011111111110010100001110100000001000000000000000000100000100100000101000000000000000001001100111100000000000000000000000000000000000110100000000011001111111000000000110000000000000000000100000000000000000001000000000000000000011 #
#25710
0!
#25720
1!
b000000000000000001111100001110100000000000000000100110011110000000001111011111111110010100001110100000000000000000000000000000000000000010010000001111110000000000000000000000100000100010001111011111111110010100001110100001101000000000000000000100000100100000101000000000000000001001100111100000000000000000000000000000000000110100000000011001111111000000000110000000000000000000100000000000000000001000000000000000000011 #
#25730
0!
#25740
1!
b000000000000000001111100001110100000000000000000100110011110000000001011111100000000001110000000000100000000000000000000000000000000000010001000010011110000000000000000000000000000000000001011111100000000001110000000000100001000000000000000000100000100010000101000000000000000001001100111100000000000000000000000000000000000110100000000011001111111000000000110000000000000000000100000000000000000001000000000000000000011 #
#25750
0!
#25760
1!
b000000000000000001111100001110100000000000000000100110011110000000001011111100000000001110000000000100000000000000000000000000000000000010001000001111110000000000000000000000100000100011001011111100000000001110000000000101101000000000000000000100000100010000101000000000000000001001100111100000000000000000000000000000000000110100000000011001111111000000000110000000000000000000100000000000000000001000000000000000000011 #
#25770
0!
#25780
1!
b000000000000000001111100001110100000000000000000100110011110000000001111001000001111110100011111110000000000000000000000000000000000000010001100010011110000000000000000000000000000000000001111001000001111110100011111110000001000000000000000000100000100011000101000000000000000001001100111100000000000000000000000000000000000110100000000011001111111000000000110000000000000000000100000000000000000001000000000000000000011 #
#25790
0!
#25800
1!
b000000000000000001111100001110100000000000000000100110011110000000001111001000001111110100011111110000000000000000000000000000000000000010001100001111110000000000000000000000100000100100001111001000001111110100011111110001101000000000000000000100000100011000101000000000000000001001100111100000000000000000000000000000000000110100000000011001111111000000000110000000000000000000100000000000000000001000000000000000000011 #
#25810
0!
#25820
1!
b000000000000000001111100001110100000000000000000100110011110000000001111011111111110010100001110100000000000000000000000000000000000000010010000010011110000000000000000000000000000000000001111011111111110010100001110100000001000000000000000000100000100100000101000000000000000001001100111100000000000000000000000000000000000110100000000011001111111000000000110000000000000000000100000000000000000001000000000000000000011 #
#25830
0!
#25840
1!
b000000000000000001111100001110100000000000000000100110011110000000001111011111111110010100001110100000000000000000000000000000000000000010010000001111110000000000000000000000100000100010001111011111111110010100001110100001101000000000000000000100000100100000101000000000000000001001100111100000000000000000000000000000000000110100000000011001111111000000000110000000000000000000100000000000000000001000000000000000000011 #
#25850
0!
#25860
1!
b000000000000000001111100001110100000000000000000100110011110000000001011111100000000001110000000000100000000000000000000000000000000000010001000010011110000000000000000000000000000000000001011111100000000001110000000000100001000000000000000000100000100010000101000000000000000001001100111100000000000000000000000000000000000110100000000011001111111000000000110000000000000000000100000000000000000001000000000000000000011 #
#25870
0!
#25880
1!
b000000000000000001111100001110100000000000000000100110011110000000001011111100000000001110000000000100000000000000000000000000000000000010001000001111110000000000000000000000100000100011001011111100000000001110000000000101101000000000000000000100000100010000101000000000000000001001100111100000000000000000000000000000000000110100000000011001111111000000000110000000000000000000100000000000000000001000000000000000000011 #
#25890
0!
#25900
1!
b000000000000000001111100001110100000000000000000100110011110000000001111001000001111110100011111110000000000000000000000000000000000000010001100010011110000000000000000000000000000000000001111001000001111110100011111110000001000000000000000000100000100011000101000000000000000001001100111100000000000000000000000000000000000110100000000011001111111000000000110000000000000000000100000000000000000001000000000000000000011 #
#25910
0!
#25920
1!
b000000000000000001111100001110100000000000000000100110011110000000001111001000001111110100011111110000000000000000000000000000000000000010001100001111110000000000000000000000100000100100001111001000001111110100011111110001101000000000000000000100000100011000101000000000000000001001100111100000000000000000000000000000000000110100000000011001111111000000000110000000000000000000100000000000000000001000000000000000000011 #
#25930
0!
#25940
1!
b000000000000000001111100001110100000000000000000100110011110000000001111011111111110010100001110100000000000000000000000000000000000000010010000010011110000000000000000000000000000000000001111011111111110010100001110100000001000000000000000000100000100100000101000000000000000001001100111100000000000000000000000000000000000110100000000011001111111000000000110000000000000000000100000000000000000001000000000000000000011 #
#25950
0!
#25960
1!
b000000000000000001111100001110100000000000000000100110011110000000001111011111111110010100001110100000000000000000000000000000000000000010010000001111110000000000000000000000100000100010001111011111111110010100001110100001101000000000000000000100000100100000101000000000000000001001100111100000000000000000000000000000000000110100000000011001111111000000000110000000000000000000100000000000000000001000000000000000000011 #
#25970
0!
#25980
1!
b000000000000000001111100001110100000000000000000100110011110000000001011111100000000001110000000000100000000000000000000000000000000000010001000010011110000000000000000000000000000000000001011111100000000001110000000000100001000000000000000000100000100010000101000000000000000001001100111100000000000000000000000000000000000110100000000011001111111000000000110000000000000000000100000000000000000001000000000000000000011 #
#25990
0!
#26000
1!
b000000000000000001111100001110100000000000000000100110011110000000001011111100000000001110000000000100000000000000000000000000000000000010001000001111110000000000000000000000100000100011001011111100000000001110000000000101101000000000000000000100000100010000101000000000000000001001100111100000000000000000000000000000000000110100000000011001111111000000000110000000000000000000100000000000000000001000000000000000000011 #
#26010
0!
#26020
1!
b000000000000000001111100001110100000000000000000100110011110000000001111001000001111110100011111110000000000000000000000000000000000000010001100010011110000000000000000000000000000000000001111001000001111110100011111110000001000000000000000000100000100011000101000000000000000001001100111100000000000000000000000000000000000110100000000011001111111000000000110000000000000000000100000000000000000001000000000000000000011 #
#26030
0!
#26040
1!
b000000000000000001111100001110100000000000000000100110011110000000001111001000001111110100011111110000000000000000000000000000000000000010001100001111110000000000000000000000100000100100001111001000001111110100011111110001101000000000000000000100000100011000101000000000000000001001100111100000000000000000000000000000000000110100000000011001111111000000000110000000000000000000100000000000000000001000000000000000000011 #
#26050
0!
#26060
1!
b000000000000000001111100001110100000000000000000100110011110000000001111011111111110010100001110100000000000000000000000000000000000000010010000010011110000000000000000000000000000000000001111011111111110010100001110100000001000000000000000000100000100100000101000000000000000001001100111100000000000000000000000000000000000110100000000011001111111000000000110000000000000000000100000000000000000001000000000000000000011 #
#26070
0!
#26080
1!
b000000000000000001111100001110100000000000000000100110011110000000001111011111111110010100001110100000000000000000000000000000000000000010010000001111110000000000000000000000100000100010001111011111111110010100001110100001101000000000000000000100000100100000101000000000000000001001100111100000000000000000000000000000000000110100000000011001111111000000000110000000000000000000100000000000000000001000000000000000000011 #
#26090
0!
#26100
1!
b000000000000000001111100001110100000000000000000100110011110000000001011111100000000001110000000000100000000000000000000000000000000000010001000010011110000000000000000000000000000000000001011111100000000001110000000000100001000000000000000000100000100010000101000000000000000001001100111100000000000000000000000000000000000110100000000011001111111000000000110000000000000000000100000000000000000001000000000000000000011 #
#26110
0!
#26120
1!
b000000000000000001111100001110100000000000000000100110011110000000001011111100000000001110000000000100000000000000000000000000000000000010001000001111110000000000000000000000100000100011001011111100000000001110000000000101101000000000000000000100000100010000101000000000000000001001100111100000000000000000000000000000000000110100000000011001111111000000000110000000000000000000100000000000000000001000000000000000000011 #
#26130
0!
#26140
1!
b000000000000000001111100001110100000000000000000100110011110000000001111001000001111110100011111110000000000000000000000000000000000000010001100010011110000000000000000000000000000000000001111001000001111110100011111110000001000000000000000000100000100011000101000000000000000001001100111100000000000000000000000000000000000110100000000011001111111000000000110000000000000000000100000000000000000001000000000000000000011 #
#26150
0!
#26160
1!
b000000000000000001111100001110100000000000000000100110011110000000001111001000001111110100011111110000000000000000000000000000000000000010001100001111110000000000000000000000100000100100001111001000001111110100011111110001101000000000000000000100000100011000101000000000000000001001100111100000000000000000000000000000000000110100000000011001111111000000000110000000000000000000100000000000000000001000000000000000000011 #
#26170
0!
#26180
1!
b000000000000000001111100001110100000000000000000100110011110000000001111011111111110010100001110100000000000000000000000000000000000000010010000010011110000000000000000000000000000000000001111011111111110010100001110100000001000000000000000000100000100100000101000000000000000001001100111100000000000000000000000000000000000110100000000011001111111000000000110000000000000000000100000000000000000001000000000000000000011 #
#26190
0!
#26200
1!
b000000000000000001111100001110100000000000000000100110011110000000001111011111111110010100001110100000000000000000000000000000000000000010010000001111110000000000000000000000100000100010001111011111111110010100001110100001101000000000000000000100000100100000101000000000000000001001100111100000000000000000000000000000000000110100000000011001111111000000000110000000000000000000100000000000000000001000000000000000000011 #
#26210
0!
#26220
1!
b000000000000000001111100001110100000000000000000100110011110000000001011111100000000001110000000000100000000000000000000000000000000000010001000010011110000000000000000000000000000000000001011111100000000001110000000000100001000000000000000000100000100010000101000000000000000001001100111100000000000000000000000000000000000110100000000011001111111000000000110000000000000000000100000000000000000001000000000000000000011 #
#26230
0!
#26240
1!
b000000000000000001111100001110100000000000000000100110011110000000001011111100000000001110000000000100000000000000000000000000000000000010001000001111110000000000000000000000100000100011001011111100000000001110000000000101101000000000000000000100000100010000101000000000000000001001100111100000000000000000000000000000000000110100000000011001111111000000000110000000000000000000100000000000000000001000000000000000000011 #
#26250
0!
#26260
1!
b000000000000000001111100001110100000000000000000100110011110000000001111001000001111110100011111110000000000000000000000000000000000000010001100010011110000000000000000000000000000000000001111001000001111110100011111110000001000000000000000000100000100011000101000000000000000001001100111100000000000000000000000000000000000110100000000011001111111000000000110000000000000000000100000000000000000001000000000000000000011 #
#26270
0!
#26280
1!
b000000000000000001111100001110100000000000000000100110011110000000001111001000001111110100011111110000000000000000000000000000000000000010001100001111110000000000000000000000100000100100001111001000001111110100011111110001101000000000000000000100000100011000101000000000000000001001100111100000000000000000000000000000000000110100000000011001111111000000000110000000000000000000100000000000000000001000000000000000000011 #
#26290
0!
#26300
1!
b000000000000000001111100001110100000000000000000100110011110000000001111011111111110010100001110100000000000000000000000000000000000000010010000010011110000000000000000000000000000000000001111011111111110010100001110100000001000000000000000000100000100100000101000000000000000001001100111100000000000000000000000000000000000110100000000011001111111000000000110000000000000000000100000000000000000001000000000000000000011 #
#26310
0!
#26320
1!
b000000000000000001111100001110100000000000000000100110011110000000001111011111111110010100001110100000000000000000000000000000000000000010010000001111110000000000000000000000100000100010001111011111111110010100001110100001101000000000000000000100000100100000101000000000000000001001100111100000000000000000000000000000000000110100000000011001111111000000000110000000000000000000100000000000000000001000000000000000000011 #
#26330
0!
#26340
1!
b000000000000000001111100001110100000000000000000100110011110000000001011111100000000001110000000000100000000000000000000000000000000000010001000010011110000000000000000000000000000000000001011111100000000001110000000000100001000000000000000000100000100010000101000000000000000001001100111100000000000000000000000000000000000110100000000011001111111000000000110000000000000000000100000000000000000001000000000000000000011 #
#26350
0!
#26360
1!
b000000000000000001111100001110100000000000000000100110011110000000001011111100000000001110000000000100000000000000000000000000000000000010001000001111110000000000000000000000100000100011001011111100000000001110000000000101101000000000000000000100000100010000101000000000000000001001100111100000000000000000000000000000000000110100000000011001111111000000000110000000000000000000100000000000000000001000000000000000000011 #
#26370
0!
#26380
1!
b000000000000000001111100001110100000000000000000100110011110000000001111001000001111110100011111110000000000000000000000000000000000000010001100010011110000000000000000000000000000000000001111001000001111110100011111110000001000000000000000000100000100011000101000000000000000001001100111100000000000000000000000000000000000110100000000011001111111000000000110000000000000000000100000000000000000001000000000000000000011 #
#26390
0!
#26400
1!
b000000000000000001111100001110100000000000000000100110011110000000001111001000001111110100011111110000000000000000000000000000000000000010001100001111110000000000000000000000100000100100001111001000001111110100011111110001101000000000000000000100000100011000101000000000000000001001100111100000000000000000000000000000000000110100000000011001111111000000000110000000000000000000100000000000000000001000000000000000000011 #
#26410
0!
#26420
1!
b000000000000000001111100001110100000000000000000100110011110000000001111011111111110010100001110100000000000000000000000000000000000000010010000010011110000000000000000000000000000000000001111011111111110010100001110100000001000000000000000000100000100100000101000000000000000001001100111100000000000000000000000000000000000110100000000011001111111000000000110000000000000000000100000000000000000001000000000000000000011 #
#26430
0!
#26440
1!
b000000000000000001111100001110100000000000000000100110011110000000001111011111111110010100001110100000000000000000000000000000000000000010010000001111110000000000000000000000100000100010001111011111111110010100001110100001101000000000000000000100000100100000101000000000000000001001100111100000000000000000000000000000000000110100000000011001111111000000000110000000000000000000100000000000000000001000000000000000000011 #
#26450
0!
#26460
1!
b000000000000000001111100001110100000000000000000100110011110000000001011111100000000001110000000000100000000000000000000000000000000000010001000010011110000000000000000000000000000000000001011111100000000001110000000000100001000000000000000000100000100010000101000000000000000001001100111100000000000000000000000000000000000110100000000011001111111000000000110000000000000000000100000000000000000001000000000000000000011 #
#26470
0!
#26480
1!
b000000000000000001111100001110100000000000000000100110011110000000001011111100000000001110000000000100000000000000000000000000000000000010001000001111110000000000000000000000100000100011001011111100000000001110000000000101101000000000000000000100000100010000101000000000000000001001100111100000000000000000000000000000000000110100000000011001111111000000000110000000000000000000100000000000000000001000000000000000000011 #
#26490
0!
#26500
1!
b000000000000000001111100001110100000000000000000100110011110000000001111001000001111110100011111110000000000000000000000000000000000000010001100010011110000000000000000000000000000000000001111001000001111110100011111110000001000000000000000000100000100011000101000000000000000001001100111100000000000000000000000000000000000110100000000011001111111000000000110000000000000000000100000000000000000001000000000000000000011 #
#26510
0!
#26520
1!
b000000000000000001111100001110100000000000000000100110011110000000001111001000001111110100011111110000000000000000000000000000000000000010001100001111110000000000000000000000100000100100001111001000001111110100011111110001101000000000000000000100000100011000101000000000000000001001100111100000000000000000000000000000000000110100000000011001111111000000000110000000000000000000100000000000000000001000000000000000000011 #
#26530
0!
#26540
1!
b000000000000000001111100001110100000000000000000100110011110000000001111011111111110010100001110100000000000000000000000000000000000000010010000010011110000000000000000000000000000000000001111011111111110010100001110100000001000000000000000000100000100100000101000000000000000001001100111100000000000000000000000000000000000110100000000011001111111000000000110000000000000000000100000000000000000001000000000000000000011 #
#26550
0!
#26560
1!
b000000000000000001111100001110100000000000000000100110011110000000001111011111111110010100001110100000000000000000000000000000000000000010010000001111110000000000000000000000100000100010001111011111111110010100001110100001101000000000000000000100000100100000101000000000000000001001100111100000000000000000000000000000000000110100000000011001111111000000000110000000000000000000100000000000000000001000000000000000000011 #
#26570
0!
#26580
1!
b000000000000000001111100001110100000000000000000100110011110000000001011111100000000001110000000000100000000000000000000000000000000000010001000010011110000000000000000000000000000000000001011111100000000001110000000000100001000000000000000000100000100010000101000000000000000001001100111100000000000000000000000000000000000110100000000011001111111000000000110000000000000000000100000000000000000001000000000000000000011 #
#26590
0!
#26600
1!
b000000000000000001111100001110100000000000000000100110011110000000001011111100000000001110000000000100000000000000000000000000000000000010001000001111110000000000000000000000100000100011001011111100000000001110000000000101101000000000000000000100000100010000101000000000000000001001100111100000000000000000000000000000000000110100000000011001111111000000000110000000000000000000100000000000000000001000000000000000000011 #
#26610
0!
#26620
1!
b000000000000000001111100001110100000000000000000100110011110000000001111001000001111110100011111110000000000000000000000000000000000000010001100010011110000000000000000000000000000000000001111001000001111110100011111110000001000000000000000000100000100011000101000000000000000001001100111100000000000000000000000000000000000110100000000011001111111000000000110000000000000000000100000000000000000001000000000000000000011 #
#26630
0!
#26640
1!
b000000000000000001111100001110100000000000000000100110011110000000001111001000001111110100011111110000000000000000000000000000000000000010001100001111110000000000000000000000100000100100001111001000001111110100011111110001101000000000000000000100000100011000101000000000000000001001100111100000000000000000000000000000000000110100000000011001111111000000000110000000000000000000100000000000000000001000000000000000000011 #
#26650
0!
#26660
1!
b000000000000000001111100001110100000000000000000100110011110000000001111011111111110010100001110100000000000000000000000000000000000000010010000010011110000000000000000000000000000000000001111011111111110010100001110100000001000000000000000000100000100100000101000000000000000001001100111100000000000000000000000000000000000110100000000011001111111000000000110000000000000000000100000000000000000001000000000000000000011 #
#26670
0!
#26680
1!
b000000000000000001111100001110100000000000000000100110011110000000001111011111111110010100001110100000000000000000000000000000000000000010010000001111110000000000000000000000100000100010001111011111111110010100001110100001101000000000000000000100000100100000101000000000000000001001100111100000000000000000000000000000000000110100000000011001111111000000000110000000000000000000100000000000000000001000000000000000000011 #
#26690
0!
#26700
1!
b000000000000000001111100001110100000000000000000100110011110000000001011111100000000001110000000000100000000000000000000000000000000000010001000010011110000000000000000000000000000000000001011111100000000001110000000000100001000000000000000000100000100010000101000000000000000001001100111100000000000000000000000000000000000110100000000011001111111000000000110000000000000000000100000000000000000001000000000000000000011 #
#26710
0!
#26720
1!
b000000000000000001111100001110100000000000000000100110011110000000001011111100000000001110000000000100000000000000000000000000000000000010001000001111110000000000000000000000100000100011001011111100000000001110000000000101101000000000000000000100000100010000101000000000000000001001100111100000000000000000000000000000000000110100000000011001111111000000000110000000000000000000100000000000000000001000000000000000000011 #
#26730
0!
#26740
1!
b000000000000000001111100001110100000000000000000100110011110000000001111001000001111110100011111110000000000000000000000000000000000000010001100010011110000000000000000000000000000000000001111001000001111110100011111110000001000000000000000000100000100011000101000000000000000001001100111100000000000000000000000000000000000110100000000011001111111000000000110000000000000000000100000000000000000001000000000000000000011 #
#26750
0!
#26760
1!
b000000000000000001111100001110100000000000000000100110011110000000001111001000001111110100011111110000000000000000000000000000000000000010001100001111110000000000000000000000100000100100001111001000001111110100011111110001101000000000000000000100000100011000101000000000000000001001100111100000000000000000000000000000000000110100000000011001111111000000000110000000000000000000100000000000000000001000000000000000000011 #
#26770
0!
#26780
1!
b000000000000000001111100001110100000000000000000100110011110000000001111011111111110010100001110100000000000000000000000000000000000000010010000010011110000000000000000000000000000000000001111011111111110010100001110100000001000000000000000000100000100100000101000000000000000001001100111100000000000000000000000000000000000110100000000011001111111000000000110000000000000000000100000000000000000001000000000000000000011 #
#26790
0!
#26800
1!
b000000000000000001111100001110100000000000000000100110011110000000001111011111111110010100001110100000000000000000000000000000000000000010010000001111110000000000000000000000100000100010001111011111111110010100001110100001101000000000000000000100000100100000101000000000000000001001100111100000000000000000000000000000000000110100000000011001111111000000000110000000000000000000100000000000000000001000000000000000000011 #
#26810
0!
#26820
1!
b000000000000000001111100001110100000000000000000100110011110000000001011111100000000001110000000000100000000000000000000000000000000000010001000010011110000000000000000000000000000000000001011111100000000001110000000000100001000000000000000000100000100010000101000000000000000001001100111100000000000000000000000000000000000110100000000011001111111000000000110000000000000000000100000000000000000001000000000000000000011 #
#26830
0!
#26840
1!
b000000000000000001111100001110100000000000000000100110011110000000001011111100000000001110000000000100000000000000000000000000000000000010001000001111110000000000000000000000100000100011001011111100000000001110000000000101101000000000000000000100000100010000101000000000000000001001100111100000000000000000000000000000000000110100000000011001111111000000000110000000000000000000100000000000000000001000000000000000000011 #
#26850
0!
#26860
1!
b000000000000000001111100001110100000000000000000100110011110000000001111001000001111110100011111110000000000000000000000000000000000000010001100010011110000000000000000000000000000000000001111001000001111110100011111110000001000000000000000000100000100011000101000000000000000001001100111100000000000000000000000000000000000110100000000011001111111000000000110000000000000000000100000000000000000001000000000000000000011 #
#26870
0!
#26880
1!
b000000000000000001111100001110100000000000000000100110011110000000001111001000001111110100011111110000000000000000000000000000000000000010001100001111110000000000000000000000100000100100001111001000001111110100011111110001101000000000000000000100000100011000101000000000000000001001100111100000000000000000000000000000000000110100000000011001111111000000000110000000000000000000100000000000000000001000000000000000000011 #
#26890
0!
#26900
1!
b000000000000000001111100001110100000000000000000100110011110000000001111011111111110010100001110100000000000000000000000000000000000000010010000010011110000000000000000000000000000000000001111011111111110010100001110100000001000000000000000000100000100100000101000000000000000001001100111100000000000000000000000000000000000110100000000011001111111000000000110000000000000000000100000000000000000001000000000000000000011 #
#26910
0!
#26920
1!
b000000000000000001111100001110100000000000000000100110011110000000001111011111111110010100001110100000000000000000000000000000000000000010010000001111110000000000000000000000100000100010001111011111111110010100001110100001101000000000000000000100000100100000101000000000000000001001100111100000000000000000000000000000000000110100000000011001111111000000000110000000000000000000100000000000000000001000000000000000000011 #
#26930
0!
#26940
1!
b000000000000000001111100001110100000000000000000100110011110000000001011111100000000001110000000000100000000000000000000000000000000000010001000010011110000000000000000000000000000000000001011111100000000001110000000000100001000000000000000000100000100010000101000000000000000001001100111100000000000000000000000000000000000110100000000011001111111000000000110000000000000000000100000000000000000001000000000000000000011 #
#26950
0!
#26960
1!
b000000000000000001111100001110100000000000000000100110011110000000001011111100000000001110000000000100000000000000000000000000000000000010001000001111110000000000000000000000100000100011001011111100000000001110000000000101101000000000000000000100000100010000101000000000000000001001100111100000000000000000000000000000000000110100000000011001111111000000000110000000000000000000100000000000000000001000000000000000000011 #
#26970
0!
#26980
1!
b000000000000000001111100001110100000000000000000100110011110000000001111001000001111110100011111110000000000000000000000000000000000000010001100010011110000000000000000000000000000000000001111001000001111110100011111110000001000000000000000000100000100011000101000000000000000001001100111100000000000000000000000000000000000110100000000011001111111000000000110000000000000000000100000000000000000001000000000000000000011 #
#26990
0!
#27000
1!
b000000000000000001111100001110100000000000000000100110011110000000001111001000001111110100011111110000000000000000000000000000000000000010001100001111110000000000000000000000100000100100001111001000001111110100011111110001101000000000000000000100000100011000101000000000000000001001100111100000000000000000000000000000000000110100000000011001111111000000000110000000000000000000100000000000000000001000000000000000000011 #
#27010
0!
#27020
1!
b000000000000000001111100001110100000000000000000100110011110000000001111011111111110010100001110100000000000000000000000000000000000000010010000010011110000000000000000000000000000000000001111011111111110010100001110100000001000000000000000000100000100100000101000000000000000001001100111100000000000000000000000000000000000110100000000011001111111000000000110000000000000000000100000000000000000001000000000000000000011 #
#27030
0!
#27040
1!
b000000000000000001111100001110100000000000000000100110011110000000001111011111111110010100001110100000000000000000000000000000000000000010010000001111110000000000000000000000100000100010001111011111111110010100001110100001101000000000000000000100000100100000101000000000000000001001100111100000000000000000000000000000000000110100000000011001111111000000000110000000000000000000100000000000000000001000000000000000000011 #
#27050
0!
#27060
1!
b000000000000000001111100001110100000000000000000100110011110000000001011111100000000001110000000000100000000000000000000000000000000000010001000010011110000000000000000000000000000000000001011111100000000001110000000000100001000000000000000000100000100010000101000000000000000001001100111100000000000000000000000000000000000110100000000011001111111000000000110000000000000000000100000000000000000001000000000000000000011 #
#27070
0!
#27080
1!
b000000000000000001111100001110100000000000000000100110011110000000001011111100000000001110000000000100000000000000000000000000000000000010001000001111110000000000000000000000100000100011001011111100000000001110000000000101101000000000000000000100000100010000101000000000000000001001100111100000000000000000000000000000000000110100000000011001111111000000000110000000000000000000100000000000000000001000000000000000000011 #
#27090
0!
#27100
1!
b000000000000000001111100001110100000000000000000100110011110000000001111001000001111110100011111110000000000000000000000000000000000000010001100010011110000000000000000000000000000000000001111001000001111110100011111110000001000000000000000000100000100011000101000000000000000001001100111100000000000000000000000000000000000110100000000011001111111000000000110000000000000000000100000000000000000001000000000000000000011 #
#27110
0!
#27120
1!
b000000000000000001111100001110100000000000000000100110011110000000001111001000001111110100011111110000000000000000000000000000000000000010001100001111110000000000000000000000100000100100001111001000001111110100011111110001101000000000000000000100000100011000101000000000000000001001100111100000000000000000000000000000000000110100000000011001111111000000000110000000000000000000100000000000000000001000000000000000000011 #
#27130
0!
#27140
1!
b000000000000000001111100001110100000000000000000100110011110000000001111011111111110010100001110100000000000000000000000000000000000000010010000010011110000000000000000000000000000000000001111011111111110010100001110100000001000000000000000000100000100100000101000000000000000001001100111100000000000000000000000000000000000110100000000011001111111000000000110000000000000000000100000000000000000001000000000000000000011 #
#27150
0!
#27160
1!
b000000000000000001111100001110100000000000000000100110011110000000001111011111111110010100001110100000000000000000000000000000000000000010010000001111110000000000000000000000100000100010001111011111111110010100001110100001101000000000000000000100000100100000101000000000000000001001100111100000000000000000000000000000000000110100000000011001111111000000000110000000000000000000100000000000000000001000000000000000000011 #
#27170
0!
#27180
1!
b000000000000000001111100001110100000000000000000100110011110000000001011111100000000001110000000000100000000000000000000000000000000000010001000010011110000000000000000000000000000000000001011111100000000001110000000000100001000000000000000000100000100010000101000000000000000001001100111100000000000000000000000000000000000110100000000011001111111000000000110000000000000000000100000000000000000001000000000000000000011 #
#27190
0!
#27200
1!
b000000000000000001111100001110100000000000000000100110011110000000001011111100000000001110000000000100000000000000000000000000000000000010001000001111110000000000000000000000100000100011001011111100000000001110000000000101101000000000000000000100000100010000101000000000000000001001100111100000000000000000000000000000000000110100000000011001111111000000000110000000000000000000100000000000000000001000000000000000000011 #
#27210
0!
#27220
1!
b000000000000000001111100001110100000000000000000100110011110000000001111001000001111110100011111110000000000000000000000000000000000000010001100010011110000000000000000000000000000000000001111001000001111110100011111110000001000000000000000000100000100011000101000000000000000001001100111100000000000000000000000000000000000110100000000011001111111000000000110000000000000000000100000000000000000001000000000000000000011 #
#27230
0!
#27240
1!
b000000000000000001111100001110100000000000000000100110011110000000001111001000001111110100011111110000000000000000000000000000000000000010001100001111110000000000000000000000100000100100001111001000001111110100011111110001101000000000000000000100000100011000101000000000000000001001100111100000000000000000000000000000000000110100000000011001111111000000000110000000000000000000100000000000000000001000000000000000000011 #
#27250
0!
#27260
1!
b000000000000000001111100001110100000000000000000100110011110000000001111011111111110010100001110100000000000000000000000000000000000000010010000010011110000000000000000000000000000000000001111011111111110010100001110100000001000000000000000000100000100100000101000000000000000001001100111100000000000000000000000000000000000110100000000011001111111000000000110000000000000000000100000000000000000001000000000000000000011 #
#27270
0!
#27280
1!
b000000000000000001111100001110100000000000000000100110011110000000001111011111111110010100001110100000000000000000000000000000000000000010010000001111110000000000000000000000100000100010001111011111111110010100001110100001101000000000000000000100000100100000101000000000000000001001100111100000000000000000000000000000000000110100000000011001111111000000000110000000000000000000100000000000000000001000000000000000000011 #
#27290
0!
#27300
1!
b000000000000000001111100001110100000000000000000100110011110000000001011111100000000001110000000000100000000000000000000000000000000000010001000010011110000000000000000000000000000000000001011111100000000001110000000000100001000000000000000000100000100010000101000000000000000001001100111100000000000000000000000000000000000110100000000011001111111000000000110000000000000000000100000000000000000001000000000000000000011 #
#27310
0!
#27320
1!
b000000000000000001111100001110100000000000000000100110011110000000001011111100000000001110000000000100000000000000000000000000000000000010001000001111110000000000000000000000100000100011001011111100000000001110000000000101101000000000000000000100000100010000101000000000000000001001100111100000000000000000000000000000000000110100000000011001111111000000000110000000000000000000100000000000000000001000000000000000000011 #
#27330
0!
#27340
1!
b000000000000000001111100001110100000000000000000100110011110000000001111001000001111110100011111110000000000000000000000000000000000000010001100010011110000000000000000000000000000000000001111001000001111110100011111110000001000000000000000000100000100011000101000000000000000001001100111100000000000000000000000000000000000110100000000011001111111000000000110000000000000000000100000000000000000001000000000000000000011 #
#27350
0!
#27360
1!
b000000000000000001111100001110100000000000000000100110011110000000001111001000001111110100011111110000000000000000000000000000000000000010001100001111110000000000000000000000100000100100001111001000001111110100011111110001101000000000000000000100000100011000101000000000000000001001100111100000000000000000000000000000000000110100000000011001111111000000000110000000000000000000100000000000000000001000000000000000000011 #
#27370
0!
#27380
1!
b000000000000000001111100001110100000000000000000100110011110000000001111011111111110010100001110100000000000000000000000000000000000000010010000010011110000000000000000000000000000000000001111011111111110010100001110100000001000000000000000000100000100100000101000000000000000001001100111100000000000000000000000000000000000110100000000011001111111000000000110000000000000000000100000000000000000001000000000000000000011 #
#27390
0!
#27400
1!
b000000000000000001111100001110100000000000000000100110011110000000001111011111111110010100001110100000000000000000000000000000000000000010010000001111110000000000000000000000100000100010001111011111111110010100001110100001101000000000000000000100000100100000101000000000000000001001100111100000000000000000000000000000000000110100000000011001111111000000000110000000000000000000100000000000000000001000000000000000000011 #
#27410
0!
#27420
1!
b000000000000000001111100001110100000000000000000100110011110000000001011111100000000001110000000000100000000000000000000000000000000000010001000010011110000000000000000000000000000000000001011111100000000001110000000000100001000000000000000000100000100010000101000000000000000001001100111100000000000000000000000000000000000110100000000011001111111000000000110000000000000000000100000000000000000001000000000000000000011 #
#27430
0!
#27440
1!
b000000000000000001111100001110100000000000000000100110011110000000001011111100000000001110000000000100000000000000000000000000000000000010001000001111110000000000000000000000100000100011001011111100000000001110000000000101101000000000000000000100000100010000101000000000000000001001100111100000000000000000000000000000000000110100000000011001111111000000000110000000000000000000100000000000000000001000000000000000000011 #
#27450
0!
#27460
1!
b000000000000000001111100001110100000000000000000100110011110000000001111001000001111110100011111110000000000000000000000000000000000000010001100010011110000000000000000000000000000000000001111001000001111110100011111110000001000000000000000000100000100011000101000000000000000001001100111100000000000000000000000000000000000110100000000011001111111000000000110000000000000000000100000000000000000001000000000000000000011 #
#27470
0!
#27480
1!
b000000000000000001111100001110100000000000000000100110011110000000001111001000001111110100011111110000000000000000000000000000000000000010001100001111110000000000000000000000100000100100001111001000001111110100011111110001101000000000000000000100000100011000101000000000000000001001100111100000000000000000000000000000000000110100000000011001111111000000000110000000000000000000100000000000000000001000000000000000000011 #
#27490
0!
#27500
1!
b000000000000000001111100001110100000000000000000100110011110000000001111011111111110010100001110100000000000000000000000000000000000000010010000010011110000000000000000000000000000000000001111011111111110010100001110100000001000000000000000000100000100100000101000000000000000001001100111100000000000000000000000000000000000110100000000011001111111000000000110000000000000000000100000000000000000001000000000000000000011 #
#27510
0!
#27520
1!
b000000000000000001111100001110100000000000000000100110011110000000001111011111111110010100001110100000000000000000000000000000000000000010010000001111110000000000000000000000100000100010001111011111111110010100001110100001101000000000000000000100000100100000101000000000000000001001100111100000000000000000000000000000000000110100000000011001111111000000000110000000000000000000100000000000000000001000000000000000000011 #
#27530
0!
#27540
1!
b000000000000000001111100001110100000000000000000100110011110000000001011111100000000001110000000000100000000000000000000000000000000000010001000010011110000000000000000000000000000000000001011111100000000001110000000000100001000000000000000000100000100010000101000000000000000001001100111100000000000000000000000000000000000110100000000011001111111000000000110000000000000000000100000000000000000001000000000000000000011 #
#27550
0!
#27560
1!
b000000000000000001111100001110100000000000000000100110011110000000001011111100000000001110000000000100000000000000000000000000000000000010001000001111110000000000000000000000100000100011001011111100000000001110000000000101101000000000000000000100000100010000101000000000000000001001100111100000000000000000000000000000000000110100000000011001111111000000000110000000000000000000100000000000000000001000000000000000000011 #
#27570
0!
#27580
1!
b000000000000000001111100001110100000000000000000100110011110000000001111001000001111110100011111110000000000000000000000000000000000000010001100010011110000000000000000000000000000000000001111001000001111110100011111110000001000000000000000000100000100011000101000000000000000001001100111100000000000000000000000000000000000110100000000011001111111000000000110000000000000000000100000000000000000001000000000000000000011 #
#27590
0!
#27600
1!
b000000000000000001111100001110100000000000000000100110011110000000001111001000001111110100011111110000000000000000000000000000000000000010001100001111110000000000000000000000100000100100001111001000001111110100011111110001101000000000000000000100000100011000101000000000000000001001100111100000000000000000000000000000000000110100000000011001111111000000000110000000000000000000100000000000000000001000000000000000000011 #
#27610
0!
#27620
1!
b000000000000000001111100001110100000000000000000100110011110000000001111011111111110010100001110100000000000000000000000000000000000000010010000010011110000000000000000000000000000000000001111011111111110010100001110100000001000000000000000000100000100100000101000000000000000001001100111100000000000000000000000000000000000110100000000011001111111000000000110000000000000000000100000000000000000001000000000000000000011 #
#27630
0!
#27640
1!
b000000000000000001111100001110100000000000000000100110011110000000001111011111111110010100001110100000000000000000000000000000000000000010010000001111110000000000000000000000100000100010001111011111111110010100001110100001101000000000000000000100000100100000101000000000000000001001100111100000000000000000000000000000000000110100000000011001111111000000000110000000000000000000100000000000000000001000000000000000000011 #
#27650
0!
#27660
1!
b000000000000000001111100001110100000000000000000100110011110000000001011111100000000001110000000000100000000000000000000000000000000000010001000010011110000000000000000000000000000000000001011111100000000001110000000000100001000000000000000000100000100010000101000000000000000001001100111100000000000000000000000000000000000110100000000011001111111000000000110000000000000000000100000000000000000001000000000000000000011 #
#27670
0!
#27680
1!
b000000000000000001111100001110100000000000000000100110011110000000001011111100000000001110000000000100000000000000000000000000000000000010001000001111110000000000000000000000100000100011001011111100000000001110000000000101101000000000000000000100000100010000101000000000000000001001100111100000000000000000000000000000000000110100000000011001111111000000000110000000000000000000100000000000000000001000000000000000000011 #
#27690
0!
#27700
1!
b000000000000000001111100001110100000000000000000100110011110000000001111001000001111110100011111110000000000000000000000000000000000000010001100010011110000000000000000000000000000000000001111001000001111110100011111110000001000000000000000000100000100011000101000000000000000001001100111100000000000000000000000000000000000110100000000011001111111000000000110000000000000000000100000000000000000001000000000000000000011 #
#27710
0!
#27720
1!
b000000000000000001111100001110100000000000000000100110011110000000001111001000001111110100011111110000000000000000000000000000000000000010001100001111110000000000000000000000100000100100001111001000001111110100011111110001101000000000000000000100000100011000101000000000000000001001100111100000000000000000000000000000000000110100000000011001111111000000000110000000000000000000100000000000000000001000000000000000000011 #
#27730
0!
#27740
1!
b000000000000000001111100001110100000000000000000100110011110000000001111011111111110010100001110100000000000000000000000000000000000000010010000010011110000000000000000000000000000000000001111011111111110010100001110100000001000000000000000000100000100100000101000000000000000001001100111100000000000000000000000000000000000110100000000011001111111000000000110000000000000000000100000000000000000001000000000000000000011 #
#27750
0!
#27760
1!
b000000000000000001111100001110100000000000000000100110011110000000001111011111111110010100001110100000000000000000000000000000000000000010010000001111110000000000000000000000100000100010001111011111111110010100001110100001101000000000000000000100000100100000101000000000000000001001100111100000000000000000000000000000000000110100000000011001111111000000000110000000000000000000100000000000000000001000000000000000000011 #
#27770
0!
#27780
1!
b000000000000000001111100001110100000000000000000100110011110000000001011111100000000001110000000000100000000000000000000000000000000000010001000010011110000000000000000000000000000000000001011111100000000001110000000000100001000000000000000000100000100010000101000000000000000001001100111100000000000000000000000000000000000110100000000011001111111000000000110000000000000000000100000000000000000001000000000000000000011 #
#27790
0!
#27800
1!
b000000000000000001111100001110100000000000000000100110011110000000001011111100000000001110000000000100000000000000000000000000000000000010001000001111110000000000000000000000100000100011001011111100000000001110000000000101101000000000000000000100000100010000101000000000000000001001100111100000000000000000000000000000000000110100000000011001111111000000000110000000000000000000100000000000000000001000000000000000000011 #
#27810
0!
#27820
1!
b000000000000000001111100001110100000000000000000100110011110000000001111001000001111110100011111110000000000000000000000000000000000000010001100010011110000000000000000000000000000000000001111001000001111110100011111110000001000000000000000000100000100011000101000000000000000001001100111100000000000000000000000000000000000110100000000011001111111000000000110000000000000000000100000000000000000001000000000000000000011 #
#27830
0!
#27840
1!
b000000000000000001111100001110100000000000000000100110011110000000001111001000001111110100011111110000000000000000000000000000000000000010001100001111110000000000000000000000100000100100001111001000001111110100011111110001101000000000000000000100000100011000101000000000000000001001100111100000000000000000000000000000000000110100000000011001111111000000000110000000000000000000100000000000000000001000000000000000000011 #
#27850
0!
#27860
1!
b000000000000000001111100001110100000000000000000100110011110000000001111011111111110010100001110100000000000000000000000000000000000000010010000010011110000000000000000000000000000000000001111011111111110010100001110100000001000000000000000000100000100100000101000000000000000001001100111100000000000000000000000000000000000110100000000011001111111000000000110000000000000000000100000000000000000001000000000000000000011 #
#27870
0!
#27880
1!
b000000000000000001111100001110100000000000000000100110011110000000001111011111111110010100001110100000000000000000000000000000000000000010010000001111110000000000000000000000100000100010001111011111111110010100001110100001101000000000000000000100000100100000101000000000000000001001100111100000000000000000000000000000000000110100000000011001111111000000000110000000000000000000100000000000000000001000000000000000000011 #
#27890
0!
#27900
1!
b000000000000000001111100001110100000000000000000100110011110000000001011111100000000001110000000000100000000000000000000000000000000000010001000010011110000000000000000000000000000000000001011111100000000001110000000000100001000000000000000000100000100010000101000000000000000001001100111100000000000000000000000000000000000110100000000011001111111000000000110000000000000000000100000000000000000001000000000000000000011 #
#27910
0!
#27920
1!
b000000000000000001111100001110100000000000000000100110011110000000001011111100000000001110000000000100000000000000000000000000000000000010001000001111110000000000000000000000100000100011001011111100000000001110000000000101101000000000000000000100000100010000101000000000000000001001100111100000000000000000000000000000000000110100000000011001111111000000000110000000000000000000100000000000000000001000000000000000000011 #
#27930
0!
#27940
1!
b000000000000000001111100001110100000000000000000100110011110000000001111001000001111110100011111110000000000000000000000000000000000000010001100010011110000000000000000000000000000000000001111001000001111110100011111110000001000000000000000000100000100011000101000000000000000001001100111100000000000000000000000000000000000110100000000011001111111000000000110000000000000000000100000000000000000001000000000000000000011 #
#27950
0!
#27960
1!
b000000000000000001111100001110100000000000000000100110011110000000001111001000001111110100011111110000000000000000000000000000000000000010001100001111110000000000000000000000100000100100001111001000001111110100011111110001101000000000000000000100000100011000101000000000000000001001100111100000000000000000000000000000000000110100000000011001111111000000000110000000000000000000100000000000000000001000000000000000000011 #
#27970
0!
#27980
1!
b000000000000000001111100001110100000000000000000100110011110000000001111011111111110010100001110100000000000000000000000000000000000000010010000010011110000000000000000000000000000000000001111011111111110010100001110100000001000000000000000000100000100100000101000000000000000001001100111100000000000000000000000000000000000110100000000011001111111000000000110000000000000000000100000000000000000001000000000000000000011 #
#27990
0!
#28000
1!
b000000000000000001111100001110100000000000000000100110011110000000001111011111111110010100001110100000000000000000000000000000000000000010010000001111110000000000000000000000100000100010001111011111111110010100001110100001101000000000000000000100000100100000101000000000000000001001100111100000000000000000000000000000000000110100000000011001111111000000000110000000000000000000100000000000000000001000000000000000000011 #
#28010
0!
#28020
1!
b000000000000000001111100001110100000000000000000100110011110000000001011111100000000001110000000000100000000000000000000000000000000000010001000010011110000000000000000000000000000000000001011111100000000001110000000000100001000000000000000000100000100010000101000000000000000001001100111100000000000000000000000000000000000110100000000011001111111000000000110000000000000000000100000000000000000001000000000000000000011 #
#28030
0!
#28040
1!
b000000000000000001111100001110100000000000000000100110011110000000001011111100000000001110000000000100000000000000000000000000000000000010001000001111110000000000000000000000100000100011001011111100000000001110000000000101101000000000000000000100000100010000101000000000000000001001100111100000000000000000000000000000000000110100000000011001111111000000000110000000000000000000100000000000000000001000000000000000000011 #
#28050
0!
#28060
1!
b000000000000000001111100001110100000000000000000100110011110000000001111001000001111110100011111110000000000000000000000000000000000000010001100010011110000000000000000000000000000000000001111001000001111110100011111110000001000000000000000000100000100011000101000000000000000001001100111100000000000000000000000000000000000110100000000011001111111000000000110000000000000000000100000000000000000001000000000000000000011 #
#28070
0!
#28080
1!
b000000000000000001111100001110100000000000000000100110011110000000001111001000001111110100011111110000000000000000000000000000000000000010001100001111110000000000000000000000100000100100001111001000001111110100011111110001101000000000000000000100000100011000101000000000000000001001100111100000000000000000000000000000000000110100000000011001111111000000000110000000000000000000100000000000000000001000000000000000000011 #
#28090
0!
#28100
1!
b000000000000000001111100001110100000000000000000100110011110000000001111011111111110010100001110100000000000000000000000000000000000000010010000010011110000000000000000000000000000000000001111011111111110010100001110100000001000000000000000000100000100100000101000000000000000001001100111100000000000000000000000000000000000110100000000011001111111000000000110000000000000000000100000000000000000001000000000000000000011 #
#28110
0!
#28120
1!
b000000000000000001111100001110100000000000000000100110011110000000001111011111111110010100001110100000000000000000000000000000000000000010010000001111110000000000000000000000100000100010001111011111111110010100001110100001101000000000000000000100000100100000101000000000000000001001100111100000000000000000000000000000000000110100000000011001111111000000000110000000000000000000100000000000000000001000000000000000000011 #
#28130
0!
#28140
1!
b000000000000000001111100001110100000000000000000100110011110000000001011111100000000001110000000000100000000000000000000000000000000000010001000010011110000000000000000000000000000000000001011111100000000001110000000000100001000000000000000000100000100010000101000000000000000001001100111100000000000000000000000000000000000110100000000011001111111000000000110000000000000000000100000000000000000001000000000000000000011 #
#28150
0!
#28160
1!
b000000000000000001111100001110100000000000000000100110011110000000001011111100000000001110000000000100000000000000000000000000000000000010001000001111110000000000000000000000100000100011001011111100000000001110000000000101101000000000000000000100000100010000101000000000000000001001100111100000000000000000000000000000000000110100000000011001111111000000000110000000000000000000100000000000000000001000000000000000000011 #
#28170
0!
#28180
1!
b000000000000000001111100001110100000000000000000100110011110000000001111001000001111110100011111110000000000000000000000000000000000000010001100010011110000000000000000000000000000000000001111001000001111110100011111110000001000000000000000000100000100011000101000000000000000001001100111100000000000000000000000000000000000110100000000011001111111000000000110000000000000000000100000000000000000001000000000000000000011 #
#28190
0!
#28200
1!
b000000000000000001111100001110100000000000000000100110011110000000001111001000001111110100011111110000000000000000000000000000000000000010001100001111110000000000000000000000100000100100001111001000001111110100011111110001101000000000000000000100000100011000101000000000000000001001100111100000000000000000000000000000000000110100000000011001111111000000000110000000000000000000100000000000000000001000000000000000000011 #
#28210
0!
#28220
1!
b000000000000000001111100001110100000000000000000100110011110000000001111011111111110010100001110100000000000000000000000000000000000000010010000010011110000000000000000000000000000000000001111011111111110010100001110100000001000000000000000000100000100100000101000000000000000001001100111100000000000000000000000000000000000110100000000011001111111000000000110000000000000000000100000000000000000001000000000000000000011 #
#28230
0!
#28240
1!
b000000000000000001111100001110100000000000000000100110011110000000001111011111111110010100001110100000000000000000000000000000000000000010010000001111110000000000000000000000100000100010001111011111111110010100001110100001101000000000000000000100000100100000101000000000000000001001100111100000000000000000000000000000000000110100000000011001111111000000000110000000000000000000100000000000000000001000000000000000000011 #
#28250
0!
#28260
1!
b000000000000000001111100001110100000000000000000100110011110000000001011111100000000001110000000000100000000000000000000000000000000000010001000010011110000000000000000000000000000000000001011111100000000001110000000000100001000000000000000000100000100010000101000000000000000001001100111100000000000000000000000000000000000110100000000011001111111000000000110000000000000000000100000000000000000001000000000000000000011 #
#28270
0!
#28280
1!
b000000000000000001111100001110100000000000000000100110011110000000001011111100000000001110000000000100000000000000000000000000000000000010001000001111110000000000000000000000100000100011001011111100000000001110000000000101101000000000000000000100000100010000101000000000000000001001100111100000000000000000000000000000000000110100000000011001111111000000000110000000000000000000100000000000000000001000000000000000000011 #
#28290
0!
#28300
1!
b000000000000000001111100001110100000000000000000100110011110000000001111001000001111110100011111110000000000000000000000000000000000000010001100010011110000000000000000000000000000000000001111001000001111110100011111110000001000000000000000000100000100011000101000000000000000001001100111100000000000000000000000000000000000110100000000011001111111000000000110000000000000000000100000000000000000001000000000000000000011 #
#28310
0!
#28320
1!
b000000000000000001111100001110100000000000000000100110011110000000001111001000001111110100011111110000000000000000000000000000000000000010001100001111110000000000000000000000100000100100001111001000001111110100011111110001101000000000000000000100000100011000101000000000000000001001100111100000000000000000000000000000000000110100000000011001111111000000000110000000000000000000100000000000000000001000000000000000000011 #
#28330
0!
#28340
1!
b000000000000000001111100001110100000000000000000100110011110000000001111011111111110010100001110100000000000000000000000000000000000000010010000010011110000000000000000000000000000000000001111011111111110010100001110100000001000000000000000000100000100100000101000000000000000001001100111100000000000000000000000000000000000110100000000011001111111000000000110000000000000000000100000000000000000001000000000000000000011 #
#28350
0!
#28360
1!
b000000000000000001111100001110100000000000000000100110011110000000001111011111111110010100001110100000000000000000000000000000000000000010010000001111110000000000000000000000100000100010001111011111111110010100001110100001101000000000000000000100000100100000101000000000000000001001100111100000000000000000000000000000000000110100000000011001111111000000000110000000000000000000100000000000000000001000000000000000000011 #
#28370
0!
#28380
1!
b000000000000000001111100001110100000000000000000100110011110000000001011111100000000001110000000000100000000000000000000000000000000000010001000010011110000000000000000000000000000000000001011111100000000001110000000000100001000000000000000000100000100010000101000000000000000001001100111100000000000000000000000000000000000110100000000011001111111000000000110000000000000000000100000000000000000001000000000000000000011 #
#28390
0!
#28400
1!
b000000000000000001111100001110100000000000000000100110011110000000001011111100000000001110000000000100000000000000000000000000000000000010001000001111110000000000000000000000100000100011001011111100000000001110000000000101101000000000000000000100000100010000101000000000000000001001100111100000000000000000000000000000000000110100000000011001111111000000000110000000000000000000100000000000000000001000000000000000000011 #
#28410
0!
#28420
1!
b000000000000000001111100001110100000000000000000100110011110000000001111001000001111110100011111110000000000000000000000000000000000000010001100010011110000000000000000000000000000000000001111001000001111110100011111110000001000000000000000000100000100011000101000000000000000001001100111100000000000000000000000000000000000110100000000011001111111000000000110000000000000000000100000000000000000001000000000000000000011 #
#28430
0!
#28440
1!
b000000000000000001111100001110100000000000000000100110011110000000001111001000001111110100011111110000000000000000000000000000000000000010001100001111110000000000000000000000100000100100001111001000001111110100011111110001101000000000000000000100000100011000101000000000000000001001100111100000000000000000000000000000000000110100000000011001111111000000000110000000000000000000100000000000000000001000000000000000000011 #
#28450
0!
#28460
1!
b000000000000000001111100001110100000000000000000100110011110000000001111011111111110010100001110100000000000000000000000000000000000000010010000010011110000000000000000000000000000000000001111011111111110010100001110100000001000000000000000000100000100100000101000000000000000001001100111100000000000000000000000000000000000110100000000011001111111000000000110000000000000000000100000000000000000001000000000000000000011 #
#28470
0!
#28480
1!
b000000000000000001111100001110100000000000000000100110011110000000001111011111111110010100001110100000000000000000000000000000000000000010010000001111110000000000000000000000100000100010001111011111111110010100001110100001101000000000000000000100000100100000101000000000000000001001100111100000000000000000000000000000000000110100000000011001111111000000000110000000000000000000100000000000000000001000000000000000000011 #
#28490
0!
#28500
1!
b000000000000000001111100001110100000000000000000100110011110000000001011111100000000001110000000000100000000000000000000000000000000000010001000010011110000000000000000000000000000000000001011111100000000001110000000000100001000000000000000000100000100010000101000000000000000001001100111100000000000000000000000000000000000110100000000011001111111000000000110000000000000000000100000000000000000001000000000000000000011 #
#28510
0!
#28520
1!
b000000000000000001111100001110100000000000000000100110011110000000001011111100000000001110000000000100000000000000000000000000000000000010001000001111110000000000000000000000100000100011001011111100000000001110000000000101101000000000000000000100000100010000101000000000000000001001100111100000000000000000000000000000000000110100000000011001111111000000000110000000000000000000100000000000000000001000000000000000000011 #
#28530
0!
#28540
1!
b000000000000000001111100001110100000000000000000100110011110000000001111001000001111110100011111110000000000000000000000000000000000000010001100010011110000000000000000000000000000000000001111001000001111110100011111110000001000000000000000000100000100011000101000000000000000001001100111100000000000000000000000000000000000110100000000011001111111000000000110000000000000000000100000000000000000001000000000000000000011 #
#28550
0!
#28560
1!
b000000000000000001111100001110100000000000000000100110011110000000001111001000001111110100011111110000000000000000000000000000000000000010001100001111110000000000000000000000100000100100001111001000001111110100011111110001101000000000000000000100000100011000101000000000000000001001100111100000000000000000000000000000000000110100000000011001111111000000000110000000000000000000100000000000000000001000000000000000000011 #
#28570
0!
#28580
1!
b000000000000000001111100001110100000000000000000100110011110000000001111011111111110010100001110100000000000000000000000000000000000000010010000010011110000000000000000000000000000000000001111011111111110010100001110100000001000000000000000000100000100100000101000000000000000001001100111100000000000000000000000000000000000110100000000011001111111000000000110000000000000000000100000000000000000001000000000000000000011 #
#28590
0!
#28600
1!
b000000000000000001111100001110100000000000000000100110011110000000001111011111111110010100001110100000000000000000000000000000000000000010010000001111110000000000000000000000100000100010001111011111111110010100001110100001101000000000000000000100000100100000101000000000000000001001100111100000000000000000000000000000000000110100000000011001111111000000000110000000000000000000100000000000000000001000000000000000000011 #
#28610
0!
#28620
1!
b000000000000000001111100001110100000000000000000100110011110000000001011111100000000001110000000000100000000000000000000000000000000000010001000010011110000000000000000000000000000000000001011111100000000001110000000000100001000000000000000000100000100010000101000000000000000001001100111100000000000000000000000000000000000110100000000011001111111000000000110000000000000000000100000000000000000001000000000000000000011 #
#28630
0!
#28640
1!
b000000000000000001111100001110100000000000000000100110011110000000001011111100000000001110000000000100000000000000000000000000000000000010001000001111110000000000000000000000100000100011001011111100000000001110000000000101101000000000000000000100000100010000101000000000000000001001100111100000000000000000000000000000000000110100000000011001111111000000000110000000000000000000100000000000000000001000000000000000000011 #
#28650
0!
#28660
1!
b000000000000000001111100001110100000000000000000100110011110000000001111001000001111110100011111110000000000000000000000000000000000000010001100010011110000000000000000000000000000000000001111001000001111110100011111110000001000000000000000000100000100011000101000000000000000001001100111100000000000000000000000000000000000110100000000011001111111000000000110000000000000000000100000000000000000001000000000000000000011 #
#28670
0!
#28680
1!
b000000000000000001111100001110100000000000000000100110011110000000001111001000001111110100011111110000000000000000000000000000000000000010001100001111110000000000000000000000100000100100001111001000001111110100011111110001101000000000000000000100000100011000101000000000000000001001100111100000000000000000000000000000000000110100000000011001111111000000000110000000000000000000100000000000000000001000000000000000000011 #
#28690
0!
#28700
1!
b000000000000000001111100001110100000000000000000100110011110000000001111011111111110010100001110100000000000000000000000000000000000000010010000010011110000000000000000000000000000000000001111011111111110010100001110100000001000000000000000000100000100100000101000000000000000001001100111100000000000000000000000000000000000110100000000011001111111000000000110000000000000000000100000000000000000001000000000000000000011 #
#28710
0!
#28720
1!
b000000000000000001111100001110100000000000000000100110011110000000001111011111111110010100001110100000000000000000000000000000000000000010010000001111110000000000000000000000100000100010001111011111111110010100001110100001101000000000000000000100000100100000101000000000000000001001100111100000000000000000000000000000000000110100000000011001111111000000000110000000000000000000100000000000000000001000000000000000000011 #
#28730
0!
#28740
1!
b000000000000000001111100001110100000000000000000100110011110000000001011111100000000001110000000000100000000000000000000000000000000000010001000010011110000000000000000000000000000000000001011111100000000001110000000000100001000000000000000000100000100010000101000000000000000001001100111100000000000000000000000000000000000110100000000011001111111000000000110000000000000000000100000000000000000001000000000000000000011 #
#28750
0!
#28760
1!
b000000000000000001111100001110100000000000000000100110011110000000001011111100000000001110000000000100000000000000000000000000000000000010001000001111110000000000000000000000100000100011001011111100000000001110000000000101101000000000000000000100000100010000101000000000000000001001100111100000000000000000000000000000000000110100000000011001111111000000000110000000000000000000100000000000000000001000000000000000000011 #
#28770
0!
#28780
1!
b000000000000000001111100001110100000000000000000100110011110000000001111001000001111110100011111110000000000000000000000000000000000000010001100010011110000000000000000000000000000000000001111001000001111110100011111110000001000000000000000000100000100011000101000000000000000001001100111100000000000000000000000000000000000110100000000011001111111000000000110000000000000000000100000000000000000001000000000000000000011 #
#28790
0!
#28800
1!
b000000000000000001111100001110100000000000000000100110011110000000001111001000001111110100011111110000000000000000000000000000000000000010001100001111110000000000000000000000100000100100001111001000001111110100011111110001101000000000000000000100000100011000101000000000000000001001100111100000000000000000000000000000000000110100000000011001111111000000000110000000000000000000100000000000000000001000000000000000000011 #
#28810
0!
#28820
1!
b000000000000000001111100001110100000000000000000100110011110000000001111011111111110010100001110100000000000000000000000000000000000000010010000010011110000000000000000000000000000000000001111011111111110010100001110100000001000000000000000000100000100100000101000000000000000001001100111100000000000000000000000000000000000110100000000011001111111000000000110000000000000000000100000000000000000001000000000000000000011 #
#28830
0!
#28840
1!
b000000000000000001111100001110100000000000000000100110011110000000001111011111111110010100001110100000000000000000000000000000000000000010010000001111110000000000000000000000100000100010001111011111111110010100001110100001101000000000000000000100000100100000101000000000000000001001100111100000000000000000000000000000000000110100000000011001111111000000000110000000000000000000100000000000000000001000000000000000000011 #
#28850
0!
#28860
1!
b000000000000000001111100001110100000000000000000100110011110000000001011111100000000001110000000000100000000000000000000000000000000000010001000010011110000000000000000000000000000000000001011111100000000001110000000000100001000000000000000000100000100010000101000000000000000001001100111100000000000000000000000000000000000110100000000011001111111000000000110000000000000000000100000000000000000001000000000000000000011 #
#28870
0!
#28880
1!
b000000000000000001111100001110100000000000000000100110011110000000001011111100000000001110000000000100000000000000000000000000000000000010001000001111110000000000000000000000100000100011001011111100000000001110000000000101101000000000000000000100000100010000101000000000000000001001100111100000000000000000000000000000000000110100000000011001111111000000000110000000000000000000100000000000000000001000000000000000000011 #
#28890
0!
#28900
1!
b000000000000000001111100001110100000000000000000100110011110000000001111001000001111110100011111110000000000000000000000000000000000000010001100010011110000000000000000000000000000000000001111001000001111110100011111110000001000000000000000000100000100011000101000000000000000001001100111100000000000000000000000000000000000110100000000011001111111000000000110000000000000000000100000000000000000001000000000000000000011 #
#28910
0!
#28920
1!
b000000000000000001111100001110100000000000000000100110011110000000001111001000001111110100011111110000000000000000000000000000000000000010001100001111110000000000000000000000100000100100001111001000001111110100011111110001101000000000000000000100000100011000101000000000000000001001100111100000000000000000000000000000000000110100000000011001111111000000000110000000000000000000100000000000000000001000000000000000000011 #
#28930
0!
#28940
1!
b000000000000000001111100001110100000000000000000100110011110000000001111011111111110010100001110100000000000000000000000000000000000000010010000010011110000000000000000000000000000000000001111011111111110010100001110100000001000000000000000000100000100100000101000000000000000001001100111100000000000000000000000000000000000110100000000011001111111000000000110000000000000000000100000000000000000001000000000000000000011 #
#28950
0!
#28960
1!
b000000000000000001111100001110100000000000000000100110011110000000001111011111111110010100001110100000000000000000000000000000000000000010010000001111110000000000000000000000100000100010001111011111111110010100001110100001101000000000000000000100000100100000101000000000000000001001100111100000000000000000000000000000000000110100000000011001111111000000000110000000000000000000100000000000000000001000000000000000000011 #
#28970
0!
#28980
1!
b000000000000000001111100001110100000000000000000100110011110000000001011111100000000001110000000000100000000000000000000000000000000000010001000010011110000000000000000000000000000000000001011111100000000001110000000000100001000000000000000000100000100010000101000000000000000001001100111100000000000000000000000000000000000110100000000011001111111000000000110000000000000000000100000000000000000001000000000000000000011 #
#28990
0!
#29000
1!
b000000000000000001111100001110100000000000000000100110011110000000001011111100000000001110000000000100000000000000000000000000000000000010001000001111110000000000000000000000100000100011001011111100000000001110000000000101101000000000000000000100000100010000101000000000000000001001100111100000000000000000000000000000000000110100000000011001111111000000000110000000000000000000100000000000000000001000000000000000000011 #
#29010
0!
#29020
1!
b000000000000000001111100001110100000000000000000100110011110000000001111001000001111110100011111110000000000000000000000000000000000000010001100010011110000000000000000000000000000000000001111001000001111110100011111110000001000000000000000000100000100011000101000000000000000001001100111100000000000000000000000000000000000110100000000011001111111000000000110000000000000000000100000000000000000001000000000000000000011 #
#29030
0!
#29040
1!
b000000000000000001111100001110100000000000000000100110011110000000001111001000001111110100011111110000000000000000000000000000000000000010001100001111110000000000000000000000100000100100001111001000001111110100011111110001101000000000000000000100000100011000101000000000000000001001100111100000000000000000000000000000000000110100000000011001111111000000000110000000000000000000100000000000000000001000000000000000000011 #
#29050
0!
#29060
1!
b000000000000000001111100001110100000000000000000100110011110000000001111011111111110010100001110100000000000000000000000000000000000000010010000010011110000000000000000000000000000000000001111011111111110010100001110100000001000000000000000000100000100100000101000000000000000001001100111100000000000000000000000000000000000110100000000011001111111000000000110000000000000000000100000000000000000001000000000000000000011 #
#29070
0!
#29080
1!
b000000000000000001111100001110100000000000000000100110011110000000001111011111111110010100001110100000000000000000000000000000000000000010010000001111110000000000000000000000100000100010001111011111111110010100001110100001101000000000000000000100000100100000101000000000000000001001100111100000000000000000000000000000000000110100000000011001111111000000000110000000000000000000100000000000000000001000000000000000000011 #
#29090
0!
#29100
1!
b000000000000000001111100001110100000000000000000100110011110000000001011111100000000001110000000000100000000000000000000000000000000000010001000010011110000000000000000000000000000000000001011111100000000001110000000000100001000000000000000000100000100010000101000000000000000001001100111100000000000000000000000000000000000110100000000011001111111000000000110000000000000000000100000000000000000001000000000000000000011 #
#29110
0!
#29120
1!
b000000000000000001111100001110100000000000000000100110011110000000001011111100000000001110000000000100000000000000000000000000000000000010001000001111110000000000000000000000100000100011001011111100000000001110000000000101101000000000000000000100000100010000101000000000000000001001100111100000000000000000000000000000000000110100000000011001111111000000000110000000000000000000100000000000000000001000000000000000000011 #
#29130
0!
#29140
1!
b000000000000000001111100001110100000000000000000100110011110000000001111001000001111110100011111110000000000000000000000000000000000000010001100010011110000000000000000000000000000000000001111001000001111110100011111110000001000000000000000000100000100011000101000000000000000001001100111100000000000000000000000000000000000110100000000011001111111000000000110000000000000000000100000000000000000001000000000000000000011 #
#29150
0!
#29160
1!
b000000000000000001111100001110100000000000000000100110011110000000001111001000001111110100011111110000000000000000000000000000000000000010001100001111110000000000000000000000100000100100001111001000001111110100011111110001101000000000000000000100000100011000101000000000000000001001100111100000000000000000000000000000000000110100000000011001111111000000000110000000000000000000100000000000000000001000000000000000000011 #
#29170
0!
#29180
1!
b000000000000000001111100001110100000000000000000100110011110000000001111011111111110010100001110100000000000000000000000000000000000000010010000010011110000000000000000000000000000000000001111011111111110010100001110100000001000000000000000000100000100100000101000000000000000001001100111100000000000000000000000000000000000110100000000011001111111000000000110000000000000000000100000000000000000001000000000000000000011 #
#29190
0!
#29200
1!
b000000000000000001111100001110100000000000000000100110011110000000001111011111111110010100001110100000000000000000000000000000000000000010010000001111110000000000000000000000100000100010001111011111111110010100001110100001101000000000000000000100000100100000101000000000000000001001100111100000000000000000000000000000000000110100000000011001111111000000000110000000000000000000100000000000000000001000000000000000000011 #
#29210
0!
#29220
1!
b000000000000000001111100001110100000000000000000100110011110000000001011111100000000001110000000000100000000000000000000000000000000000010001000010011110000000000000000000000000000000000001011111100000000001110000000000100001000000000000000000100000100010000101000000000000000001001100111100000000000000000000000000000000000110100000000011001111111000000000110000000000000000000100000000000000000001000000000000000000011 #
#29230
0!
#29240
1!
b000000000000000001111100001110100000000000000000100110011110000000001011111100000000001110000000000100000000000000000000000000000000000010001000001111110000000000000000000000100000100011001011111100000000001110000000000101101000000000000000000100000100010000101000000000000000001001100111100000000000000000000000000000000000110100000000011001111111000000000110000000000000000000100000000000000000001000000000000000000011 #
#29250
0!
#29260
1!
b000000000000000001111100001110100000000000000000100110011110000000001111001000001111110100011111110000000000000000000000000000000000000010001100010011110000000000000000000000000000000000001111001000001111110100011111110000001000000000000000000100000100011000101000000000000000001001100111100000000000000000000000000000000000110100000000011001111111000000000110000000000000000000100000000000000000001000000000000000000011 #
#29270
0!
#29280
1!
b000000000000000001111100001110100000000000000000100110011110000000001111001000001111110100011111110000000000000000000000000000000000000010001100001111110000000000000000000000100000100100001111001000001111110100011111110001101000000000000000000100000100011000101000000000000000001001100111100000000000000000000000000000000000110100000000011001111111000000000110000000000000000000100000000000000000001000000000000000000011 #
#29290
0!
#29300
1!
b000000000000000001111100001110100000000000000000100110011110000000001111011111111110010100001110100000000000000000000000000000000000000010010000010011110000000000000000000000000000000000001111011111111110010100001110100000001000000000000000000100000100100000101000000000000000001001100111100000000000000000000000000000000000110100000000011001111111000000000110000000000000000000100000000000000000001000000000000000000011 #
#29310
0!
#29320
1!
b000000000000000001111100001110100000000000000000100110011110000000001111011111111110010100001110100000000000000000000000000000000000000010010000001111110000000000000000000000100000100010001111011111111110010100001110100001101000000000000000000100000100100000101000000000000000001001100111100000000000000000000000000000000000110100000000011001111111000000000110000000000000000000100000000000000000001000000000000000000011 #
#29330
0!
#29340
1!
b000000000000000001111100001110100000000000000000100110011110000000001011111100000000001110000000000100000000000000000000000000000000000010001000010011110000000000000000000000000000000000001011111100000000001110000000000100001000000000000000000100000100010000101000000000000000001001100111100000000000000000000000000000000000110100000000011001111111000000000110000000000000000000100000000000000000001000000000000000000011 #
#29350
0!
#29360
1!
b000000000000000001111100001110100000000000000000100110011110000000001011111100000000001110000000000100000000000000000000000000000000000010001000001111110000000000000000000000100000100011001011111100000000001110000000000101101000000000000000000100000100010000101000000000000000001001100111100000000000000000000000000000000000110100000000011001111111000000000110000000000000000000100000000000000000001000000000000000000011 #
#29370
0!
#29380
1!
b000000000000000001111100001110100000000000000000100110011110000000001111001000001111110100011111110000000000000000000000000000000000000010001100010011110000000000000000000000000000000000001111001000001111110100011111110000001000000000000000000100000100011000101000000000000000001001100111100000000000000000000000000000000000110100000000011001111111000000000110000000000000000000100000000000000000001000000000000000000011 #
#29390
0!
#29400
1!
b000000000000000001111100001110100000000000000000100110011110000000001111001000001111110100011111110000000000000000000000000000000000000010001100001111110000000000000000000000100000100100001111001000001111110100011111110001101000000000000000000100000100011000101000000000000000001001100111100000000000000000000000000000000000110100000000011001111111000000000110000000000000000000100000000000000000001000000000000000000011 #
#29410
0!
#29420
1!
b000000000000000001111100001110100000000000000000100110011110000000001111011111111110010100001110100000000000000000000000000000000000000010010000010011110000000000000000000000000000000000001111011111111110010100001110100000001000000000000000000100000100100000101000000000000000001001100111100000000000000000000000000000000000110100000000011001111111000000000110000000000000000000100000000000000000001000000000000000000011 #
#29430
0!
#29440
1!
b000000000000000001111100001110100000000000000000100110011110000000001111011111111110010100001110100000000000000000000000000000000000000010010000001111110000000000000000000000100000100010001111011111111110010100001110100001101000000000000000000100000100100000101000000000000000001001100111100000000000000000000000000000000000110100000000011001111111000000000110000000000000000000100000000000000000001000000000000000000011 #
#29450
0!
#29460
1!
b000000000000000001111100001110100000000000000000100110011110000000001011111100000000001110000000000100000000000000000000000000000000000010001000010011110000000000000000000000000000000000001011111100000000001110000000000100001000000000000000000100000100010000101000000000000000001001100111100000000000000000000000000000000000110100000000011001111111000000000110000000000000000000100000000000000000001000000000000000000011 #
#29470
0!
#29480
1!
b000000000000000001111100001110100000000000000000100110011110000000001011111100000000001110000000000100000000000000000000000000000000000010001000001111110000000000000000000000100000100011001011111100000000001110000000000101101000000000000000000100000100010000101000000000000000001001100111100000000000000000000000000000000000110100000000011001111111000000000110000000000000000000100000000000000000001000000000000000000011 #
#29490
0!
#29500
1!
b000000000000000001111100001110100000000000000000100110011110000000001111001000001111110100011111110000000000000000000000000000000000000010001100010011110000000000000000000000000000000000001111001000001111110100011111110000001000000000000000000100000100011000101000000000000000001001100111100000000000000000000000000000000000110100000000011001111111000000000110000000000000000000100000000000000000001000000000000000000011 #
#29510
0!
#29520
1!
b000000000000000001111100001110100000000000000000100110011110000000001111001000001111110100011111110000000000000000000000000000000000000010001100001111110000000000000000000000100000100100001111001000001111110100011111110001101000000000000000000100000100011000101000000000000000001001100111100000000000000000000000000000000000110100000000011001111111000000000110000000000000000000100000000000000000001000000000000000000011 #
#29530
0!
#29540
1!
b000000000000000001111100001110100000000000000000100110011110000000001111011111111110010100001110100000000000000000000000000000000000000010010000010011110000000000000000000000000000000000001111011111111110010100001110100000001000000000000000000100000100100000101000000000000000001001100111100000000000000000000000000000000000110100000000011001111111000000000110000000000000000000100000000000000000001000000000000000000011 #
#29550
0!
#29560
1!
b000000000000000001111100001110100000000000000000100110011110000000001111011111111110010100001110100000000000000000000000000000000000000010010000001111110000000000000000000000100000100010001111011111111110010100001110100001101000000000000000000100000100100000101000000000000000001001100111100000000000000000000000000000000000110100000000011001111111000000000110000000000000000000100000000000000000001000000000000000000011 #
#29570
0!
#29580
1!
b000000000000000001111100001110100000000000000000100110011110000000001011111100000000001110000000000100000000000000000000000000000000000010001000010011110000000000000000000000000000000000001011111100000000001110000000000100001000000000000000000100000100010000101000000000000000001001100111100000000000000000000000000000000000110100000000011001111111000000000110000000000000000000100000000000000000001000000000000000000011 #
#29590
0!
#29600
1!
b000000000000000001111100001110100000000000000000100110011110000000001011111100000000001110000000000100000000000000000000000000000000000010001000001111110000000000000000000000100000100011001011111100000000001110000000000101101000000000000000000100000100010000101000000000000000001001100111100000000000000000000000000000000000110100000000011001111111000000000110000000000000000000100000000000000000001000000000000000000011 #
#29610
0!
#29620
1!
b000000000000000001111100001110100000000000000000100110011110000000001111001000001111110100011111110000000000000000000000000000000000000010001100010011110000000000000000000000000000000000001111001000001111110100011111110000001000000000000000000100000100011000101000000000000000001001100111100000000000000000000000000000000000110100000000011001111111000000000110000000000000000000100000000000000000001000000000000000000011 #
#29630
0!
#29640
1!
b000000000000000001111100001110100000000000000000100110011110000000001111001000001111110100011111110000000000000000000000000000000000000010001100001111110000000000000000000000100000100100001111001000001111110100011111110001101000000000000000000100000100011000101000000000000000001001100111100000000000000000000000000000000000110100000000011001111111000000000110000000000000000000100000000000000000001000000000000000000011 #
#29650
0!
#29660
1!
b000000000000000001111100001110100000000000000000100110011110000000001111011111111110010100001110100000000000000000000000000000000000000010010000010011110000000000000000000000000000000000001111011111111110010100001110100000001000000000000000000100000100100000101000000000000000001001100111100000000000000000000000000000000000110100000000011001111111000000000110000000000000000000100000000000000000001000000000000000000011 #
#29670
0!
#29680
1!
b000000000000000001111100001110100000000000000000100110011110000000001111011111111110010100001110100000000000000000000000000000000000000010010000001111110000000000000000000000100000100010001111011111111110010100001110100001101000000000000000000100000100100000101000000000000000001001100111100000000000000000000000000000000000110100000000011001111111000000000110000000000000000000100000000000000000001000000000000000000011 #
#29690
0!
#29700
1!
b000000000000000001111100001110100000000000000000100110011110000000001011111100000000001110000000000100000000000000000000000000000000000010001000010011110000000000000000000000000000000000001011111100000000001110000000000100001000000000000000000100000100010000101000000000000000001001100111100000000000000000000000000000000000110100000000011001111111000000000110000000000000000000100000000000000000001000000000000000000011 #
#29710
0!
#29720
1!
b000000000000000001111100001110100000000000000000100110011110000000001011111100000000001110000000000100000000000000000000000000000000000010001000001111110000000000000000000000100000100011001011111100000000001110000000000101101000000000000000000100000100010000101000000000000000001001100111100000000000000000000000000000000000110100000000011001111111000000000110000000000000000000100000000000000000001000000000000000000011 #
#29730
0!
#29740
1!
b000000000000000001111100001110100000000000000000100110011110000000001111001000001111110100011111110000000000000000000000000000000000000010001100010011110000000000000000000000000000000000001111001000001111110100011111110000001000000000000000000100000100011000101000000000000000001001100111100000000000000000000000000000000000110100000000011001111111000000000110000000000000000000100000000000000000001000000000000000000011 #
#29750
0!
#29760
1!
b000000000000000001111100001110100000000000000000100110011110000000001111001000001111110100011111110000000000000000000000000000000000000010001100001111110000000000000000000000100000100100001111001000001111110100011111110001101000000000000000000100000100011000101000000000000000001001100111100000000000000000000000000000000000110100000000011001111111000000000110000000000000000000100000000000000000001000000000000000000011 #
#29770
0!
#29780
1!
b000000000000000001111100001110100000000000000000100110011110000000001111011111111110010100001110100000000000000000000000000000000000000010010000010011110000000000000000000000000000000000001111011111111110010100001110100000001000000000000000000100000100100000101000000000000000001001100111100000000000000000000000000000000000110100000000011001111111000000000110000000000000000000100000000000000000001000000000000000000011 #
#29790
0!
#29800
1!
b000000000000000001111100001110100000000000000000100110011110000000001111011111111110010100001110100000000000000000000000000000000000000010010000001111110000000000000000000000100000100010001111011111111110010100001110100001101000000000000000000100000100100000101000000000000000001001100111100000000000000000000000000000000000110100000000011001111111000000000110000000000000000000100000000000000000001000000000000000000011 #
#29810
0!
#29820
1!
b000000000000000001111100001110100000000000000000100110011110000000001011111100000000001110000000000100000000000000000000000000000000000010001000010011110000000000000000000000000000000000001011111100000000001110000000000100001000000000000000000100000100010000101000000000000000001001100111100000000000000000000000000000000000110100000000011001111111000000000110000000000000000000100000000000000000001000000000000000000011 #
#29830
0!
#29840
1!
b000000000000000001111100001110100000000000000000100110011110000000001011111100000000001110000000000100000000000000000000000000000000000010001000001111110000000000000000000000100000100011001011111100000000001110000000000101101000000000000000000100000100010000101000000000000000001001100111100000000000000000000000000000000000110100000000011001111111000000000110000000000000000000100000000000000000001000000000000000000011 #
#29850
0!
#29860
1!
b000000000000000001111100001110100000000000000000100110011110000000001111001000001111110100011111110000000000000000000000000000000000000010001100010011110000000000000000000000000000000000001111001000001111110100011111110000001000000000000000000100000100011000101000000000000000001001100111100000000000000000000000000000000000110100000000011001111111000000000110000000000000000000100000000000000000001000000000000000000011 #
#29870
0!
#29880
1!
b000000000000000001111100001110100000000000000000100110011110000000001111001000001111110100011111110000000000000000000000000000000000000010001100001111110000000000000000000000100000100100001111001000001111110100011111110001101000000000000000000100000100011000101000000000000000001001100111100000000000000000000000000000000000110100000000011001111111000000000110000000000000000000100000000000000000001000000000000000000011 #
#29890
0!
#29900
1!
b000000000000000001111100001110100000000000000000100110011110000000001111011111111110010100001110100000000000000000000000000000000000000010010000010011110000000000000000000000000000000000001111011111111110010100001110100000001000000000000000000100000100100000101000000000000000001001100111100000000000000000000000000000000000110100000000011001111111000000000110000000000000000000100000000000000000001000000000000000000011 #
#29910
0!
#29920
1!
b000000000000000001111100001110100000000000000000100110011110000000001111011111111110010100001110100000000000000000000000000000000000000010010000001111110000000000000000000000100000100010001111011111111110010100001110100001101000000000000000000100000100100000101000000000000000001001100111100000000000000000000000000000000000110100000000011001111111000000000110000000000000000000100000000000000000001000000000000000000011 #
#29930
0!
#29940
1!
b000000000000000001111100001110100000000000000000100110011110000000001011111100000000001110000000000100000000000000000000000000000000000010001000010011110000000000000000000000000000000000001011111100000000001110000000000100001000000000000000000100000100010000101000000000000000001001100111100000000000000000000000000000000000110100000000011001111111000000000110000000000000000000100000000000000000001000000000000000000011 #
#29950
0!
#29960
1!
b000000000000000001111100001110100000000000000000100110011110000000001011111100000000001110000000000100000000000000000000000000000000000010001000001111110000000000000000000000100000100011001011111100000000001110000000000101101000000000000000000100000100010000101000000000000000001001100111100000000000000000000000000000000000110100000000011001111111000000000110000000000000000000100000000000000000001000000000000000000011 #
#29970
0!
#29980
1!
b000000000000000001111100001110100000000000000000100110011110000000001111001000001111110100011111110000000000000000000000000000000000000010001100010011110000000000000000000000000000000000001111001000001111110100011111110000001000000000000000000100000100011000101000000000000000001001100111100000000000000000000000000000000000110100000000011001111111000000000110000000000000000000100000000000000000001000000000000000000011 #
#29990
0!
#30000
1!
b000000000000000001111100001110100000000000000000100110011110000000001111001000001111110100011111110000000000000000000000000000000000000010001100001111110000000000000000000000100000100100001111001000001111110100011111110001101000000000000000000100000100011000101000000000000000001001100111100000000000000000000000000000000000110100000000011001111111000000000110000000000000000000100000000000000000001000000000000000000011 #
#30010
0!
#30020
1!
b000000000000000001111100001110100000000000000000100110011110000000001111011111111110010100001110100000000000000000000000000000000000000010010000010011110000000000000000000000000000000000001111011111111110010100001110100000001000000000000000000100000100100000101000000000000000001001100111100000000000000000000000000000000000110100000000011001111111000000000110000000000000000000100000000000000000001000000000000000000011 #
#30030
0!
#30040
1!
b000000000000000001111100001110100000000000000000100110011110000000001111011111111110010100001110100000000000000000000000000000000000000010010000001111110000000000000000000000100000100010001111011111111110010100001110100001101000000000000000000100000100100000101000000000000000001001100111100000000000000000000000000000000000110100000000011001111111000000000110000000000000000000100000000000000000001000000000000000000011 #
#30050
0!
#30060
1!
b000000000000000001111100001110100000000000000000100110011110000000001011111100000000001110000000000100000000000000000000000000000000000010001000010011110000000000000000000000000000000000001011111100000000001110000000000100001000000000000000000100000100010000101000000000000000001001100111100000000000000000000000000000000000110100000000011001111111000000000110000000000000000000100000000000000000001000000000000000000011 #
#30070
0!
#30080
1!
b000000000000000001111100001110100000000000000000100110011110000000001011111100000000001110000000000100000000000000000000000000000000000010001000001111110000000000000000000000100000100011001011111100000000001110000000000101101000000000000000000100000100010000101000000000000000001001100111100000000000000000000000000000000000110100000000011001111111000000000110000000000000000000100000000000000000001000000000000000000011 #
#30090
0!
#30100
1!
b000000000000000001111100001110100000000000000000100110011110000000001111001000001111110100011111110000000000000000000000000000000000000010001100010011110000000000000000000000000000000000001111001000001111110100011111110000001000000000000000000100000100011000101000000000000000001001100111100000000000000000000000000000000000110100000000011001111111000000000110000000000000000000100000000000000000001000000000000000000011 #
#30110
0!
#30120
1!
b000000000000000001111100001110100000000000000000100110011110000000001111001000001111110100011111110000000000000000000000000000000000000010001100001111110000000000000000000000100000100100001111001000001111110100011111110001101000000000000000000100000100011000101000000000000000001001100111100000000000000000000000000000000000110100000000011001111111000000000110000000000000000000100000000000000000001000000000000000000011 #
#30130
0!
#30140
1!
b000000000000000001111100001110100000000000000000100110011110000000001111011111111110010100001110100000000000000000000000000000000000000010010000010011110000000000000000000000000000000000001111011111111110010100001110100000001000000000000000000100000100100000101000000000000000001001100111100000000000000000000000000000000000110100000000011001111111000000000110000000000000000000100000000000000000001000000000000000000011 #
#30150
0!
#30160
1!
b000000000000000001111100001110100000000000000000100110011110000000001111011111111110010100001110100000000000000000000000000000000000000010010000001111110000000000000000000000100000100010001111011111111110010100001110100001101000000000000000000100000100100000101000000000000000001001100111100000000000000000000000000000000000110100000000011001111111000000000110000000000000000000100000000000000000001000000000000000000011 #
#30170
0!
#30180
1!
b000000000000000001111100001110100000000000000000100110011110000000001011111100000000001110000000000100000000000000000000000000000000000010001000010011110000000000000000000000000000000000001011111100000000001110000000000100001000000000000000000100000100010000101000000000000000001001100111100000000000000000000000000000000000110100000000011001111111000000000110000000000000000000100000000000000000001000000000000000000011 #
#30190
0!
#30200
1!
b000000000000000001111100001110100000000000000000100110011110000000001011111100000000001110000000000100000000000000000000000000000000000010001000001111110000000000000000000000100000100011001011111100000000001110000000000101101000000000000000000100000100010000101000000000000000001001100111100000000000000000000000000000000000110100000000011001111111000000000110000000000000000000100000000000000000001000000000000000000011 #
#30210
0!
#30220
1!
b000000000000000001111100001110100000000000000000100110011110000000001111001000001111110100011111110000000000000000000000000000000000000010001100010011110000000000000000000000000000000000001111001000001111110100011111110000001000000000000000000100000100011000101000000000000000001001100111100000000000000000000000000000000000110100000000011001111111000000000110000000000000000000100000000000000000001000000000000000000011 #
#30230
0!
#30240
1!
b000000000000000001111100001110100000000000000000100110011110000000001111001000001111110100011111110000000000000000000000000000000000000010001100001111110000000000000000000000100000100100001111001000001111110100011111110001101000000000000000000100000100011000101000000000000000001001100111100000000000000000000000000000000000110100000000011001111111000000000110000000000000000000100000000000000000001000000000000000000011 #
#30250
0!
#30260
1!
b000000000000000001111100001110100000000000000000100110011110000000001111011111111110010100001110100000000000000000000000000000000000000010010000010011110000000000000000000000000000000000001111011111111110010100001110100000001000000000000000000100000100100000101000000000000000001001100111100000000000000000000000000000000000110100000000011001111111000000000110000000000000000000100000000000000000001000000000000000000011 #
#30270
0!
#30280
1!
b000000000000000001111100001110100000000000000000100110011110000000001111011111111110010100001110100000000000000000000000000000000000000010010000001111110000000000000000000000100000100010001111011111111110010100001110100001101000000000000000000100000100100000101000000000000000001001100111100000000000000000000000000000000000110100000000011001111111000000000110000000000000000000100000000000000000001000000000000000000011 #
#30290
0!
#30300
1!
b000000000000000001111100001110100000000000000000100110011110000000001011111100000000001110000000000100000000000000000000000000000000000010001000010011110000000000000000000000000000000000001011111100000000001110000000000100001000000000000000000100000100010000101000000000000000001001100111100000000000000000000000000000000000110100000000011001111111000000000110000000000000000000100000000000000000001000000000000000000011 #
#30310
0!
#30320
1!
b000000000000000001111100001110100000000000000000100110011110000000001011111100000000001110000000000100000000000000000000000000000000000010001000001111110000000000000000000000100000100011001011111100000000001110000000000101101000000000000000000100000100010000101000000000000000001001100111100000000000000000000000000000000000110100000000011001111111000000000110000000000000000000100000000000000000001000000000000000000011 #
#30330
0!
#30340
1!
b000000000000000001111100001110100000000000000000100110011110000000001111001000001111110100011111110000000000000000000000000000000000000010001100010011110000000000000000000000000000000000001111001000001111110100011111110000001000000000000000000100000100011000101000000000000000001001100111100000000000000000000000000000000000110100000000011001111111000000000110000000000000000000100000000000000000001000000000000000000011 #
#30350
0!
#30360
1!
b000000000000000001111100001110100000000000000000100110011110000000001111001000001111110100011111110000000000000000000000000000000000000010001100001111110000000000000000000000100000100100001111001000001111110100011111110001101000000000000000000100000100011000101000000000000000001001100111100000000000000000000000000000000000110100000000011001111111000000000110000000000000000000100000000000000000001000000000000000000011 #
#30370
0!
#30380
1!
b000000000000000001111100001110100000000000000000100110011110000000001111011111111110010100001110100000000000000000000000000000000000000010010000010011110000000000000000000000000000000000001111011111111110010100001110100000001000000000000000000100000100100000101000000000000000001001100111100000000000000000000000000000000000110100000000011001111111000000000110000000000000000000100000000000000000001000000000000000000011 #
#30390
0!
#30400
1!
b000000000000000001111100001110100000000000000000100110011110000000001111011111111110010100001110100000000000000000000000000000000000000010010000001111110000000000000000000000100000100010001111011111111110010100001110100001101000000000000000000100000100100000101000000000000000001001100111100000000000000000000000000000000000110100000000011001111111000000000110000000000000000000100000000000000000001000000000000000000011 #
#30410
0!
#30420
1!
b000000000000000001111100001110100000000000000000100110011110000000001011111100000000001110000000000100000000000000000000000000000000000010001000010011110000000000000000000000000000000000001011111100000000001110000000000100001000000000000000000100000100010000101000000000000000001001100111100000000000000000000000000000000000110100000000011001111111000000000110000000000000000000100000000000000000001000000000000000000011 #
#30430
0!
#30440
1!
b000000000000000001111100001110100000000000000000100110011110000000001011111100000000001110000000000100000000000000000000000000000000000010001000001111110000000000000000000000100000100011001011111100000000001110000000000101101000000000000000000100000100010000101000000000000000001001100111100000000000000000000000000000000000110100000000011001111111000000000110000000000000000000100000000000000000001000000000000000000011 #
#30450
0!
#30460
1!
b000000000000000001111100001110100000000000000000100110011110000000001111001000001111110100011111110000000000000000000000000000000000000010001100010011110000000000000000000000000000000000001111001000001111110100011111110000001000000000000000000100000100011000101000000000000000001001100111100000000000000000000000000000000000110100000000011001111111000000000110000000000000000000100000000000000000001000000000000000000011 #
#30470
0!
#30480
1!
b000000000000000001111100001110100000000000000000100110011110000000001111001000001111110100011111110000000000000000000000000000000000000010001100001111110000000000000000000000100000100100001111001000001111110100011111110001101000000000000000000100000100011000101000000000000000001001100111100000000000000000000000000000000000110100000000011001111111000000000110000000000000000000100000000000000000001000000000000000000011 #
#30490
0!
#30500
1!
b000000000000000001111100001110100000000000000000100110011110000000001111011111111110010100001110100000000000000000000000000000000000000010010000010011110000000000000000000000000000000000001111011111111110010100001110100000001000000000000000000100000100100000101000000000000000001001100111100000000000000000000000000000000000110100000000011001111111000000000110000000000000000000100000000000000000001000000000000000000011 #
#30510
0!
#30520
1!
b000000000000000001111100001110100000000000000000100110011110000000001111011111111110010100001110100000000000000000000000000000000000000010010000001111110000000000000000000000100000100010001111011111111110010100001110100001101000000000000000000100000100100000101000000000000000001001100111100000000000000000000000000000000000110100000000011001111111000000000110000000000000000000100000000000000000001000000000000000000011 #
#30530
0!
#30540
1!
b000000000000000001111100001110100000000000000000100110011110000000001011111100000000001110000000000100000000000000000000000000000000000010001000010011110000000000000000000000000000000000001011111100000000001110000000000100001000000000000000000100000100010000101000000000000000001001100111100000000000000000000000000000000000110100000000011001111111000000000110000000000000000000100000000000000000001000000000000000000011 #
#30550
0!
#30560
1!
b000000000000000001111100001110100000000000000000100110011110000000001011111100000000001110000000000100000000000000000000000000000000000010001000001111110000000000000000000000100000100011001011111100000000001110000000000101101000000000000000000100000100010000101000000000000000001001100111100000000000000000000000000000000000110100000000011001111111000000000110000000000000000000100000000000000000001000000000000000000011 #
#30570
0!
#30580
1!
b000000000000000001111100001110100000000000000000100110011110000000001111001000001111110100011111110000000000000000000000000000000000000010001100010011110000000000000000000000000000000000001111001000001111110100011111110000001000000000000000000100000100011000101000000000000000001001100111100000000000000000000000000000000000110100000000011001111111000000000110000000000000000000100000000000000000001000000000000000000011 #
#30590
0!
#30600
1!
b000000000000000001111100001110100000000000000000100110011110000000001111001000001111110100011111110000000000000000000000000000000000000010001100001111110000000000000000000000100000100100001111001000001111110100011111110001101000000000000000000100000100011000101000000000000000001001100111100000000000000000000000000000000000110100000000011001111111000000000110000000000000000000100000000000000000001000000000000000000011 #
#30610
0!
#30620
1!
b000000000000000001111100001110100000000000000000100110011110000000001111011111111110010100001110100000000000000000000000000000000000000010010000010011110000000000000000000000000000000000001111011111111110010100001110100000001000000000000000000100000100100000101000000000000000001001100111100000000000000000000000000000000000110100000000011001111111000000000110000000000000000000100000000000000000001000000000000000000011 #
#30630
0!
#30640
1!
b000000000000000001111100001110100000000000000000100110011110000000001111011111111110010100001110100000000000000000000000000000000000000010010000001111110000000000000000000000100000100010001111011111111110010100001110100001101000000000000000000100000100100000101000000000000000001001100111100000000000000000000000000000000000110100000000011001111111000000000110000000000000000000100000000000000000001000000000000000000011 #
#30650
0!
#30660
1!
b000000000000000001111100001110100000000000000000100110011110000000001011111100000000001110000000000100000000000000000000000000000000000010001000010011110000000000000000000000000000000000001011111100000000001110000000000100001000000000000000000100000100010000101000000000000000001001100111100000000000000000000000000000000000110100000000011001111111000000000110000000000000000000100000000000000000001000000000000000000011 #
#30670
0!
#30680
1!
b000000000000000001111100001110100000000000000000100110011110000000001011111100000000001110000000000100000000000000000000000000000000000010001000001111110000000000000000000000100000100011001011111100000000001110000000000101101000000000000000000100000100010000101000000000000000001001100111100000000000000000000000000000000000110100000000011001111111000000000110000000000000000000100000000000000000001000000000000000000011 #
#30690
0!
#30700
1!
b000000000000000001111100001110100000000000000000100110011110000000001111001000001111110100011111110000000000000000000000000000000000000010001100010011110000000000000000000000000000000000001111001000001111110100011111110000001000000000000000000100000100011000101000000000000000001001100111100000000000000000000000000000000000110100000000011001111111000000000110000000000000000000100000000000000000001000000000000000000011 #
#30710
0!
#30720
1!
b000000000000000001111100001110100000000000000000100110011110000000001111001000001111110100011111110000000000000000000000000000000000000010001100001111110000000000000000000000100000100100001111001000001111110100011111110001101000000000000000000100000100011000101000000000000000001001100111100000000000000000000000000000000000110100000000011001111111000000000110000000000000000000100000000000000000001000000000000000000011 #
#30730
0!
#30740
1!
b000000000000000001111100001110100000000000000000100110011110000000001111011111111110010100001110100000000000000000000000000000000000000010010000010011110000000000000000000000000000000000001111011111111110010100001110100000001000000000000000000100000100100000101000000000000000001001100111100000000000000000000000000000000000110100000000011001111111000000000110000000000000000000100000000000000000001000000000000000000011 #
#30750
0!
#30760
1!
b000000000000000001111100001110100000000000000000100110011110000000001111011111111110010100001110100000000000000000000000000000000000000010010000001111110000000000000000000000100000100010001111011111111110010100001110100001101000000000000000000100000100100000101000000000000000001001100111100000000000000000000000000000000000110100000000011001111111000000000110000000000000000000100000000000000000001000000000000000000011 #
#30770
0!
#30780
1!
b000000000000000001111100001110100000000000000000100110011110000000001011111100000000001110000000000100000000000000000000000000000000000010001000010011110000000000000000000000000000000000001011111100000000001110000000000100001000000000000000000100000100010000101000000000000000001001100111100000000000000000000000000000000000110100000000011001111111000000000110000000000000000000100000000000000000001000000000000000000011 #
#30790
0!
#30800
1!
b000000000000000001111100001110100000000000000000100110011110000000001011111100000000001110000000000100000000000000000000000000000000000010001000001111110000000000000000000000100000100011001011111100000000001110000000000101101000000000000000000100000100010000101000000000000000001001100111100000000000000000000000000000000000110100000000011001111111000000000110000000000000000000100000000000000000001000000000000000000011 #
#30810
0!
#30820
1!
b000000000000000001111100001110100000000000000000100110011110000000001111001000001111110100011111110000000000000000000000000000000000000010001100010011110000000000000000000000000000000000001111001000001111110100011111110000001000000000000000000100000100011000101000000000000000001001100111100000000000000000000000000000000000110100000000011001111111000000000110000000000000000000100000000000000000001000000000000000000011 #
#30830
0!
#30840
1!
b000000000000000001111100001110100000000000000000100110011110000000001111001000001111110100011111110000000000000000000000000000000000000010001100001111110000000000000000000000100000100100001111001000001111110100011111110001101000000000000000000100000100011000101000000000000000001001100111100000000000000000000000000000000000110100000000011001111111000000000110000000000000000000100000000000000000001000000000000000000011 #
#30850
0!
#30860
1!
b000000000000000001111100001110100000000000000000100110011110000000001111011111111110010100001110100000000000000000000000000000000000000010010000010011110000000000000000000000000000000000001111011111111110010100001110100000001000000000000000000100000100100000101000000000000000001001100111100000000000000000000000000000000000110100000000011001111111000000000110000000000000000000100000000000000000001000000000000000000011 #
#30870
0!
#30880
1!
b000000000000000001111100001110100000000000000000100110011110000000001111011111111110010100001110100000000000000000000000000000000000000010010000001111110000000000000000000000100000100010001111011111111110010100001110100001101000000000000000000100000100100000101000000000000000001001100111100000000000000000000000000000000000110100000000011001111111000000000110000000000000000000100000000000000000001000000000000000000011 #
#30890
0!
#30900
1!
b000000000000000001111100001110100000000000000000100110011110000000001011111100000000001110000000000100000000000000000000000000000000000010001000010011110000000000000000000000000000000000001011111100000000001110000000000100001000000000000000000100000100010000101000000000000000001001100111100000000000000000000000000000000000110100000000011001111111000000000110000000000000000000100000000000000000001000000000000000000011 #
#30910
0!
#30920
1!
b000000000000000001111100001110100000000000000000100110011110000000001011111100000000001110000000000100000000000000000000000000000000000010001000001111110000000000000000000000100000100011001011111100000000001110000000000101101000000000000000000100000100010000101000000000000000001001100111100000000000000000000000000000000000110100000000011001111111000000000110000000000000000000100000000000000000001000000000000000000011 #
#30930
0!
#30940
1!
b000000000000000001111100001110100000000000000000100110011110000000001111001000001111110100011111110000000000000000000000000000000000000010001100010011110000000000000000000000000000000000001111001000001111110100011111110000001000000000000000000100000100011000101000000000000000001001100111100000000000000000000000000000000000110100000000011001111111000000000110000000000000000000100000000000000000001000000000000000000011 #
#30950
0!
#30960
1!
b000000000000000001111100001110100000000000000000100110011110000000001111001000001111110100011111110000000000000000000000000000000000000010001100001111110000000000000000000000100000100100001111001000001111110100011111110001101000000000000000000100000100011000101000000000000000001001100111100000000000000000000000000000000000110100000000011001111111000000000110000000000000000000100000000000000000001000000000000000000011 #
#30970
0!
#30980
1!
b000000000000000001111100001110100000000000000000100110011110000000001111011111111110010100001110100000000000000000000000000000000000000010010000010011110000000000000000000000000000000000001111011111111110010100001110100000001000000000000000000100000100100000101000000000000000001001100111100000000000000000000000000000000000110100000000011001111111000000000110000000000000000000100000000000000000001000000000000000000011 #
#30990
0!
#31000
1!
b000000000000000001111100001110100000000000000000100110011110000000001111011111111110010100001110100000000000000000000000000000000000000010010000001111110000000000000000000000100000100010001111011111111110010100001110100001101000000000000000000100000100100000101000000000000000001001100111100000000000000000000000000000000000110100000000011001111111000000000110000000000000000000100000000000000000001000000000000000000011 #
#31010
0!
#31020
1!
b000000000000000001111100001110100000000000000000100110011110000000001011111100000000001110000000000100000000000000000000000000000000000010001000010011110000000000000000000000000000000000001011111100000000001110000000000100001000000000000000000100000100010000101000000000000000001001100111100000000000000000000000000000000000110100000000011001111111000000000110000000000000000000100000000000000000001000000000000000000011 #
#31030
0!
#31040
1!
b000000000000000001111100001110100000000000000000100110011110000000001011111100000000001110000000000100000000000000000000000000000000000010001000001111110000000000000000000000100000100011001011111100000000001110000000000101101000000000000000000100000100010000101000000000000000001001100111100000000000000000000000000000000000110100000000011001111111000000000110000000000000000000100000000000000000001000000000000000000011 #
#31050
0!
#31060
1!
b000000000000000001111100001110100000000000000000100110011110000000001111001000001111110100011111110000000000000000000000000000000000000010001100010011110000000000000000000000000000000000001111001000001111110100011111110000001000000000000000000100000100011000101000000000000000001001100111100000000000000000000000000000000000110100000000011001111111000000000110000000000000000000100000000000000000001000000000000000000011 #
#31070
0!
#31080
1!
b000000000000000001111100001110100000000000000000100110011110000000001111001000001111110100011111110000000000000000000000000000000000000010001100001111110000000000000000000000100000100100001111001000001111110100011111110001101000000000000000000100000100011000101000000000000000001001100111100000000000000000000000000000000000110100000000011001111111000000000110000000000000000000100000000000000000001000000000000000000011 #
#31090
0!
#31100
1!
b000000000000000001111100001110100000000000000000100110011110000000001111011111111110010100001110100000000000000000000000000000000000000010010000010011110000000000000000000000000000000000001111011111111110010100001110100000001000000000000000000100000100100000101000000000000000001001100111100000000000000000000000000000000000110100000000011001111111000000000110000000000000000000100000000000000000001000000000000000000011 #
#31110
0!
#31120
1!
b000000000000000001111100001110100000000000000000100110011110000000001111011111111110010100001110100000000000000000000000000000000000000010010000001111110000000000000000000000100000100010001111011111111110010100001110100001101000000000000000000100000100100000101000000000000000001001100111100000000000000000000000000000000000110100000000011001111111000000000110000000000000000000100000000000000000001000000000000000000011 #
#31130
0!
#31140
1!
b000000000000000001111100001110100000000000000000100110011110000000001011111100000000001110000000000100000000000000000000000000000000000010001000010011110000000000000000000000000000000000001011111100000000001110000000000100001000000000000000000100000100010000101000000000000000001001100111100000000000000000000000000000000000110100000000011001111111000000000110000000000000000000100000000000000000001000000000000000000011 #
#31150
0!
#31160
1!
b000000000000000001111100001110100000000000000000100110011110000000001011111100000000001110000000000100000000000000000000000000000000000010001000001111110000000000000000000000100000100011001011111100000000001110000000000101101000000000000000000100000100010000101000000000000000001001100111100000000000000000000000000000000000110100000000011001111111000000000110000000000000000000100000000000000000001000000000000000000011 #
#31170
0!
#31180
1!
b000000000000000001111100001110100000000000000000100110011110000000001111001000001111110100011111110000000000000000000000000000000000000010001100010011110000000000000000000000000000000000001111001000001111110100011111110000001000000000000000000100000100011000101000000000000000001001100111100000000000000000000000000000000000110100000000011001111111000000000110000000000000000000100000000000000000001000000000000000000011 #
#31190
0!
#31200
1!
b000000000000000001111100001110100000000000000000100110011110000000001111001000001111110100011111110000000000000000000000000000000000000010001100001111110000000000000000000000100000100100001111001000001111110100011111110001101000000000000000000100000100011000101000000000000000001001100111100000000000000000000000000000000000110100000000011001111111000000000110000000000000000000100000000000000000001000000000000000000011 #
#31210
0!
#31220
1!
b000000000000000001111100001110100000000000000000100110011110000000001111011111111110010100001110100000000000000000000000000000000000000010010000010011110000000000000000000000000000000000001111011111111110010100001110100000001000000000000000000100000100100000101000000000000000001001100111100000000000000000000000000000000000110100000000011001111111000000000110000000000000000000100000000000000000001000000000000000000011 #
#31230
0!
#31240
1!
b000000000000000001111100001110100000000000000000100110011110000000001111011111111110010100001110100000000000000000000000000000000000000010010000001111110000000000000000000000100000100010001111011111111110010100001110100001101000000000000000000100000100100000101000000000000000001001100111100000000000000000000000000000000000110100000000011001111111000000000110000000000000000000100000000000000000001000000000000000000011 #
#31250
0!
#31260
1!
b000000000000000001111100001110100000000000000000100110011110000000001011111100000000001110000000000100000000000000000000000000000000000010001000010011110000000000000000000000000000000000001011111100000000001110000000000100001000000000000000000100000100010000101000000000000000001001100111100000000000000000000000000000000000110100000000011001111111000000000110000000000000000000100000000000000000001000000000000000000011 #
#31270
0!
#31280
1!
b000000000000000001111100001110100000000000000000100110011110000000001011111100000000001110000000000100000000000000000000000000000000000010001000001111110000000000000000000000100000100011001011111100000000001110000000000101101000000000000000000100000100010000101000000000000000001001100111100000000000000000000000000000000000110100000000011001111111000000000110000000000000000000100000000000000000001000000000000000000011 #
#31290
0!
#31300
1!
b000000000000000001111100001110100000000000000000100110011110000000001111001000001111110100011111110000000000000000000000000000000000000010001100010011110000000000000000000000000000000000001111001000001111110100011111110000001000000000000000000100000100011000101000000000000000001001100111100000000000000000000000000000000000110100000000011001111111000000000110000000000000000000100000000000000000001000000000000000000011 #
#31310
0!
#31320
1!
b000000000000000001111100001110100000000000000000100110011110000000001111001000001111110100011111110000000000000000000000000000000000000010001100001111110000000000000000000000100000100100001111001000001111110100011111110001101000000000000000000100000100011000101000000000000000001001100111100000000000000000000000000000000000110100000000011001111111000000000110000000000000000000100000000000000000001000000000000000000011 #
#31330
0!
#31340
1!
b000000000000000001111100001110100000000000000000100110011110000000001111011111111110010100001110100000000000000000000000000000000000000010010000010011110000000000000000000000000000000000001111011111111110010100001110100000001000000000000000000100000100100000101000000000000000001001100111100000000000000000000000000000000000110100000000011001111111000000000110000000000000000000100000000000000000001000000000000000000011 #
#31350
0!
#31360
1!
b000000000000000001111100001110100000000000000000100110011110000000001111011111111110010100001110100000000000000000000000000000000000000010010000001111110000000000000000000000100000100010001111011111111110010100001110100001101000000000000000000100000100100000101000000000000000001001100111100000000000000000000000000000000000110100000000011001111111000000000110000000000000000000100000000000000000001000000000000000000011 #
#31370
0!
#31380
1!
b000000000000000001111100001110100000000000000000100110011110000000001011111100000000001110000000000100000000000000000000000000000000000010001000010011110000000000000000000000000000000000001011111100000000001110000000000100001000000000000000000100000100010000101000000000000000001001100111100000000000000000000000000000000000110100000000011001111111000000000110000000000000000000100000000000000000001000000000000000000011 #
#31390
0!
#31400
1!
b000000000000000001111100001110100000000000000000100110011110000000001011111100000000001110000000000100000000000000000000000000000000000010001000001111110000000000000000000000100000100011001011111100000000001110000000000101101000000000000000000100000100010000101000000000000000001001100111100000000000000000000000000000000000110100000000011001111111000000000110000000000000000000100000000000000000001000000000000000000011 #
#31410
0!
#31420
1!
b000000000000000001111100001110100000000000000000100110011110000000001111001000001111110100011111110000000000000000000000000000000000000010001100010011110000000000000000000000000000000000001111001000001111110100011111110000001000000000000000000100000100011000101000000000000000001001100111100000000000000000000000000000000000110100000000011001111111000000000110000000000000000000100000000000000000001000000000000000000011 #
#31430
0!
#31440
1!
b000000000000000001111100001110100000000000000000100110011110000000001111001000001111110100011111110000000000000000000000000000000000000010001100001111110000000000000000000000100000100100001111001000001111110100011111110001101000000000000000000100000100011000101000000000000000001001100111100000000000000000000000000000000000110100000000011001111111000000000110000000000000000000100000000000000000001000000000000000000011 #
#31450
0!
#31460
1!
b000000000000000001111100001110100000000000000000100110011110000000001111011111111110010100001110100000000000000000000000000000000000000010010000010011110000000000000000000000000000000000001111011111111110010100001110100000001000000000000000000100000100100000101000000000000000001001100111100000000000000000000000000000000000110100000000011001111111000000000110000000000000000000100000000000000000001000000000000000000011 #
#31470
0!
#31480
1!
b000000000000000001111100001110100000000000000000100110011110000000001111011111111110010100001110100000000000000000000000000000000000000010010000001111110000000000000000000000100000100010001111011111111110010100001110100001101000000000000000000100000100100000101000000000000000001001100111100000000000000000000000000000000000110100000000011001111111000000000110000000000000000000100000000000000000001000000000000000000011 #
#31490
0!
#31500
1!
b000000000000000001111100001110100000000000000000100110011110000000001011111100000000001110000000000100000000000000000000000000000000000010001000010011110000000000000000000000000000000000001011111100000000001110000000000100001000000000000000000100000100010000101000000000000000001001100111100000000000000000000000000000000000110100000000011001111111000000000110000000000000000000100000000000000000001000000000000000000011 #
#31510
0!
#31520
1!
b000000000000000001111100001110100000000000000000100110011110000000001011111100000000001110000000000100000000000000000000000000000000000010001000001111110000000000000000000000100000100011001011111100000000001110000000000101101000000000000000000100000100010000101000000000000000001001100111100000000000000000000000000000000000110100000000011001111111000000000110000000000000000000100000000000000000001000000000000000000011 #
#31530
0!
#31540
1!
b000000000000000001111100001110100000000000000000100110011110000000001111001000001111110100011111110000000000000000000000000000000000000010001100010011110000000000000000000000000000000000001111001000001111110100011111110000001000000000000000000100000100011000101000000000000000001001100111100000000000000000000000000000000000110100000000011001111111000000000110000000000000000000100000000000000000001000000000000000000011 #
#31550
0!
#31560
1!
b000000000000000001111100001110100000000000000000100110011110000000001111001000001111110100011111110000000000000000000000000000000000000010001100001111110000000000000000000000100000100100001111001000001111110100011111110001101000000000000000000100000100011000101000000000000000001001100111100000000000000000000000000000000000110100000000011001111111000000000110000000000000000000100000000000000000001000000000000000000011 #
#31570
0!
#31580
1!
b000000000000000001111100001110100000000000000000100110011110000000001111011111111110010100001110100000000000000000000000000000000000000010010000010011110000000000000000000000000000000000001111011111111110010100001110100000001000000000000000000100000100100000101000000000000000001001100111100000000000000000000000000000000000110100000000011001111111000000000110000000000000000000100000000000000000001000000000000000000011 #
#31590
0!
#31600
1!
b000000000000000001111100001110100000000000000000100110011110000000001111011111111110010100001110100000000000000000000000000000000000000010010000001111110000000000000000000000100000100010001111011111111110010100001110100001101000000000000000000100000100100000101000000000000000001001100111100000000000000000000000000000000000110100000000011001111111000000000110000000000000000000100000000000000000001000000000000000000011 #
#31610
0!
#31620
1!
b000000000000000001111100001110100000000000000000100110011110000000001011111100000000001110000000000100000000000000000000000000000000000010001000010011110000000000000000000000000000000000001011111100000000001110000000000100001000000000000000000100000100010000101000000000000000001001100111100000000000000000000000000000000000110100000000011001111111000000000110000000000000000000100000000000000000001000000000000000000011 #
#31630
0!
#31640
1!
b000000000000000001111100001110100000000000000000100110011110000000001011111100000000001110000000000100000000000000000000000000000000000010001000001111110000000000000000000000100000100011001011111100000000001110000000000101101000000000000000000100000100010000101000000000000000001001100111100000000000000000000000000000000000110100000000011001111111000000000110000000000000000000100000000000000000001000000000000000000011 #
#31650
0!
#31660
1!
b000000000000000001111100001110100000000000000000100110011110000000001111001000001111110100011111110000000000000000000000000000000000000010001100010011110000000000000000000000000000000000001111001000001111110100011111110000001000000000000000000100000100011000101000000000000000001001100111100000000000000000000000000000000000110100000000011001111111000000000110000000000000000000100000000000000000001000000000000000000011 #
#31670
0!
#31680
1!
b000000000000000001111100001110100000000000000000100110011110000000001111001000001111110100011111110000000000000000000000000000000000000010001100001111110000000000000000000000100000100100001111001000001111110100011111110001101000000000000000000100000100011000101000000000000000001001100111100000000000000000000000000000000000110100000000011001111111000000000110000000000000000000100000000000000000001000000000000000000011 #
#31690
0!
#31700
1!
b000000000000000001111100001110100000000000000000100110011110000000001111011111111110010100001110100000000000000000000000000000000000000010010000010011110000000000000000000000000000000000001111011111111110010100001110100000001000000000000000000100000100100000101000000000000000001001100111100000000000000000000000000000000000110100000000011001111111000000000110000000000000000000100000000000000000001000000000000000000011 #
#31710
0!
#31720
1!
b000000000000000001111100001110100000000000000000100110011110000000001111011111111110010100001110100000000000000000000000000000000000000010010000001111110000000000000000000000100000100010001111011111111110010100001110100001101000000000000000000100000100100000101000000000000000001001100111100000000000000000000000000000000000110100000000011001111111000000000110000000000000000000100000000000000000001000000000000000000011 #
#31730
0!
#31740
1!
b000000000000000001111100001110100000000000000000100110011110000000001011111100000000001110000000000100000000000000000000000000000000000010001000010011110000000000000000000000000000000000001011111100000000001110000000000100001000000000000000000100000100010000101000000000000000001001100111100000000000000000000000000000000000110100000000011001111111000000000110000000000000000000100000000000000000001000000000000000000011 #
#31750
0!
#31760
1!
b000000000000000001111100001110100000000000000000100110011110000000001011111100000000001110000000000100000000000000000000000000000000000010001000001111110000000000000000000000100000100011001011111100000000001110000000000101101000000000000000000100000100010000101000000000000000001001100111100000000000000000000000000000000000110100000000011001111111000000000110000000000000000000100000000000000000001000000000000000000011 #
#31770
0!
#31780
1!
b000000000000000001111100001110100000000000000000100110011110000000001111001000001111110100011111110000000000000000000000000000000000000010001100010011110000000000000000000000000000000000001111001000001111110100011111110000001000000000000000000100000100011000101000000000000000001001100111100000000000000000000000000000000000110100000000011001111111000000000110000000000000000000100000000000000000001000000000000000000011 #
#31790
0!
#31800
1!
b000000000000000001111100001110100000000000000000100110011110000000001111001000001111110100011111110000000000000000000000000000000000000010001100001111110000000000000000000000100000100100001111001000001111110100011111110001101000000000000000000100000100011000101000000000000000001001100111100000000000000000000000000000000000110100000000011001111111000000000110000000000000000000100000000000000000001000000000000000000011 #
#31810
0!
#31820
1!
b000000000000000001111100001110100000000000000000100110011110000000001111011111111110010100001110100000000000000000000000000000000000000010010000010011110000000000000000000000000000000000001111011111111110010100001110100000001000000000000000000100000100100000101000000000000000001001100111100000000000000000000000000000000000110100000000011001111111000000000110000000000000000000100000000000000000001000000000000000000011 #
#31830
0!
#31840
1!
b000000000000000001111100001110100000000000000000100110011110000000001111011111111110010100001110100000000000000000000000000000000000000010010000001111110000000000000000000000100000100010001111011111111110010100001110100001101000000000000000000100000100100000101000000000000000001001100111100000000000000000000000000000000000110100000000011001111111000000000110000000000000000000100000000000000000001000000000000000000011 #
#31850
0!
#31860
1!
b000000000000000001111100001110100000000000000000100110011110000000001011111100000000001110000000000100000000000000000000000000000000000010001000010011110000000000000000000000000000000000001011111100000000001110000000000100001000000000000000000100000100010000101000000000000000001001100111100000000000000000000000000000000000110100000000011001111111000000000110000000000000000000100000000000000000001000000000000000000011 #
#31870
0!
#31880
1!
b000000000000000001111100001110100000000000000000100110011110000000001011111100000000001110000000000100000000000000000000000000000000000010001000001111110000000000000000000000100000100011001011111100000000001110000000000101101000000000000000000100000100010000101000000000000000001001100111100000000000000000000000000000000000110100000000011001111111000000000110000000000000000000100000000000000000001000000000000000000011 #
#31890
0!
#31900
1!
b000000000000000001111100001110100000000000000000100110011110000000001111001000001111110100011111110000000000000000000000000000000000000010001100010011110000000000000000000000000000000000001111001000001111110100011111110000001000000000000000000100000100011000101000000000000000001001100111100000000000000000000000000000000000110100000000011001111111000000000110000000000000000000100000000000000000001000000000000000000011 #
#31910
0!
#31920
1!
b000000000000000001111100001110100000000000000000100110011110000000001111001000001111110100011111110000000000000000000000000000000000000010001100001111110000000000000000000000100000100100001111001000001111110100011111110001101000000000000000000100000100011000101000000000000000001001100111100000000000000000000000000000000000110100000000011001111111000000000110000000000000000000100000000000000000001000000000000000000011 #
#31930
0!
#31940
1!
b000000000000000001111100001110100000000000000000100110011110000000001111011111111110010100001110100000000000000000000000000000000000000010010000010011110000000000000000000000000000000000001111011111111110010100001110100000001000000000000000000100000100100000101000000000000000001001100111100000000000000000000000000000000000110100000000011001111111000000000110000000000000000000100000000000000000001000000000000000000011 #
#31950
0!
#31960
1!
b000000000000000001111100001110100000000000000000100110011110000000001111011111111110010100001110100000000000000000000000000000000000000010010000001111110000000000000000000000100000100010001111011111111110010100001110100001101000000000000000000100000100100000101000000000000000001001100111100000000000000000000000000000000000110100000000011001111111000000000110000000000000000000100000000000000000001000000000000000000011 #
#31970
0!
#31980
1!
b000000000000000001111100001110100000000000000000100110011110000000001011111100000000001110000000000100000000000000000000000000000000000010001000010011110000000000000000000000000000000000001011111100000000001110000000000100001000000000000000000100000100010000101000000000000000001001100111100000000000000000000000000000000000110100000000011001111111000000000110000000000000000000100000000000000000001000000000000000000011 #
#31990
0!
#32000
1!
b000000000000000001111100001110100000000000000000100110011110000000001011111100000000001110000000000100000000000000000000000000000000000010001000001111110000000000000000000000100000100011001011111100000000001110000000000101101000000000000000000100000100010000101000000000000000001001100111100000000000000000000000000000000000110100000000011001111111000000000110000000000000000000100000000000000000001000000000000000000011 #
#32010
0!
#32020
1!
b000000000000000001111100001110100000000000000000100110011110000000001111001000001111110100011111110000000000000000000000000000000000000010001100010011110000000000000000000000000000000000001111001000001111110100011111110000001000000000000000000100000100011000101000000000000000001001100111100000000000000000000000000000000000110100000000011001111111000000000110000000000000000000100000000000000000001000000000000000000011 #
#32030
0!
#32040
1!
b000000000000000001111100001110100000000000000000100110011110000000001111001000001111110100011111110000000000000000000000000000000000000010001100001111110000000000000000000000100000100100001111001000001111110100011111110001101000000000000000000100000100011000101000000000000000001001100111100000000000000000000000000000000000110100000000011001111111000000000110000000000000000000100000000000000000001000000000000000000011 #
#32050
0!
#32060
1!
b000000000000000001111100001110100000000000000000100110011110000000001111011111111110010100001110100000000000000000000000000000000000000010010000010011110000000000000000000000000000000000001111011111111110010100001110100000001000000000000000000100000100100000101000000000000000001001100111100000000000000000000000000000000000110100000000011001111111000000000110000000000000000000100000000000000000001000000000000000000011 #
#32070
0!
#32080
1!
b000000000000000001111100001110100000000000000000100110011110000000001111011111111110010100001110100000000000000000000000000000000000000010010000001111110000000000000000000000100000100010001111011111111110010100001110100001101000000000000000000100000100100000101000000000000000001001100111100000000000000000000000000000000000110100000000011001111111000000000110000000000000000000100000000000000000001000000000000000000011 #
#32090
0!
#32100
1!
b000000000000000001111100001110100000000000000000100110011110000000001011111100000000001110000000000100000000000000000000000000000000000010001000010011110000000000000000000000000000000000001011111100000000001110000000000100001000000000000000000100000100010000101000000000000000001001100111100000000000000000000000000000000000110100000000011001111111000000000110000000000000000000100000000000000000001000000000000000000011 #
#32110
0!
#32120
1!
b000000000000000001111100001110100000000000000000100110011110000000001011111100000000001110000000000100000000000000000000000000000000000010001000001111110000000000000000000000100000100011001011111100000000001110000000000101101000000000000000000100000100010000101000000000000000001001100111100000000000000000000000000000000000110100000000011001111111000000000110000000000000000000100000000000000000001000000000000000000011 #
#32130
0!
#32140
1!
b000000000000000001111100001110100000000000000000100110011110000000001111001000001111110100011111110000000000000000000000000000000000000010001100010011110000000000000000000000000000000000001111001000001111110100011111110000001000000000000000000100000100011000101000000000000000001001100111100000000000000000000000000000000000110100000000011001111111000000000110000000000000000000100000000000000000001000000000000000000011 #
#32150
0!
#32160
1!
b000000000000000001111100001110100000000000000000100110011110000000001111001000001111110100011111110000000000000000000000000000000000000010001100001111110000000000000000000000100000100100001111001000001111110100011111110001101000000000000000000100000100011000101000000000000000001001100111100000000000000000000000000000000000110100000000011001111111000000000110000000000000000000100000000000000000001000000000000000000011 #
#32170
0!
#32180
1!
b000000000000000001111100001110100000000000000000100110011110000000001111011111111110010100001110100000000000000000000000000000000000000010010000010011110000000000000000000000000000000000001111011111111110010100001110100000001000000000000000000100000100100000101000000000000000001001100111100000000000000000000000000000000000110100000000011001111111000000000110000000000000000000100000000000000000001000000000000000000011 #
#32190
0!
#32200
1!
b000000000000000001111100001110100000000000000000100110011110000000001111011111111110010100001110100000000000000000000000000000000000000010010000001111110000000000000000000000100000100010001111011111111110010100001110100001101000000000000000000100000100100000101000000000000000001001100111100000000000000000000000000000000000110100000000011001111111000000000110000000000000000000100000000000000000001000000000000000000011 #
#32210
0!
#32220
1!
b000000000000000001111100001110100000000000000000100110011110000000001011111100000000001110000000000100000000000000000000000000000000000010001000010011110000000000000000000000000000000000001011111100000000001110000000000100001000000000000000000100000100010000101000000000000000001001100111100000000000000000000000000000000000110100000000011001111111000000000110000000000000000000100000000000000000001000000000000000000011 #
#32230
0!
#32240
1!
b000000000000000001111100001110100000000000000000100110011110000000001011111100000000001110000000000100000000000000000000000000000000000010001000001111110000000000000000000000100000100011001011111100000000001110000000000101101000000000000000000100000100010000101000000000000000001001100111100000000000000000000000000000000000110100000000011001111111000000000110000000000000000000100000000000000000001000000000000000000011 #
#32250
0!
#32260
1!
b000000000000000001111100001110100000000000000000100110011110000000001111001000001111110100011111110000000000000000000000000000000000000010001100010011110000000000000000000000000000000000001111001000001111110100011111110000001000000000000000000100000100011000101000000000000000001001100111100000000000000000000000000000000000110100000000011001111111000000000110000000000000000000100000000000000000001000000000000000000011 #
#32270
0!
#32280
1!
b000000000000000001111100001110100000000000000000100110011110000000001111001000001111110100011111110000000000000000000000000000000000000010001100001111110000000000000000000000100000100100001111001000001111110100011111110001101000000000000000000100000100011000101000000000000000001001100111100000000000000000000000000000000000110100000000011001111111000000000110000000000000000000100000000000000000001000000000000000000011 #
#32290
0!
#32300
1!
b000000000000000001111100001110100000000000000000100110011110000000001111011111111110010100001110100000000000000000000000000000000000000010010000010011110000000000000000000000000000000000001111011111111110010100001110100000001000000000000000000100000100100000101000000000000000001001100111100000000000000000000000000000000000110100000000011001111111000000000110000000000000000000100000000000000000001000000000000000000011 #
#32310
0!
#32320
1!
b000000000000000001111100001110100000000000000000100110011110000000001111011111111110010100001110100000000000000000000000000000000000000010010000001111110000000000000000000000100000100010001111011111111110010100001110100001101000000000000000000100000100100000101000000000000000001001100111100000000000000000000000000000000000110100000000011001111111000000000110000000000000000000100000000000000000001000000000000000000011 #
#32330
0!
#32340
1!
b000000000000000001111100001110100000000000000000100110011110000000001011111100000000001110000000000100000000000000000000000000000000000010001000010011110000000000000000000000000000000000001011111100000000001110000000000100001000000000000000000100000100010000101000000000000000001001100111100000000000000000000000000000000000110100000000011001111111000000000110000000000000000000100000000000000000001000000000000000000011 #
#32350
0!
#32360
1!
b000000000000000001111100001110100000000000000000100110011110000000001011111100000000001110000000000100000000000000000000000000000000000010001000001111110000000000000000000000100000100011001011111100000000001110000000000101101000000000000000000100000100010000101000000000000000001001100111100000000000000000000000000000000000110100000000011001111111000000000110000000000000000000100000000000000000001000000000000000000011 #
#32370
0!
#32380
1!
b000000000000000001111100001110100000000000000000100110011110000000001111001000001111110100011111110000000000000000000000000000000000000010001100010011110000000000000000000000000000000000001111001000001111110100011111110000001000000000000000000100000100011000101000000000000000001001100111100000000000000000000000000000000000110100000000011001111111000000000110000000000000000000100000000000000000001000000000000000000011 #
#32390
0!
#32400
1!
b000000000000000001111100001110100000000000000000100110011110000000001111001000001111110100011111110000000000000000000000000000000000000010001100001111110000000000000000000000100000100100001111001000001111110100011111110001101000000000000000000100000100011000101000000000000000001001100111100000000000000000000000000000000000110100000000011001111111000000000110000000000000000000100000000000000000001000000000000000000011 #
#32410
0!
#32420
1!
b000000000000000001111100001110100000000000000000100110011110000000001111011111111110010100001110100000000000000000000000000000000000000010010000010011110000000000000000000000000000000000001111011111111110010100001110100000001000000000000000000100000100100000101000000000000000001001100111100000000000000000000000000000000000110100000000011001111111000000000110000000000000000000100000000000000000001000000000000000000011 #
#32430
0!
#32440
1!
b000000000000000001111100001110100000000000000000100110011110000000001111011111111110010100001110100000000000000000000000000000000000000010010000001111110000000000000000000000100000100010001111011111111110010100001110100001101000000000000000000100000100100000101000000000000000001001100111100000000000000000000000000000000000110100000000011001111111000000000110000000000000000000100000000000000000001000000000000000000011 #
#32450
0!
#32460
1!
b000000000000000001111100001110100000000000000000100110011110000000001011111100000000001110000000000100000000000000000000000000000000000010001000010011110000000000000000000000000000000000001011111100000000001110000000000100001000000000000000000100000100010000101000000000000000001001100111100000000000000000000000000000000000110100000000011001111111000000000110000000000000000000100000000000000000001000000000000000000011 #
#32470
0!
#32480
1!
b000000000000000001111100001110100000000000000000100110011110000000001011111100000000001110000000000100000000000000000000000000000000000010001000001111110000000000000000000000100000100011001011111100000000001110000000000101101000000000000000000100000100010000101000000000000000001001100111100000000000000000000000000000000000110100000000011001111111000000000110000000000000000000100000000000000000001000000000000000000011 #
#32490
0!
#32500
1!
b000000000000000001111100001110100000000000000000100110011110000000001111001000001111110100011111110000000000000000000000000000000000000010001100010011110000000000000000000000000000000000001111001000001111110100011111110000001000000000000000000100000100011000101000000000000000001001100111100000000000000000000000000000000000110100000000011001111111000000000110000000000000000000100000000000000000001000000000000000000011 #
#32510
0!
#32520
1!
b000000000000000001111100001110100000000000000000100110011110000000001111001000001111110100011111110000000000000000000000000000000000000010001100001111110000000000000000000000100000100100001111001000001111110100011111110001101000000000000000000100000100011000101000000000000000001001100111100000000000000000000000000000000000110100000000011001111111000000000110000000000000000000100000000000000000001000000000000000000011 #
#32530
0!
#32540
1!
b000000000000000001111100001110100000000000000000100110011110000000001111011111111110010100001110100000000000000000000000000000000000000010010000010011110000000000000000000000000000000000001111011111111110010100001110100000001000000000000000000100000100100000101000000000000000001001100111100000000000000000000000000000000000110100000000011001111111000000000110000000000000000000100000000000000000001000000000000000000011 #
#32550
0!
#32560
1!
b000000000000000001111100001110100000000000000000100110011110000000001111011111111110010100001110100000000000000000000000000000000000000010010000001111110000000000000000000000100000100010001111011111111110010100001110100001101000000000000000000100000100100000101000000000000000001001100111100000000000000000000000000000000000110100000000011001111111000000000110000000000000000000100000000000000000001000000000000000000011 #
#32570
0!
#32580
1!
b000000000000000001111100001110100000000000000000100110011110000000001011111100000000001110000000000100000000000000000000000000000000000010001000010011110000000000000000000000000000000000001011111100000000001110000000000100001000000000000000000100000100010000101000000000000000001001100111100000000000000000000000000000000000110100000000011001111111000000000110000000000000000000100000000000000000001000000000000000000011 #
#32590
0!
#32600
1!
b000000000000000001111100001110100000000000000000100110011110000000001011111100000000001110000000000100000000000000000000000000000000000010001000001111110000000000000000000000100000100011001011111100000000001110000000000101101000000000000000000100000100010000101000000000000000001001100111100000000000000000000000000000000000110100000000011001111111000000000110000000000000000000100000000000000000001000000000000000000011 #
#32610
0!
#32620
1!
b000000000000000001111100001110100000000000000000100110011110000000001111001000001111110100011111110000000000000000000000000000000000000010001100010011110000000000000000000000000000000000001111001000001111110100011111110000001000000000000000000100000100011000101000000000000000001001100111100000000000000000000000000000000000110100000000011001111111000000000110000000000000000000100000000000000000001000000000000000000011 #
#32630
0!
#32640
1!
b000000000000000001111100001110100000000000000000100110011110000000001111001000001111110100011111110000000000000000000000000000000000000010001100001111110000000000000000000000100000100100001111001000001111110100011111110001101000000000000000000100000100011000101000000000000000001001100111100000000000000000000000000000000000110100000000011001111111000000000110000000000000000000100000000000000000001000000000000000000011 #
#32650
0!
#32660
1!
b000000000000000001111100001110100000000000000000100110011110000000001111011111111110010100001110100000000000000000000000000000000000000010010000010011110000000000000000000000000000000000001111011111111110010100001110100000001000000000000000000100000100100000101000000000000000001001100111100000000000000000000000000000000000110100000000011001111111000000000110000000000000000000100000000000000000001000000000000000000011 #
#32670
0!
#32680
1!
b000000000000000001111100001110100000000000000000100110011110000000001111011111111110010100001110100000000000000000000000000000000000000010010000001111110000000000000000000000100000100010001111011111111110010100001110100001101000000000000000000100000100100000101000000000000000001001100111100000000000000000000000000000000000110100000000011001111111000000000110000000000000000000100000000000000000001000000000000000000011 #
#32690
0!
#32700
1!
b000000000000000001111100001110100000000000000000100110011110000000001011111100000000001110000000000100000000000000000000000000000000000010001000010011110000000000000000000000000000000000001011111100000000001110000000000100001000000000000000000100000100010000101000000000000000001001100111100000000000000000000000000000000000110100000000011001111111000000000110000000000000000000100000000000000000001000000000000000000011 #
#32710
0!
#32720
1!
b000000000000000001111100001110100000000000000000100110011110000000001011111100000000001110000000000100000000000000000000000000000000000010001000001111110000000000000000000000100000100011001011111100000000001110000000000101101000000000000000000100000100010000101000000000000000001001100111100000000000000000000000000000000000110100000000011001111111000000000110000000000000000000100000000000000000001000000000000000000011 #
#32730
0!
#32740
1!
b000000000000000001111100001110100000000000000000100110011110000000001111001000001111110100011111110000000000000000000000000000000000000010001100010011110000000000000000000000000000000000001111001000001111110100011111110000001000000000000000000100000100011000101000000000000000001001100111100000000000000000000000000000000000110100000000011001111111000000000110000000000000000000100000000000000000001000000000000000000011 #
#32750
0!
#32760
1!
b000000000000000001111100001110100000000000000000100110011110000000001111001000001111110100011111110000000000000000000000000000000000000010001100001111110000000000000000000000100000100100001111001000001111110100011111110001101000000000000000000100000100011000101000000000000000001001100111100000000000000000000000000000000000110100000000011001111111000000000110000000000000000000100000000000000000001000000000000000000011 #
#32770
0!
#32780
1!
b000000000000000001111100001110100000000000000000100110011110000000001111011111111110010100001110100000000000000000000000000000000000000010010000010011110000000000000000000000000000000000001111011111111110010100001110100000001000000000000000000100000100100000101000000000000000001001100111100000000000000000000000000000000000110100000000011001111111000000000110000000000000000000100000000000000000001000000000000000000011 #
#32790
0!
#32800
1!
b000000000000000001111100001110100000000000000000100110011110000000001111011111111110010100001110100000000000000000000000000000000000000010010000001111110000000000000000000000100000100010001111011111111110010100001110100001101000000000000000000100000100100000101000000000000000001001100111100000000000000000000000000000000000110100000000011001111111000000000110000000000000000000100000000000000000001000000000000000000011 #
#32810
0!
#32820
1!
b000000000000000001111100001110100000000000000000100110011110000000001011111100000000001110000000000100000000000000000000000000000000000010001000010011110000000000000000000000000000000000001011111100000000001110000000000100001000000000000000000100000100010000101000000000000000001001100111100000000000000000000000000000000000110100000000011001111111000000000110000000000000000000100000000000000000001000000000000000000011 #
#32830
0!
#32840
1!
b000000000000000001111100001110100000000000000000100110011110000000001011111100000000001110000000000100000000000000000000000000000000000010001000001111110000000000000000000000100000100011001011111100000000001110000000000101101000000000000000000100000100010000101000000000000000001001100111100000000000000000000000000000000000110100000000011001111111000000000110000000000000000000100000000000000000001000000000000000000011 #
#32850
0!
#32860
1!
b000000000000000001111100001110100000000000000000100110011110000000001111001000001111110100011111110000000000000000000000000000000000000010001100010011110000000000000000000000000000000000001111001000001111110100011111110000001000000000000000000100000100011000101000000000000000001001100111100000000000000000000000000000000000110100000000011001111111000000000110000000000000000000100000000000000000001000000000000000000011 #
#32870
0!
#32880
1!
b000000000000000001111100001110100000000000000000100110011110000000001111001000001111110100011111110000000000000000000000000000000000000010001100001111110000000000000000000000100000100100001111001000001111110100011111110001101000000000000000000100000100011000101000000000000000001001100111100000000000000000000000000000000000110100000000011001111111000000000110000000000000000000100000000000000000001000000000000000000011 #
#32890
0!
#32900
1!
b000000000000000001111100001110100000000000000000100110011110000000001111011111111110010100001110100000000000000000000000000000000000000010010000010011110000000000000000000000000000000000001111011111111110010100001110100000001000000000000000000100000100100000101000000000000000001001100111100000000000000000000000000000000000110100000000011001111111000000000110000000000000000000100000000000000000001000000000000000000011 #
#32910
0!
#32920
1!
b000000000000000001111100001110100000000000000000100110011110000000001111011111111110010100001110100000000000000000000000000000000000000010010000001111110000000000000000000000100000100010001111011111111110010100001110100001101000000000000000000100000100100000101000000000000000001001100111100000000000000000000000000000000000110100000000011001111111000000000110000000000000000000100000000000000000001000000000000000000011 #
#32930
0!
#32940
1!
b000000000000000001111100001110100000000000000000100110011110000000001011111100000000001110000000000100000000000000000000000000000000000010001000010011110000000000000000000000000000000000001011111100000000001110000000000100001000000000000000000100000100010000101000000000000000001001100111100000000000000000000000000000000000110100000000011001111111000000000110000000000000000000100000000000000000001000000000000000000011 #
#32950
0!
#32960
1!
b000000000000000001111100001110100000000000000000100110011110000000001011111100000000001110000000000100000000000000000000000000000000000010001000001111110000000000000000000000100000100011001011111100000000001110000000000101101000000000000000000100000100010000101000000000000000001001100111100000000000000000000000000000000000110100000000011001111111000000000110000000000000000000100000000000000000001000000000000000000011 #
#32970
0!
#32980
1!
b000000000000000001111100001110100000000000000000100110011110000000001111001000001111110100011111110000000000000000000000000000000000000010001100010011110000000000000000000000000000000000001111001000001111110100011111110000001000000000000000000100000100011000101000000000000000001001100111100000000000000000000000000000000000110100000000011001111111000000000110000000000000000000100000000000000000001000000000000000000011 #
#32990
0!
#33000
1!
b000000000000000001111100001110100000000000000000100110011110000000001111001000001111110100011111110000000000000000000000000000000000000010001100001111110000000000000000000000100000100100001111001000001111110100011111110001101000000000000000000100000100011000101000000000000000001001100111100000000000000000000000000000000000110100000000011001111111000000000110000000000000000000100000000000000000001000000000000000000011 #
#33010
0!
#33020
1!
b000000000000000001111100001110100000000000000000100110011110000000001111011111111110010100001110100000000000000000000000000000000000000010010000010011110000000000000000000000000000000000001111011111111110010100001110100000001000000000000000000100000100100000101000000000000000001001100111100000000000000000000000000000000000110100000000011001111111000000000110000000000000000000100000000000000000001000000000000000000011 #
#33030
0!
#33040
1!
b000000000000000001111100001110100000000000000000100110011110000000001111011111111110010100001110100000000000000000000000000000000000000010010000001111110000000000000000000000100000100010001111011111111110010100001110100001101000000000000000000100000100100000101000000000000000001001100111100000000000000000000000000000000000110100000000011001111111000000000110000000000000000000100000000000000000001000000000000000000011 #
#33050
0!
#33060
1!
b000000000000000001111100001110100000000000000000100110011110000000001011111100000000001110000000000100000000000000000000000000000000000010001000010011110000000000000000000000000000000000001011111100000000001110000000000100001000000000000000000100000100010000101000000000000000001001100111100000000000000000000000000000000000110100000000011001111111000000000110000000000000000000100000000000000000001000000000000000000011 #
#33070
0!
#33080
1!
b000000000000000001111100001110100000000000000000100110011110000000001011111100000000001110000000000100000000000000000000000000000000000010001000001111110000000000000000000000100000100011001011111100000000001110000000000101101000000000000000000100000100010000101000000000000000001001100111100000000000000000000000000000000000110100000000011001111111000000000110000000000000000000100000000000000000001000000000000000000011 #
#33090
0!
#33100
1!
b000000000000000001111100001110100000000000000000100110011110000000001111001000001111110100011111110000000000000000000000000000000000000010001100010011110000000000000000000000000000000000001111001000001111110100011111110000001000000000000000000100000100011000101000000000000000001001100111100000000000000000000000000000000000110100000000011001111111000000000110000000000000000000100000000000000000001000000000000000000011 #
#33110
0!
#33120
1!
b000000000000000001111100001110100000000000000000100110011110000000001111001000001111110100011111110000000000000000000000000000000000000010001100001111110000000000000000000000100000100100001111001000001111110100011111110001101000000000000000000100000100011000101000000000000000001001100111100000000000000000000000000000000000110100000000011001111111000000000110000000000000000000100000000000000000001000000000000000000011 #
#33130
0!
#33140
1!
b000000000000000001111100001110100000000000000000100110011110000000001111011111111110010100001110100000000000000000000000000000000000000010010000010011110000000000000000000000000000000000001111011111111110010100001110100000001000000000000000000100000100100000101000000000000000001001100111100000000000000000000000000000000000110100000000011001111111000000000110000000000000000000100000000000000000001000000000000000000011 #
#33150
0!
#33160
1!
b000000000000000001111100001110100000000000000000100110011110000000001111011111111110010100001110100000000000000000000000000000000000000010010000001111110000000000000000000000100000100010001111011111111110010100001110100001101000000000000000000100000100100000101000000000000000001001100111100000000000000000000000000000000000110100000000011001111111000000000110000000000000000000100000000000000000001000000000000000000011 #
#33170
0!
#33180
1!
b000000000000000001111100001110100000000000000000100110011110000000001011111100000000001110000000000100000000000000000000000000000000000010001000010011110000000000000000000000000000000000001011111100000000001110000000000100001000000000000000000100000100010000101000000000000000001001100111100000000000000000000000000000000000110100000000011001111111000000000110000000000000000000100000000000000000001000000000000000000011 #
#33190
0!
#33200
1!
b000000000000000001111100001110100000000000000000100110011110000000001011111100000000001110000000000100000000000000000000000000000000000010001000001111110000000000000000000000100000100011001011111100000000001110000000000101101000000000000000000100000100010000101000000000000000001001100111100000000000000000000000000000000000110100000000011001111111000000000110000000000000000000100000000000000000001000000000000000000011 #
#33210
0!
#33220
1!
b000000000000000001111100001110100000000000000000100110011110000000001111001000001111110100011111110000000000000000000000000000000000000010001100010011110000000000000000000000000000000000001111001000001111110100011111110000001000000000000000000100000100011000101000000000000000001001100111100000000000000000000000000000000000110100000000011001111111000000000110000000000000000000100000000000000000001000000000000000000011 #
#33230
0!
#33240
1!
b000000000000000001111100001110100000000000000000100110011110000000001111001000001111110100011111110000000000000000000000000000000000000010001100001111110000000000000000000000100000100100001111001000001111110100011111110001101000000000000000000100000100011000101000000000000000001001100111100000000000000000000000000000000000110100000000011001111111000000000110000000000000000000100000000000000000001000000000000000000011 #
#33250
0!
#33260
1!
b000000000000000001111100001110100000000000000000100110011110000000001111011111111110010100001110100000000000000000000000000000000000000010010000010011110000000000000000000000000000000000001111011111111110010100001110100000001000000000000000000100000100100000101000000000000000001001100111100000000000000000000000000000000000110100000000011001111111000000000110000000000000000000100000000000000000001000000000000000000011 #
#33270
0!
#33280
1!
b000000000000000001111100001110100000000000000000100110011110000000001111011111111110010100001110100000000000000000000000000000000000000010010000001111110000000000000000000000100000100010001111011111111110010100001110100001101000000000000000000100000100100000101000000000000000001001100111100000000000000000000000000000000000110100000000011001111111000000000110000000000000000000100000000000000000001000000000000000000011 #
#33290
0!
#33300
1!
b000000000000000001111100001110100000000000000000100110011110000000001011111100000000001110000000000100000000000000000000000000000000000010001000010011110000000000000000000000000000000000001011111100000000001110000000000100001000000000000000000100000100010000101000000000000000001001100111100000000000000000000000000000000000110100000000011001111111000000000110000000000000000000100000000000000000001000000000000000000011 #
#33310
0!
#33320
1!
b000000000000000001111100001110100000000000000000100110011110000000001011111100000000001110000000000100000000000000000000000000000000000010001000001111110000000000000000000000100000100011001011111100000000001110000000000101101000000000000000000100000100010000101000000000000000001001100111100000000000000000000000000000000000110100000000011001111111000000000110000000000000000000100000000000000000001000000000000000000011 #
#33330
0!
#33340
1!
b000000000000000001111100001110100000000000000000100110011110000000001111001000001111110100011111110000000000000000000000000000000000000010001100010011110000000000000000000000000000000000001111001000001111110100011111110000001000000000000000000100000100011000101000000000000000001001100111100000000000000000000000000000000000110100000000011001111111000000000110000000000000000000100000000000000000001000000000000000000011 #
#33350
0!
#33360
1!
b000000000000000001111100001110100000000000000000100110011110000000001111001000001111110100011111110000000000000000000000000000000000000010001100001111110000000000000000000000100000100100001111001000001111110100011111110001101000000000000000000100000100011000101000000000000000001001100111100000000000000000000000000000000000110100000000011001111111000000000110000000000000000000100000000000000000001000000000000000000011 #
#33370
0!
#33380
1!
b000000000000000001111100001110100000000000000000100110011110000000001111011111111110010100001110100000000000000000000000000000000000000010010000010011110000000000000000000000000000000000001111011111111110010100001110100000001000000000000000000100000100100000101000000000000000001001100111100000000000000000000000000000000000110100000000011001111111000000000110000000000000000000100000000000000000001000000000000000000011 #
#33390
0!
#33400
1!
b000000000000000001111100001110100000000000000000100110011110000000001111011111111110010100001110100000000000000000000000000000000000000010010000001111110000000000000000000000100000100010001111011111111110010100001110100001101000000000000000000100000100100000101000000000000000001001100111100000000000000000000000000000000000110100000000011001111111000000000110000000000000000000100000000000000000001000000000000000000011 #
#33410
0!
#33420
1!
b000000000000000001111100001110100000000000000000100110011110000000001011111100000000001110000000000100000000000000000000000000000000000010001000010011110000000000000000000000000000000000001011111100000000001110000000000100001000000000000000000100000100010000101000000000000000001001100111100000000000000000000000000000000000110100000000011001111111000000000110000000000000000000100000000000000000001000000000000000000011 #
#33430
0!
#33440
1!
b000000000000000001111100001110100000000000000000100110011110000000001011111100000000001110000000000100000000000000000000000000000000000010001000001111110000000000000000000000100000100011001011111100000000001110000000000101101000000000000000000100000100010000101000000000000000001001100111100000000000000000000000000000000000110100000000011001111111000000000110000000000000000000100000000000000000001000000000000000000011 #
#33450
0!
#33460
1!
b000000000000000001111100001110100000000000000000100110011110000000001111001000001111110100011111110000000000000000000000000000000000000010001100010011110000000000000000000000000000000000001111001000001111110100011111110000001000000000000000000100000100011000101000000000000000001001100111100000000000000000000000000000000000110100000000011001111111000000000110000000000000000000100000000000000000001000000000000000000011 #
#33470
0!
#33480
1!
b000000000000000001111100001110100000000000000000100110011110000000001111001000001111110100011111110000000000000000000000000000000000000010001100001111110000000000000000000000100000100100001111001000001111110100011111110001101000000000000000000100000100011000101000000000000000001001100111100000000000000000000000000000000000110100000000011001111111000000000110000000000000000000100000000000000000001000000000000000000011 #
#33490
0!
#33500
1!
b000000000000000001111100001110100000000000000000100110011110000000001111011111111110010100001110100000000000000000000000000000000000000010010000010011110000000000000000000000000000000000001111011111111110010100001110100000001000000000000000000100000100100000101000000000000000001001100111100000000000000000000000000000000000110100000000011001111111000000000110000000000000000000100000000000000000001000000000000000000011 #
#33510
0!
#33520
1!
b000000000000000001111100001110100000000000000000100110011110000000001111011111111110010100001110100000000000000000000000000000000000000010010000001111110000000000000000000000100000100010001111011111111110010100001110100001101000000000000000000100000100100000101000000000000000001001100111100000000000000000000000000000000000110100000000011001111111000000000110000000000000000000100000000000000000001000000000000000000011 #
#33530
0!
#33540
1!
b000000000000000001111100001110100000000000000000100110011110000000001011111100000000001110000000000100000000000000000000000000000000000010001000010011110000000000000000000000000000000000001011111100000000001110000000000100001000000000000000000100000100010000101000000000000000001001100111100000000000000000000000000000000000110100000000011001111111000000000110000000000000000000100000000000000000001000000000000000000011 #
#33550
0!
#33560
1!
b000000000000000001111100001110100000000000000000100110011110000000001011111100000000001110000000000100000000000000000000000000000000000010001000001111110000000000000000000000100000100011001011111100000000001110000000000101101000000000000000000100000100010000101000000000000000001001100111100000000000000000000000000000000000110100000000011001111111000000000110000000000000000000100000000000000000001000000000000000000011 #
#33570
0!
#33580
1!
b000000000000000001111100001110100000000000000000100110011110000000001111001000001111110100011111110000000000000000000000000000000000000010001100010011110000000000000000000000000000000000001111001000001111110100011111110000001000000000000000000100000100011000101000000000000000001001100111100000000000000000000000000000000000110100000000011001111111000000000110000000000000000000100000000000000000001000000000000000000011 #
#33590
0!
#33600
1!
b000000000000000001111100001110100000000000000000100110011110000000001111001000001111110100011111110000000000000000000000000000000000000010001100001111110000000000000000000000100000100100001111001000001111110100011111110001101000000000000000000100000100011000101000000000000000001001100111100000000000000000000000000000000000110100000000011001111111000000000110000000000000000000100000000000000000001000000000000000000011 #
#33610
0!
#33620
1!
b000000000000000001111100001110100000000000000000100110011110000000001111011111111110010100001110100000000000000000000000000000000000000010010000010011110000000000000000000000000000000000001111011111111110010100001110100000001000000000000000000100000100100000101000000000000000001001100111100000000000000000000000000000000000110100000000011001111111000000000110000000000000000000100000000000000000001000000000000000000011 #
#33630
0!
#33640
1!
b000000000000000001111100001110100000000000000000100110011110000000001111011111111110010100001110100000000000000000000000000000000000000010010000001111110000000000000000000000100000100010001111011111111110010100001110100001101000000000000000000100000100100000101000000000000000001001100111100000000000000000000000000000000000110100000000011001111111000000000110000000000000000000100000000000000000001000000000000000000011 #
#33650
0!
#33660
1!
b000000000000000001111100001110100000000000000000100110011110000000001011111100000000001110000000000100000000000000000000000000000000000010001000010011110000000000000000000000000000000000001011111100000000001110000000000100001000000000000000000100000100010000101000000000000000001001100111100000000000000000000000000000000000110100000000011001111111000000000110000000000000000000100000000000000000001000000000000000000011 #
#33670
0!
#33680
1!
b000000000000000001111100001110100000000000000000100110011110000000001011111100000000001110000000000100000000000000000000000000000000000010001000001111110000000000000000000000100000100011001011111100000000001110000000000101101000000000000000000100000100010000101000000000000000001001100111100000000000000000000000000000000000110100000000011001111111000000000110000000000000000000100000000000000000001000000000000000000011 #
#33690
0!
#33700
1!
b000000000000000001111100001110100000000000000000100110011110000000001111001000001111110100011111110000000000000000000000000000000000000010001100010011110000000000000000000000000000000000001111001000001111110100011111110000001000000000000000000100000100011000101000000000000000001001100111100000000000000000000000000000000000110100000000011001111111000000000110000000000000000000100000000000000000001000000000000000000011 #
#33710
0!
#33720
1!
b000000000000000001111100001110100000000000000000100110011110000000001111001000001111110100011111110000000000000000000000000000000000000010001100001111110000000000000000000000100000100100001111001000001111110100011111110001101000000000000000000100000100011000101000000000000000001001100111100000000000000000000000000000000000110100000000011001111111000000000110000000000000000000100000000000000000001000000000000000000011 #
#33730
0!
#33740
1!
b000000000000000001111100001110100000000000000000100110011110000000001111011111111110010100001110100000000000000000000000000000000000000010010000010011110000000000000000000000000000000000001111011111111110010100001110100000001000000000000000000100000100100000101000000000000000001001100111100000000000000000000000000000000000110100000000011001111111000000000110000000000000000000100000000000000000001000000000000000000011 #
#33750
0!
#33760
1!
b000000000000000001111100001110100000000000000000100110011110000000001111011111111110010100001110100000000000000000000000000000000000000010010000001111110000000000000000000000100000100010001111011111111110010100001110100001101000000000000000000100000100100000101000000000000000001001100111100000000000000000000000000000000000110100000000011001111111000000000110000000000000000000100000000000000000001000000000000000000011 #
#33770
0!
#33780
1!
b000000000000000001111100001110100000000000000000100110011110000000001011111100000000001110000000000100000000000000000000000000000000000010001000010011110000000000000000000000000000000000001011111100000000001110000000000100001000000000000000000100000100010000101000000000000000001001100111100000000000000000000000000000000000110100000000011001111111000000000110000000000000000000100000000000000000001000000000000000000011 #
#33790
0!
#33800
1!
b000000000000000001111100001110100000000000000000100110011110000000001011111100000000001110000000000100000000000000000000000000000000000010001000001111110000000000000000000000100000100011001011111100000000001110000000000101101000000000000000000100000100010000101000000000000000001001100111100000000000000000000000000000000000110100000000011001111111000000000110000000000000000000100000000000000000001000000000000000000011 #
#33810
0!
#33820
1!
b000000000000000001111100001110100000000000000000100110011110000000001111001000001111110100011111110000000000000000000000000000000000000010001100010011110000000000000000000000000000000000001111001000001111110100011111110000001000000000000000000100000100011000101000000000000000001001100111100000000000000000000000000000000000110100000000011001111111000000000110000000000000000000100000000000000000001000000000000000000011 #
#33830
0!
#33840
1!
b000000000000000001111100001110100000000000000000100110011110000000001111001000001111110100011111110000000000000000000000000000000000000010001100001111110000000000000000000000100000100100001111001000001111110100011111110001101000000000000000000100000100011000101000000000000000001001100111100000000000000000000000000000000000110100000000011001111111000000000110000000000000000000100000000000000000001000000000000000000011 #
#33850
0!
#33860
1!
b000000000000000001111100001110100000000000000000100110011110000000001111011111111110010100001110100000000000000000000000000000000000000010010000010011110000000000000000000000000000000000001111011111111110010100001110100000001000000000000000000100000100100000101000000000000000001001100111100000000000000000000000000000000000110100000000011001111111000000000110000000000000000000100000000000000000001000000000000000000011 #
#33870
0!
#33880
1!
b000000000000000001111100001110100000000000000000100110011110000000001111011111111110010100001110100000000000000000000000000000000000000010010000001111110000000000000000000000100000100010001111011111111110010100001110100001101000000000000000000100000100100000101000000000000000001001100111100000000000000000000000000000000000110100000000011001111111000000000110000000000000000000100000000000000000001000000000000000000011 #
#33890
0!
#33900
1!
b000000000000000001111100001110100000000000000000100110011110000000001011111100000000001110000000000100000000000000000000000000000000000010001000010011110000000000000000000000000000000000001011111100000000001110000000000100001000000000000000000100000100010000101000000000000000001001100111100000000000000000000000000000000000110100000000011001111111000000000110000000000000000000100000000000000000001000000000000000000011 #
#33910
0!
#33920
1!
b000000000000000001111100001110100000000000000000100110011110000000001011111100000000001110000000000100000000000000000000000000000000000010001000001111110000000000000000000000100000100011001011111100000000001110000000000101101000000000000000000100000100010000101000000000000000001001100111100000000000000000000000000000000000110100000000011001111111000000000110000000000000000000100000000000000000001000000000000000000011 #
#33930
0!
#33940
1!
b000000000000000001111100001110100000000000000000100110011110000000001111001000001111110100011111110000000000000000000000000000000000000010001100010011110000000000000000000000000000000000001111001000001111110100011111110000001000000000000000000100000100011000101000000000000000001001100111100000000000000000000000000000000000110100000000011001111111000000000110000000000000000000100000000000000000001000000000000000000011 #
#33950
0!
#33960
1!
b000000000000000001111100001110100000000000000000100110011110000000001111001000001111110100011111110000000000000000000000000000000000000010001100001111110000000000000000000000100000100100001111001000001111110100011111110001101000000000000000000100000100011000101000000000000000001001100111100000000000000000000000000000000000110100000000011001111111000000000110000000000000000000100000000000000000001000000000000000000011 #
#33970
0!
#33980
1!
b000000000000000001111100001110100000000000000000100110011110000000001111011111111110010100001110100000000000000000000000000000000000000010010000010011110000000000000000000000000000000000001111011111111110010100001110100000001000000000000000000100000100100000101000000000000000001001100111100000000000000000000000000000000000110100000000011001111111000000000110000000000000000000100000000000000000001000000000000000000011 #
#33990
0!
#34000
1!
b000000000000000001111100001110100000000000000000100110011110000000001111011111111110010100001110100000000000000000000000000000000000000010010000001111110000000000000000000000100000100010001111011111111110010100001110100001101000000000000000000100000100100000101000000000000000001001100111100000000000000000000000000000000000110100000000011001111111000000000110000000000000000000100000000000000000001000000000000000000011 #
#34010
0!
#34020
1!
b000000000000000001111100001110100000000000000000100110011110000000001011111100000000001110000000000100000000000000000000000000000000000010001000010011110000000000000000000000000000000000001011111100000000001110000000000100001000000000000000000100000100010000101000000000000000001001100111100000000000000000000000000000000000110100000000011001111111000000000110000000000000000000100000000000000000001000000000000000000011 #
#34030
0!
#34040
1!
b000000000000000001111100001110100000000000000000100110011110000000001011111100000000001110000000000100000000000000000000000000000000000010001000001111110000000000000000000000100000100011001011111100000000001110000000000101101000000000000000000100000100010000101000000000000000001001100111100000000000000000000000000000000000110100000000011001111111000000000110000000000000000000100000000000000000001000000000000000000011 #
#34050
0!
#34060
1!
b000000000000000001111100001110100000000000000000100110011110000000001111001000001111110100011111110000000000000000000000000000000000000010001100010011110000000000000000000000000000000000001111001000001111110100011111110000001000000000000000000100000100011000101000000000000000001001100111100000000000000000000000000000000000110100000000011001111111000000000110000000000000000000100000000000000000001000000000000000000011 #
#34070
0!
#34080
1!
b000000000000000001111100001110100000000000000000100110011110000000001111001000001111110100011111110000000000000000000000000000000000000010001100001111110000000000000000000000100000100100001111001000001111110100011111110001101000000000000000000100000100011000101000000000000000001001100111100000000000000000000000000000000000110100000000011001111111000000000110000000000000000000100000000000000000001000000000000000000011 #
#34090
0!
#34100
1!
b000000000000000001111100001110100000000000000000100110011110000000001111011111111110010100001110100000000000000000000000000000000000000010010000010011110000000000000000000000000000000000001111011111111110010100001110100000001000000000000000000100000100100000101000000000000000001001100111100000000000000000000000000000000000110100000000011001111111000000000110000000000000000000100000000000000000001000000000000000000011 #
#34110
0!
#34120
1!
b000000000000000001111100001110100000000000000000100110011110000000001111011111111110010100001110100000000000000000000000000000000000000010010000001111110000000000000000000000100000100010001111011111111110010100001110100001101000000000000000000100000100100000101000000000000000001001100111100000000000000000000000000000000000110100000000011001111111000000000110000000000000000000100000000000000000001000000000000000000011 #
#34130
0!
#34140
1!
b000000000000000001111100001110100000000000000000100110011110000000001011111100000000001110000000000100000000000000000000000000000000000010001000010011110000000000000000000000000000000000001011111100000000001110000000000100001000000000000000000100000100010000101000000000000000001001100111100000000000000000000000000000000000110100000000011001111111000000000110000000000000000000100000000000000000001000000000000000000011 #
#34150
0!
#34160
1!
b000000000000000001111100001110100000000000000000100110011110000000001011111100000000001110000000000100000000000000000000000000000000000010001000001111110000000000000000000000100000100011001011111100000000001110000000000101101000000000000000000100000100010000101000000000000000001001100111100000000000000000000000000000000000110100000000011001111111000000000110000000000000000000100000000000000000001000000000000000000011 #
#34170
0!
#34180
1!
b000000000000000001111100001110100000000000000000100110011110000000001111001000001111110100011111110000000000000000000000000000000000000010001100010011110000000000000000000000000000000000001111001000001111110100011111110000001000000000000000000100000100011000101000000000000000001001100111100000000000000000000000000000000000110100000000011001111111000000000110000000000000000000100000000000000000001000000000000000000011 #
#34190
0!
#34200
1!
b000000000000000001111100001110100000000000000000100110011110000000001111001000001111110100011111110000000000000000000000000000000000000010001100001111110000000000000000000000100000100100001111001000001111110100011111110001101000000000000000000100000100011000101000000000000000001001100111100000000000000000000000000000000000110100000000011001111111000000000110000000000000000000100000000000000000001000000000000000000011 #
#34210
0!
#34220
1!
b000000000000000001111100001110100000000000000000100110011110000000001111011111111110010100001110100000000000000000000000000000000000000010010000010011110000000000000000000000000000000000001111011111111110010100001110100000001000000000000000000100000100100000101000000000000000001001100111100000000000000000000000000000000000110100000000011001111111000000000110000000000000000000100000000000000000001000000000000000000011 #
#34230
0!
#34240
1!
b000000000000000001111100001110100000000000000000100110011110000000001111011111111110010100001110100000000000000000000000000000000000000010010000001111110000000000000000000000100000100010001111011111111110010100001110100001101000000000000000000100000100100000101000000000000000001001100111100000000000000000000000000000000000110100000000011001111111000000000110000000000000000000100000000000000000001000000000000000000011 #
#34250
0!
#34260
1!
b000000000000000001111100001110100000000000000000100110011110000000001011111100000000001110000000000100000000000000000000000000000000000010001000010011110000000000000000000000000000000000001011111100000000001110000000000100001000000000000000000100000100010000101000000000000000001001100111100000000000000000000000000000000000110100000000011001111111000000000110000000000000000000100000000000000000001000000000000000000011 #
#34270
0!
#34280
1!
b000000000000000001111100001110100000000000000000100110011110000000001011111100000000001110000000000100000000000000000000000000000000000010001000001111110000000000000000000000100000100011001011111100000000001110000000000101101000000000000000000100000100010000101000000000000000001001100111100000000000000000000000000000000000110100000000011001111111000000000110000000000000000000100000000000000000001000000000000000000011 #
#34290
0!
#34300
1!
b000000000000000001111100001110100000000000000000100110011110000000001111001000001111110100011111110000000000000000000000000000000000000010001100010011110000000000000000000000000000000000001111001000001111110100011111110000001000000000000000000100000100011000101000000000000000001001100111100000000000000000000000000000000000110100000000011001111111000000000110000000000000000000100000000000000000001000000000000000000011 #
#34310
0!
#34320
1!
b000000000000000001111100001110100000000000000000100110011110000000001111001000001111110100011111110000000000000000000000000000000000000010001100001111110000000000000000000000100000100100001111001000001111110100011111110001101000000000000000000100000100011000101000000000000000001001100111100000000000000000000000000000000000110100000000011001111111000000000110000000000000000000100000000000000000001000000000000000000011 #
#34330
0!
#34340
1!
b000000000000000001111100001110100000000000000000100110011110000000001111011111111110010100001110100000000000000000000000000000000000000010010000010011110000000000000000000000000000000000001111011111111110010100001110100000001000000000000000000100000100100000101000000000000000001001100111100000000000000000000000000000000000110100000000011001111111000000000110000000000000000000100000000000000000001000000000000000000011 #
#34350
0!
#34360
1!
b000000000000000001111100001110100000000000000000100110011110000000001111011111111110010100001110100000000000000000000000000000000000000010010000001111110000000000000000000000100000100010001111011111111110010100001110100001101000000000000000000100000100100000101000000000000000001001100111100000000000000000000000000000000000110100000000011001111111000000000110000000000000000000100000000000000000001000000000000000000011 #
#34370
0!
#34380
1!
b000000000000000001111100001110100000000000000000100110011110000000001011111100000000001110000000000100000000000000000000000000000000000010001000010011110000000000000000000000000000000000001011111100000000001110000000000100001000000000000000000100000100010000101000000000000000001001100111100000000000000000000000000000000000110100000000011001111111000000000110000000000000000000100000000000000000001000000000000000000011 #
#34390
0!
#34400
1!
b000000000000000001111100001110100000000000000000100110011110000000001011111100000000001110000000000100000000000000000000000000000000000010001000001111110000000000000000000000100000100011001011111100000000001110000000000101101000000000000000000100000100010000101000000000000000001001100111100000000000000000000000000000000000110100000000011001111111000000000110000000000000000000100000000000000000001000000000000000000011 #
#34410
0!
#34420
1!
b000000000000000001111100001110100000000000000000100110011110000000001111001000001111110100011111110000000000000000000000000000000000000010001100010011110000000000000000000000000000000000001111001000001111110100011111110000001000000000000000000100000100011000101000000000000000001001100111100000000000000000000000000000000000110100000000011001111111000000000110000000000000000000100000000000000000001000000000000000000011 #
#34430
0!
#34440
1!
b000000000000000001111100001110100000000000000000100110011110000000001111001000001111110100011111110000000000000000000000000000000000000010001100001111110000000000000000000000100000100100001111001000001111110100011111110001101000000000000000000100000100011000101000000000000000001001100111100000000000000000000000000000000000110100000000011001111111000000000110000000000000000000100000000000000000001000000000000000000011 #
#34450
0!
#34460
1!
b000000000000000001111100001110100000000000000000100110011110000000001111011111111110010100001110100000000000000000000000000000000000000010010000010011110000000000000000000000000000000000001111011111111110010100001110100000001000000000000000000100000100100000101000000000000000001001100111100000000000000000000000000000000000110100000000011001111111000000000110000000000000000000100000000000000000001000000000000000000011 #
#34470
0!
#34480
1!
b000000000000000001111100001110100000000000000000100110011110000000001111011111111110010100001110100000000000000000000000000000000000000010010000001111110000000000000000000000100000100010001111011111111110010100001110100001101000000000000000000100000100100000101000000000000000001001100111100000000000000000000000000000000000110100000000011001111111000000000110000000000000000000100000000000000000001000000000000000000011 #
#34490
0!
#34500
1!
b000000000000000001111100001110100000000000000000100110011110000000001011111100000000001110000000000100000000000000000000000000000000000010001000010011110000000000000000000000000000000000001011111100000000001110000000000100001000000000000000000100000100010000101000000000000000001001100111100000000000000000000000000000000000110100000000011001111111000000000110000000000000000000100000000000000000001000000000000000000011 #
#34510
0!
#34520
1!
b000000000000000001111100001110100000000000000000100110011110000000001011111100000000001110000000000100000000000000000000000000000000000010001000001111110000000000000000000000100000100011001011111100000000001110000000000101101000000000000000000100000100010000101000000000000000001001100111100000000000000000000000000000000000110100000000011001111111000000000110000000000000000000100000000000000000001000000000000000000011 #
#34530
0!
#34540
1!
b000000000000000001111100001110100000000000000000100110011110000000001111001000001111110100011111110000000000000000000000000000000000000010001100010011110000000000000000000000000000000000001111001000001111110100011111110000001000000000000000000100000100011000101000000000000000001001100111100000000000000000000000000000000000110100000000011001111111000000000110000000000000000000100000000000000000001000000000000000000011 #
#34550
0!
#34560
1!
b000000000000000001111100001110100000000000000000100110011110000000001111001000001111110100011111110000000000000000000000000000000000000010001100001111110000000000000000000000100000100100001111001000001111110100011111110001101000000000000000000100000100011000101000000000000000001001100111100000000000000000000000000000000000110100000000011001111111000000000110000000000000000000100000000000000000001000000000000000000011 #
#34570
0!
#34580
1!
b000000000000000001111100001110100000000000000000100110011110000000001111011111111110010100001110100000000000000000000000000000000000000010010000010011110000000000000000000000000000000000001111011111111110010100001110100000001000000000000000000100000100100000101000000000000000001001100111100000000000000000000000000000000000110100000000011001111111000000000110000000000000000000100000000000000000001000000000000000000011 #
#34590
0!
#34600
1!
b000000000000000001111100001110100000000000000000100110011110000000001111011111111110010100001110100000000000000000000000000000000000000010010000001111110000000000000000000000100000100010001111011111111110010100001110100001101000000000000000000100000100100000101000000000000000001001100111100000000000000000000000000000000000110100000000011001111111000000000110000000000000000000100000000000000000001000000000000000000011 #
#34610
0!
#34620
1!
b000000000000000001111100001110100000000000000000100110011110000000001011111100000000001110000000000100000000000000000000000000000000000010001000010011110000000000000000000000000000000000001011111100000000001110000000000100001000000000000000000100000100010000101000000000000000001001100111100000000000000000000000000000000000110100000000011001111111000000000110000000000000000000100000000000000000001000000000000000000011 #
#34630
0!
#34640
1!
b000000000000000001111100001110100000000000000000100110011110000000001011111100000000001110000000000100000000000000000000000000000000000010001000001111110000000000000000000000100000100011001011111100000000001110000000000101101000000000000000000100000100010000101000000000000000001001100111100000000000000000000000000000000000110100000000011001111111000000000110000000000000000000100000000000000000001000000000000000000011 #
#34650
0!
#34660
1!
b000000000000000001111100001110100000000000000000100110011110000000001111001000001111110100011111110000000000000000000000000000000000000010001100010011110000000000000000000000000000000000001111001000001111110100011111110000001000000000000000000100000100011000101000000000000000001001100111100000000000000000000000000000000000110100000000011001111111000000000110000000000000000000100000000000000000001000000000000000000011 #
#34670
0!
#34680
1!
b000000000000000001111100001110100000000000000000100110011110000000001111001000001111110100011111110000000000000000000000000000000000000010001100001111110000000000000000000000100000100100001111001000001111110100011111110001101000000000000000000100000100011000101000000000000000001001100111100000000000000000000000000000000000110100000000011001111111000000000110000000000000000000100000000000000000001000000000000000000011 #
#34690
0!
#34700
1!
b000000000000000001111100001110100000000000000000100110011110000000001111011111111110010100001110100000000000000000000000000000000000000010010000010011110000000000000000000000000000000000001111011111111110010100001110100000001000000000000000000100000100100000101000000000000000001001100111100000000000000000000000000000000000110100000000011001111111000000000110000000000000000000100000000000000000001000000000000000000011 #
#34710
0!
#34720
1!
b000000000000000001111100001110100000000000000000100110011110000000001111011111111110010100001110100000000000000000000000000000000000000010010000001111110000000000000000000000100000100010001111011111111110010100001110100001101000000000000000000100000100100000101000000000000000001001100111100000000000000000000000000000000000110100000000011001111111000000000110000000000000000000100000000000000000001000000000000000000011 #
#34730
0!
#34740
1!
b000000000000000001111100001110100000000000000000100110011110000000001011111100000000001110000000000100000000000000000000000000000000000010001000010011110000000000000000000000000000000000001011111100000000001110000000000100001000000000000000000100000100010000101000000000000000001001100111100000000000000000000000000000000000110100000000011001111111000000000110000000000000000000100000000000000000001000000000000000000011 #
#34750
0!
#34760
1!
b000000000000000001111100001110100000000000000000100110011110000000001011111100000000001110000000000100000000000000000000000000000000000010001000001111110000000000000000000000100000100011001011111100000000001110000000000101101000000000000000000100000100010000101000000000000000001001100111100000000000000000000000000000000000110100000000011001111111000000000110000000000000000000100000000000000000001000000000000000000011 #
#34770
0!
#34780
1!
b000000000000000001111100001110100000000000000000100110011110000000001111001000001111110100011111110000000000000000000000000000000000000010001100010011110000000000000000000000000000000000001111001000001111110100011111110000001000000000000000000100000100011000101000000000000000001001100111100000000000000000000000000000000000110100000000011001111111000000000110000000000000000000100000000000000000001000000000000000000011 #
#34790
0!
#34800
1!
b000000000000000001111100001110100000000000000000100110011110000000001111001000001111110100011111110000000000000000000000000000000000000010001100001111110000000000000000000000100000100100001111001000001111110100011111110001101000000000000000000100000100011000101000000000000000001001100111100000000000000000000000000000000000110100000000011001111111000000000110000000000000000000100000000000000000001000000000000000000011 #
#34810
0!
#34820
1!
b000000000000000001111100001110100000000000000000100110011110000000001111011111111110010100001110100000000000000000000000000000000000000010010000010011110000000000000000000000000000000000001111011111111110010100001110100000001000000000000000000100000100100000101000000000000000001001100111100000000000000000000000000000000000110100000000011001111111000000000110000000000000000000100000000000000000001000000000000000000011 #
#34830
0!
#34840
1!
b000000000000000001111100001110100000000000000000100110011110000000001111011111111110010100001110100000000000000000000000000000000000000010010000001111110000000000000000000000100000100010001111011111111110010100001110100001101000000000000000000100000100100000101000000000000000001001100111100000000000000000000000000000000000110100000000011001111111000000000110000000000000000000100000000000000000001000000000000000000011 #
#34850
0!
#34860
1!
b000000000000000001111100001110100000000000000000100110011110000000001011111100000000001110000000000100000000000000000000000000000000000010001000010011110000000000000000000000000000000000001011111100000000001110000000000100001000000000000000000100000100010000101000000000000000001001100111100000000000000000000000000000000000110100000000011001111111000000000110000000000000000000100000000000000000001000000000000000000011 #
#34870
0!
#34880
1!
b000000000000000001111100001110100000000000000000100110011110000000001011111100000000001110000000000100000000000000000000000000000000000010001000001111110000000000000000000000100000100011001011111100000000001110000000000101101000000000000000000100000100010000101000000000000000001001100111100000000000000000000000000000000000110100000000011001111111000000000110000000000000000000100000000000000000001000000000000000000011 #
#34890
0!
#34900
1!
b000000000000000001111100001110100000000000000000100110011110000000001111001000001111110100011111110000000000000000000000000000000000000010001100010011110000000000000000000000000000000000001111001000001111110100011111110000001000000000000000000100000100011000101000000000000000001001100111100000000000000000000000000000000000110100000000011001111111000000000110000000000000000000100000000000000000001000000000000000000011 #
#34910
0!
#34920
1!
b000000000000000001111100001110100000000000000000100110011110000000001111001000001111110100011111110000000000000000000000000000000000000010001100001111110000000000000000000000100000100100001111001000001111110100011111110001101000000000000000000100000100011000101000000000000000001001100111100000000000000000000000000000000000110100000000011001111111000000000110000000000000000000100000000000000000001000000000000000000011 #
#34930
0!
#34940
1!
b000000000000000001111100001110100000000000000000100110011110000000001111011111111110010100001110100000000000000000000000000000000000000010010000010011110000000000000000000000000000000000001111011111111110010100001110100000001000000000000000000100000100100000101000000000000000001001100111100000000000000000000000000000000000110100000000011001111111000000000110000000000000000000100000000000000000001000000000000000000011 #
#34950
0!
#34960
1!
b000000000000000001111100001110100000000000000000100110011110000000001111011111111110010100001110100000000000000000000000000000000000000010010000001111110000000000000000000000100000100010001111011111111110010100001110100001101000000000000000000100000100100000101000000000000000001001100111100000000000000000000000000000000000110100000000011001111111000000000110000000000000000000100000000000000000001000000000000000000011 #
#34970
0!
#34980
1!
b000000000000000001111100001110100000000000000000100110011110000000001011111100000000001110000000000100000000000000000000000000000000000010001000010011110000000000000000000000000000000000001011111100000000001110000000000100001000000000000000000100000100010000101000000000000000001001100111100000000000000000000000000000000000110100000000011001111111000000000110000000000000000000100000000000000000001000000000000000000011 #
#34990
0!
#35000
1!
b000000000000000001111100001110100000000000000000100110011110000000001011111100000000001110000000000100000000000000000000000000000000000010001000001111110000000000000000000000100000100011001011111100000000001110000000000101101000000000000000000100000100010000101000000000000000001001100111100000000000000000000000000000000000110100000000011001111111000000000110000000000000000000100000000000000000001000000000000000000011 #
#35010
0!
#35020
1!
b000000000000000001111100001110100000000000000000100110011110000000001111001000001111110100011111110000000000000000000000000000000000000010001100010011110000000000000000000000000000000000001111001000001111110100011111110000001000000000000000000100000100011000101000000000000000001001100111100000000000000000000000000000000000110100000000011001111111000000000110000000000000000000100000000000000000001000000000000000000011 #
#35030
0!
#35040
1!
b000000000000000001111100001110100000000000000000100110011110000000001111001000001111110100011111110000000000000000000000000000000000000010001100001111110000000000000000000000100000100100001111001000001111110100011111110001101000000000000000000100000100011000101000000000000000001001100111100000000000000000000000000000000000110100000000011001111111000000000110000000000000000000100000000000000000001000000000000000000011 #
#35050
0!
#35060
1!
b000000000000000001111100001110100000000000000000100110011110000000001111011111111110010100001110100000000000000000000000000000000000000010010000010011110000000000000000000000000000000000001111011111111110010100001110100000001000000000000000000100000100100000101000000000000000001001100111100000000000000000000000000000000000110100000000011001111111000000000110000000000000000000100000000000000000001000000000000000000011 #
#35070
0!
#35080
1!
b000000000000000001111100001110100000000000000000100110011110000000001111011111111110010100001110100000000000000000000000000000000000000010010000001111110000000000000000000000100000100010001111011111111110010100001110100001101000000000000000000100000100100000101000000000000000001001100111100000000000000000000000000000000000110100000000011001111111000000000110000000000000000000100000000000000000001000000000000000000011 #
#35090
0!
#35100
1!
b000000000000000001111100001110100000000000000000100110011110000000001011111100000000001110000000000100000000000000000000000000000000000010001000010011110000000000000000000000000000000000001011111100000000001110000000000100001000000000000000000100000100010000101000000000000000001001100111100000000000000000000000000000000000110100000000011001111111000000000110000000000000000000100000000000000000001000000000000000000011 #
#35110
0!
#35120
1!
b000000000000000001111100001110100000000000000000100110011110000000001011111100000000001110000000000100000000000000000000000000000000000010001000001111110000000000000000000000100000100011001011111100000000001110000000000101101000000000000000000100000100010000101000000000000000001001100111100000000000000000000000000000000000110100000000011001111111000000000110000000000000000000100000000000000000001000000000000000000011 #
#35130
0!
#35140
1!
b000000000000000001111100001110100000000000000000100110011110000000001111001000001111110100011111110000000000000000000000000000000000000010001100010011110000000000000000000000000000000000001111001000001111110100011111110000001000000000000000000100000100011000101000000000000000001001100111100000000000000000000000000000000000110100000000011001111111000000000110000000000000000000100000000000000000001000000000000000000011 #
#35150
0!
#35160
1!
b000000000000000001111100001110100000000000000000100110011110000000001111001000001111110100011111110000000000000000000000000000000000000010001100001111110000000000000000000000100000100100001111001000001111110100011111110001101000000000000000000100000100011000101000000000000000001001100111100000000000000000000000000000000000110100000000011001111111000000000110000000000000000000100000000000000000001000000000000000000011 #
#35170
0!
#35180
1!
b000000000000000001111100001110100000000000000000100110011110000000001111011111111110010100001110100000000000000000000000000000000000000010010000010011110000000000000000000000000000000000001111011111111110010100001110100000001000000000000000000100000100100000101000000000000000001001100111100000000000000000000000000000000000110100000000011001111111000000000110000000000000000000100000000000000000001000000000000000000011 #
#35190
0!
#35200
1!
b000000000000000001111100001110100000000000000000100110011110000000001111011111111110010100001110100000000000000000000000000000000000000010010000001111110000000000000000000000100000100010001111011111111110010100001110100001101000000000000000000100000100100000101000000000000000001001100111100000000000000000000000000000000000110100000000011001111111000000000110000000000000000000100000000000000000001000000000000000000011 #
#35210
0!
#35220
1!
b000000000000000001111100001110100000000000000000100110011110000000001011111100000000001110000000000100000000000000000000000000000000000010001000010011110000000000000000000000000000000000001011111100000000001110000000000100001000000000000000000100000100010000101000000000000000001001100111100000000000000000000000000000000000110100000000011001111111000000000110000000000000000000100000000000000000001000000000000000000011 #
#35230
0!
#35240
1!
b000000000000000001111100001110100000000000000000100110011110000000001011111100000000001110000000000100000000000000000000000000000000000010001000001111110000000000000000000000100000100011001011111100000000001110000000000101101000000000000000000100000100010000101000000000000000001001100111100000000000000000000000000000000000110100000000011001111111000000000110000000000000000000100000000000000000001000000000000000000011 #
#35250
0!
#35260
1!
b000000000000000001111100001110100000000000000000100110011110000000001111001000001111110100011111110000000000000000000000000000000000000010001100010011110000000000000000000000000000000000001111001000001111110100011111110000001000000000000000000100000100011000101000000000000000001001100111100000000000000000000000000000000000110100000000011001111111000000000110000000000000000000100000000000000000001000000000000000000011 #
#35270
0!
#35280
1!
b000000000000000001111100001110100000000000000000100110011110000000001111001000001111110100011111110000000000000000000000000000000000000010001100001111110000000000000000000000100000100100001111001000001111110100011111110001101000000000000000000100000100011000101000000000000000001001100111100000000000000000000000000000000000110100000000011001111111000000000110000000000000000000100000000000000000001000000000000000000011 #
#35290
0!
#35300
1!
b000000000000000001111100001110100000000000000000100110011110000000001111011111111110010100001110100000000000000000000000000000000000000010010000010011110000000000000000000000000000000000001111011111111110010100001110100000001000000000000000000100000100100000101000000000000000001001100111100000000000000000000000000000000000110100000000011001111111000000000110000000000000000000100000000000000000001000000000000000000011 #
#35310
0!
#35320
1!
b000000000000000001111100001110100000000000000000100110011110000000001111011111111110010100001110100000000000000000000000000000000000000010010000001111110000000000000000000000100000100010001111011111111110010100001110100001101000000000000000000100000100100000101000000000000000001001100111100000000000000000000000000000000000110100000000011001111111000000000110000000000000000000100000000000000000001000000000000000000011 #
#35330
0!
#35340
1!
b000000000000000001111100001110100000000000000000100110011110000000001011111100000000001110000000000100000000000000000000000000000000000010001000010011110000000000000000000000000000000000001011111100000000001110000000000100001000000000000000000100000100010000101000000000000000001001100111100000000000000000000000000000000000110100000000011001111111000000000110000000000000000000100000000000000000001000000000000000000011 #
#35350
0!
#35360
1!
b000000000000000001111100001110100000000000000000100110011110000000001011111100000000001110000000000100000000000000000000000000000000000010001000001111110000000000000000000000100000100011001011111100000000001110000000000101101000000000000000000100000100010000101000000000000000001001100111100000000000000000000000000000000000110100000000011001111111000000000110000000000000000000100000000000000000001000000000000000000011 #
#35370
0!
#35380
1!
b000000000000000001111100001110100000000000000000100110011110000000001111001000001111110100011111110000000000000000000000000000000000000010001100010011110000000000000000000000000000000000001111001000001111110100011111110000001000000000000000000100000100011000101000000000000000001001100111100000000000000000000000000000000000110100000000011001111111000000000110000000000000000000100000000000000000001000000000000000000011 #
#35390
0!
#35400
1!
b000000000000000001111100001110100000000000000000100110011110000000001111001000001111110100011111110000000000000000000000000000000000000010001100001111110000000000000000000000100000100100001111001000001111110100011111110001101000000000000000000100000100011000101000000000000000001001100111100000000000000000000000000000000000110100000000011001111111000000000110000000000000000000100000000000000000001000000000000000000011 #
#35410
0!
#35420
1!
b000000000000000001111100001110100000000000000000100110011110000000001111011111111110010100001110100000000000000000000000000000000000000010010000010011110000000000000000000000000000000000001111011111111110010100001110100000001000000000000000000100000100100000101000000000000000001001100111100000000000000000000000000000000000110100000000011001111111000000000110000000000000000000100000000000000000001000000000000000000011 #
#35430
0!
#35440
1!
b000000000000000001111100001110100000000000000000100110011110000000001111011111111110010100001110100000000000000000000000000000000000000010010000001111110000000000000000000000100000100010001111011111111110010100001110100001101000000000000000000100000100100000101000000000000000001001100111100000000000000000000000000000000000110100000000011001111111000000000110000000000000000000100000000000000000001000000000000000000011 #
#35450
0!
#35460
1!
b000000000000000001111100001110100000000000000000100110011110000000001011111100000000001110000000000100000000000000000000000000000000000010001000010011110000000000000000000000000000000000001011111100000000001110000000000100001000000000000000000100000100010000101000000000000000001001100111100000000000000000000000000000000000110100000000011001111111000000000110000000000000000000100000000000000000001000000000000000000011 #
#35470
0!
#35480
1!
b000000000000000001111100001110100000000000000000100110011110000000001011111100000000001110000000000100000000000000000000000000000000000010001000001111110000000000000000000000100000100011001011111100000000001110000000000101101000000000000000000100000100010000101000000000000000001001100111100000000000000000000000000000000000110100000000011001111111000000000110000000000000000000100000000000000000001000000000000000000011 #
#35490
0!
#35500
1!
b000000000000000001111100001110100000000000000000100110011110000000001111001000001111110100011111110000000000000000000000000000000000000010001100010011110000000000000000000000000000000000001111001000001111110100011111110000001000000000000000000100000100011000101000000000000000001001100111100000000000000000000000000000000000110100000000011001111111000000000110000000000000000000100000000000000000001000000000000000000011 #
#35510
0!
#35520
1!
b000000000000000001111100001110100000000000000000100110011110000000001111001000001111110100011111110000000000000000000000000000000000000010001100001111110000000000000000000000100000100100001111001000001111110100011111110001101000000000000000000100000100011000101000000000000000001001100111100000000000000000000000000000000000110100000000011001111111000000000110000000000000000000100000000000000000001000000000000000000011 #
#35530
0!
#35540
1!
b000000000000000001111100001110100000000000000000100110011110000000001111011111111110010100001110100000000000000000000000000000000000000010010000010011110000000000000000000000000000000000001111011111111110010100001110100000001000000000000000000100000100100000101000000000000000001001100111100000000000000000000000000000000000110100000000011001111111000000000110000000000000000000100000000000000000001000000000000000000011 #
#35550
0!
#35560
1!
b000000000000000001111100001110100000000000000000100110011110000000001111011111111110010100001110100000000000000000000000000000000000000010010000001111110000000000000000000000100000100010001111011111111110010100001110100001101000000000000000000100000100100000101000000000000000001001100111100000000000000000000000000000000000110100000000011001111111000000000110000000000000000000100000000000000000001000000000000000000011 #
#35570
0!
#35580
1!
b000000000000000001111100001110100000000000000000100110011110000000001011111100000000001110000000000100000000000000000000000000000000000010001000010011110000000000000000000000000000000000001011111100000000001110000000000100001000000000000000000100000100010000101000000000000000001001100111100000000000000000000000000000000000110100000000011001111111000000000110000000000000000000100000000000000000001000000000000000000011 #
#35590
0!
#35600
1!
b000000000000000001111100001110100000000000000000100110011110000000001011111100000000001110000000000100000000000000000000000000000000000010001000001111110000000000000000000000100000100011001011111100000000001110000000000101101000000000000000000100000100010000101000000000000000001001100111100000000000000000000000000000000000110100000000011001111111000000000110000000000000000000100000000000000000001000000000000000000011 #
#35610
0!
#35620
1!
b000000000000000001111100001110100000000000000000100110011110000000001111001000001111110100011111110000000000000000000000000000000000000010001100010011110000000000000000000000000000000000001111001000001111110100011111110000001000000000000000000100000100011000101000000000000000001001100111100000000000000000000000000000000000110100000000011001111111000000000110000000000000000000100000000000000000001000000000000000000011 #
#35630
0!
#35640
1!
b000000000000000001111100001110100000000000000000100110011110000000001111001000001111110100011111110000000000000000000000000000000000000010001100001111110000000000000000000000100000100100001111001000001111110100011111110001101000000000000000000100000100011000101000000000000000001001100111100000000000000000000000000000000000110100000000011001111111000000000110000000000000000000100000000000000000001000000000000000000011 #
#35650
0!
#35660
1!
b000000000000000001111100001110100000000000000000100110011110000000001111011111111110010100001110100000000000000000000000000000000000000010010000010011110000000000000000000000000000000000001111011111111110010100001110100000001000000000000000000100000100100000101000000000000000001001100111100000000000000000000000000000000000110100000000011001111111000000000110000000000000000000100000000000000000001000000000000000000011 #
#35670
0!
#35680
1!
b000000000000000001111100001110100000000000000000100110011110000000001111011111111110010100001110100000000000000000000000000000000000000010010000001111110000000000000000000000100000100010001111011111111110010100001110100001101000000000000000000100000100100000101000000000000000001001100111100000000000000000000000000000000000110100000000011001111111000000000110000000000000000000100000000000000000001000000000000000000011 #
#35690
0!
#35700
1!
b000000000000000001111100001110100000000000000000100110011110000000001011111100000000001110000000000100000000000000000000000000000000000010001000010011110000000000000000000000000000000000001011111100000000001110000000000100001000000000000000000100000100010000101000000000000000001001100111100000000000000000000000000000000000110100000000011001111111000000000110000000000000000000100000000000000000001000000000000000000011 #
#35710
0!
#35720
1!
b000000000000000001111100001110100000000000000000100110011110000000001011111100000000001110000000000100000000000000000000000000000000000010001000001111110000000000000000000000100000100011001011111100000000001110000000000101101000000000000000000100000100010000101000000000000000001001100111100000000000000000000000000000000000110100000000011001111111000000000110000000000000000000100000000000000000001000000000000000000011 #
#35730
0!
#35740
1!
b000000000000000001111100001110100000000000000000100110011110000000001111001000001111110100011111110000000000000000000000000000000000000010001100010011110000000000000000000000000000000000001111001000001111110100011111110000001000000000000000000100000100011000101000000000000000001001100111100000000000000000000000000000000000110100000000011001111111000000000110000000000000000000100000000000000000001000000000000000000011 #
#35750
0!
#35760
1!
b000000000000000001111100001110100000000000000000100110011110000000001111001000001111110100011111110000000000000000000000000000000000000010001100001111110000000000000000000000100000100100001111001000001111110100011111110001101000000000000000000100000100011000101000000000000000001001100111100000000000000000000000000000000000110100000000011001111111000000000110000000000000000000100000000000000000001000000000000000000011 #
#35770
0!
#35780
1!
b000000000000000001111100001110100000000000000000100110011110000000001111011111111110010100001110100000000000000000000000000000000000000010010000010011110000000000000000000000000000000000001111011111111110010100001110100000001000000000000000000100000100100000101000000000000000001001100111100000000000000000000000000000000000110100000000011001111111000000000110000000000000000000100000000000000000001000000000000000000011 #
#35790
0!
#35800
1!
b000000000000000001111100001110100000000000000000100110011110000000001111011111111110010100001110100000000000000000000000000000000000000010010000001111110000000000000000000000100000100010001111011111111110010100001110100001101000000000000000000100000100100000101000000000000000001001100111100000000000000000000000000000000000110100000000011001111111000000000110000000000000000000100000000000000000001000000000000000000011 #
#35810
0!
#35820
1!
b000000000000000001111100001110100000000000000000100110011110000000001011111100000000001110000000000100000000000000000000000000000000000010001000010011110000000000000000000000000000000000001011111100000000001110000000000100001000000000000000000100000100010000101000000000000000001001100111100000000000000000000000000000000000110100000000011001111111000000000110000000000000000000100000000000000000001000000000000000000011 #
#35830
0!
#35840
1!
b000000000000000001111100001110100000000000000000100110011110000000001011111100000000001110000000000100000000000000000000000000000000000010001000001111110000000000000000000000100000100011001011111100000000001110000000000101101000000000000000000100000100010000101000000000000000001001100111100000000000000000000000000000000000110100000000011001111111000000000110000000000000000000100000000000000000001000000000000000000011 #
#35850
0!
#35860
1!
b000000000000000001111100001110100000000000000000100110011110000000001111001000001111110100011111110000000000000000000000000000000000000010001100010011110000000000000000000000000000000000001111001000001111110100011111110000001000000000000000000100000100011000101000000000000000001001100111100000000000000000000000000000000000110100000000011001111111000000000110000000000000000000100000000000000000001000000000000000000011 #
#35870
0!
#35880
1!
b000000000000000001111100001110100000000000000000100110011110000000001111001000001111110100011111110000000000000000000000000000000000000010001100001111110000000000000000000000100000100100001111001000001111110100011111110001101000000000000000000100000100011000101000000000000000001001100111100000000000000000000000000000000000110100000000011001111111000000000110000000000000000000100000000000000000001000000000000000000011 #
#35890
0!
#35900
1!
b000000000000000001111100001110100000000000000000100110011110000000001111011111111110010100001110100000000000000000000000000000000000000010010000010011110000000000000000000000000000000000001111011111111110010100001110100000001000000000000000000100000100100000101000000000000000001001100111100000000000000000000000000000000000110100000000011001111111000000000110000000000000000000100000000000000000001000000000000000000011 #
#35910
0!
#35920
1!
b000000000000000001111100001110100000000000000000100110011110000000001111011111111110010100001110100000000000000000000000000000000000000010010000001111110000000000000000000000100000100010001111011111111110010100001110100001101000000000000000000100000100100000101000000000000000001001100111100000000000000000000000000000000000110100000000011001111111000000000110000000000000000000100000000000000000001000000000000000000011 #
#35930
0!
#35940
1!
b000000000000000001111100001110100000000000000000100110011110000000001011111100000000001110000000000100000000000000000000000000000000000010001000010011110000000000000000000000000000000000001011111100000000001110000000000100001000000000000000000100000100010000101000000000000000001001100111100000000000000000000000000000000000110100000000011001111111000000000110000000000000000000100000000000000000001000000000000000000011 #
#35950
0!
#35960
1!
b000000000000000001111100001110100000000000000000100110011110000000001011111100000000001110000000000100000000000000000000000000000000000010001000001111110000000000000000000000100000100011001011111100000000001110000000000101101000000000000000000100000100010000101000000000000000001001100111100000000000000000000000000000000000110100000000011001111111000000000110000000000000000000100000000000000000001000000000000000000011 #
#35970
0!
#35980
1!
b000000000000000001111100001110100000000000000000100110011110000000001111001000001111110100011111110000000000000000000000000000000000000010001100010011110000000000000000000000000000000000001111001000001111110100011111110000001000000000000000000100000100011000101000000000000000001001100111100000000000000000000000000000000000110100000000011001111111000000000110000000000000000000100000000000000000001000000000000000000011 #
#35990
0!
#36000
1!
b000000000000000001111100001110100000000000000000100110011110000000001111001000001111110100011111110000000000000000000000000000000000000010001100001111110000000000000000000000100000100100001111001000001111110100011111110001101000000000000000000100000100011000101000000000000000001001100111100000000000000000000000000000000000110100000000011001111111000000000110000000000000000000100000000000000000001000000000000000000011 #
#36010
0!
#36020
1!
b000000000000000001111100001110100000000000000000100110011110000000001111011111111110010100001110100000000000000000000000000000000000000010010000010011110000000000000000000000000000000000001111011111111110010100001110100000001000000000000000000100000100100000101000000000000000001001100111100000000000000000000000000000000000110100000000011001111111000000000110000000000000000000100000000000000000001000000000000000000011 #
#36030
0!
#36040
1!
b000000000000000001111100001110100000000000000000100110011110000000001111011111111110010100001110100000000000000000000000000000000000000010010000001111110000000000000000000000100000100010001111011111111110010100001110100001101000000000000000000100000100100000101000000000000000001001100111100000000000000000000000000000000000110100000000011001111111000000000110000000000000000000100000000000000000001000000000000000000011 #
#36050
0!
#36060
1!
b000000000000000001111100001110100000000000000000100110011110000000001011111100000000001110000000000100000000000000000000000000000000000010001000010011110000000000000000000000000000000000001011111100000000001110000000000100001000000000000000000100000100010000101000000000000000001001100111100000000000000000000000000000000000110100000000011001111111000000000110000000000000000000100000000000000000001000000000000000000011 #
#36070
0!
#36080
1!
b000000000000000001111100001110100000000000000000100110011110000000001011111100000000001110000000000100000000000000000000000000000000000010001000001111110000000000000000000000100000100011001011111100000000001110000000000101101000000000000000000100000100010000101000000000000000001001100111100000000000000000000000000000000000110100000000011001111111000000000110000000000000000000100000000000000000001000000000000000000011 #
#36090
0!
#36100
1!
b000000000000000001111100001110100000000000000000100110011110000000001111001000001111110100011111110000000000000000000000000000000000000010001100010011110000000000000000000000000000000000001111001000001111110100011111110000001000000000000000000100000100011000101000000000000000001001100111100000000000000000000000000000000000110100000000011001111111000000000110000000000000000000100000000000000000001000000000000000000011 #
#36110
0!
#36120
1!
b000000000000000001111100001110100000000000000000100110011110000000001111001000001111110100011111110000000000000000000000000000000000000010001100001111110000000000000000000000100000100100001111001000001111110100011111110001101000000000000000000100000100011000101000000000000000001001100111100000000000000000000000000000000000110100000000011001111111000000000110000000000000000000100000000000000000001000000000000000000011 #
#36130
0!
#36140
1!
b000000000000000001111100001110100000000000000000100110011110000000001111011111111110010100001110100000000000000000000000000000000000000010010000010011110000000000000000000000000000000000001111011111111110010100001110100000001000000000000000000100000100100000101000000000000000001001100111100000000000000000000000000000000000110100000000011001111111000000000110000000000000000000100000000000000000001000000000000000000011 #
#36150
0!
#36160
1!
b000000000000000001111100001110100000000000000000100110011110000000001111011111111110010100001110100000000000000000000000000000000000000010010000001111110000000000000000000000100000100010001111011111111110010100001110100001101000000000000000000100000100100000101000000000000000001001100111100000000000000000000000000000000000110100000000011001111111000000000110000000000000000000100000000000000000001000000000000000000011 #
#36170
0!
#36180
1!
b000000000000000001111100001110100000000000000000100110011110000000001011111100000000001110000000000100000000000000000000000000000000000010001000010011110000000000000000000000000000000000001011111100000000001110000000000100001000000000000000000100000100010000101000000000000000001001100111100000000000000000000000000000000000110100000000011001111111000000000110000000000000000000100000000000000000001000000000000000000011 #
#36190
0!
#36200
1!
b000000000000000001111100001110100000000000000000100110011110000000001011111100000000001110000000000100000000000000000000000000000000000010001000001111110000000000000000000000100000100011001011111100000000001110000000000101101000000000000000000100000100010000101000000000000000001001100111100000000000000000000000000000000000110100000000011001111111000000000110000000000000000000100000000000000000001000000000000000000011 #
#36210
0!
#36220
1!
b000000000000000001111100001110100000000000000000100110011110000000001111001000001111110100011111110000000000000000000000000000000000000010001100010011110000000000000000000000000000000000001111001000001111110100011111110000001000000000000000000100000100011000101000000000000000001001100111100000000000000000000000000000000000110100000000011001111111000000000110000000000000000000100000000000000000001000000000000000000011 #
#36230
0!
#36240
1!
b000000000000000001111100001110100000000000000000100110011110000000001111001000001111110100011111110000000000000000000000000000000000000010001100001111110000000000000000000000100000100100001111001000001111110100011111110001101000000000000000000100000100011000101000000000000000001001100111100000000000000000000000000000000000110100000000011001111111000000000110000000000000000000100000000000000000001000000000000000000011 #
#36250
0!
#36260
1!
b000000000000000001111100001110100000000000000000100110011110000000001111011111111110010100001110100000000000000000000000000000000000000010010000010011110000000000000000000000000000000000001111011111111110010100001110100000001000000000000000000100000100100000101000000000000000001001100111100000000000000000000000000000000000110100000000011001111111000000000110000000000000000000100000000000000000001000000000000000000011 #
#36270
0!
#36280
1!
b000000000000000001111100001110100000000000000000100110011110000000001111011111111110010100001110100000000000000000000000000000000000000010010000001111110000000000000000000000100000100010001111011111111110010100001110100001101000000000000000000100000100100000101000000000000000001001100111100000000000000000000000000000000000110100000000011001111111000000000110000000000000000000100000000000000000001000000000000000000011 #
#36290
0!
#36300
1!
b000000000000000001111100001110100000000000000000100110011110000000001011111100000000001110000000000100000000000000000000000000000000000010001000010011110000000000000000000000000000000000001011111100000000001110000000000100001000000000000000000100000100010000101000000000000000001001100111100000000000000000000000000000000000110100000000011001111111000000000110000000000000000000100000000000000000001000000000000000000011 #
#36310
0!
#36320
1!
b000000000000000001111100001110100000000000000000100110011110000000001011111100000000001110000000000100000000000000000000000000000000000010001000001111110000000000000000000000100000100011001011111100000000001110000000000101101000000000000000000100000100010000101000000000000000001001100111100000000000000000000000000000000000110100000000011001111111000000000110000000000000000000100000000000000000001000000000000000000011 #
#36330
0!
#36340
1!
b000000000000000001111100001110100000000000000000100110011110000000001111001000001111110100011111110000000000000000000000000000000000000010001100010011110000000000000000000000000000000000001111001000001111110100011111110000001000000000000000000100000100011000101000000000000000001001100111100000000000000000000000000000000000110100000000011001111111000000000110000000000000000000100000000000000000001000000000000000000011 #
#36350
0!
#36360
1!
b000000000000000001111100001110100000000000000000100110011110000000001111001000001111110100011111110000000000000000000000000000000000000010001100001111110000000000000000000000100000100100001111001000001111110100011111110001101000000000000000000100000100011000101000000000000000001001100111100000000000000000000000000000000000110100000000011001111111000000000110000000000000000000100000000000000000001000000000000000000011 #
#36370
0!
#36380
1!
b000000000000000001111100001110100000000000000000100110011110000000001111011111111110010100001110100000000000000000000000000000000000000010010000010011110000000000000000000000000000000000001111011111111110010100001110100000001000000000000000000100000100100000101000000000000000001001100111100000000000000000000000000000000000110100000000011001111111000000000110000000000000000000100000000000000000001000000000000000000011 #
#36390
0!
#36400
1!
b000000000000000001111100001110100000000000000000100110011110000000001111011111111110010100001110100000000000000000000000000000000000000010010000001111110000000000000000000000100000100010001111011111111110010100001110100001101000000000000000000100000100100000101000000000000000001001100111100000000000000000000000000000000000110100000000011001111111000000000110000000000000000000100000000000000000001000000000000000000011 #
#36410
0!
#36420
1!
b000000000000000001111100001110100000000000000000100110011110000000001011111100000000001110000000000100000000000000000000000000000000000010001000010011110000000000000000000000000000000000001011111100000000001110000000000100001000000000000000000100000100010000101000000000000000001001100111100000000000000000000000000000000000110100000000011001111111000000000110000000000000000000100000000000000000001000000000000000000011 #
#36430
0!
#36440
1!
b000000000000000001111100001110100000000000000000100110011110000000001011111100000000001110000000000100000000000000000000000000000000000010001000001111110000000000000000000000100000100011001011111100000000001110000000000101101000000000000000000100000100010000101000000000000000001001100111100000000000000000000000000000000000110100000000011001111111000000000110000000000000000000100000000000000000001000000000000000000011 #
#36450
0!
#36460
1!
b000000000000000001111100001110100000000000000000100110011110000000001111001000001111110100011111110000000000000000000000000000000000000010001100010011110000000000000000000000000000000000001111001000001111110100011111110000001000000000000000000100000100011000101000000000000000001001100111100000000000000000000000000000000000110100000000011001111111000000000110000000000000000000100000000000000000001000000000000000000011 #
#36470
0!
#36480
1!
b000000000000000001111100001110100000000000000000100110011110000000001111001000001111110100011111110000000000000000000000000000000000000010001100001111110000000000000000000000100000100100001111001000001111110100011111110001101000000000000000000100000100011000101000000000000000001001100111100000000000000000000000000000000000110100000000011001111111000000000110000000000000000000100000000000000000001000000000000000000011 #
#36490
0!
#36500
1!
b000000000000000001111100001110100000000000000000100110011110000000001111011111111110010100001110100000000000000000000000000000000000000010010000010011110000000000000000000000000000000000001111011111111110010100001110100000001000000000000000000100000100100000101000000000000000001001100111100000000000000000000000000000000000110100000000011001111111000000000110000000000000000000100000000000000000001000000000000000000011 #
#36510
0!
#36520
1!
b000000000000000001111100001110100000000000000000100110011110000000001111011111111110010100001110100000000000000000000000000000000000000010010000001111110000000000000000000000100000100010001111011111111110010100001110100001101000000000000000000100000100100000101000000000000000001001100111100000000000000000000000000000000000110100000000011001111111000000000110000000000000000000100000000000000000001000000000000000000011 #
#36530
0!
#36540
1!
b000000000000000001111100001110100000000000000000100110011110000000001011111100000000001110000000000100000000000000000000000000000000000010001000010011110000000000000000000000000000000000001011111100000000001110000000000100001000000000000000000100000100010000101000000000000000001001100111100000000000000000000000000000000000110100000000011001111111000000000110000000000000000000100000000000000000001000000000000000000011 #
#36550
0!
#36560
1!
b000000000000000001111100001110100000000000000000100110011110000000001011111100000000001110000000000100000000000000000000000000000000000010001000001111110000000000000000000000100000100011001011111100000000001110000000000101101000000000000000000100000100010000101000000000000000001001100111100000000000000000000000000000000000110100000000011001111111000000000110000000000000000000100000000000000000001000000000000000000011 #
#36570
0!
#36580
1!
b000000000000000001111100001110100000000000000000100110011110000000001111001000001111110100011111110000000000000000000000000000000000000010001100010011110000000000000000000000000000000000001111001000001111110100011111110000001000000000000000000100000100011000101000000000000000001001100111100000000000000000000000000000000000110100000000011001111111000000000110000000000000000000100000000000000000001000000000000000000011 #
#36590
0!
#36600
1!
b000000000000000001111100001110100000000000000000100110011110000000001111001000001111110100011111110000000000000000000000000000000000000010001100001111110000000000000000000000100000100100001111001000001111110100011111110001101000000000000000000100000100011000101000000000000000001001100111100000000000000000000000000000000000110100000000011001111111000000000110000000000000000000100000000000000000001000000000000000000011 #
#36610
0!
#36620
1!
b000000000000000001111100001110100000000000000000100110011110000000001111011111111110010100001110100000000000000000000000000000000000000010010000010011110000000000000000000000000000000000001111011111111110010100001110100000001000000000000000000100000100100000101000000000000000001001100111100000000000000000000000000000000000110100000000011001111111000000000110000000000000000000100000000000000000001000000000000000000011 #
#36630
0!
#36640
1!
b000000000000000001111100001110100000000000000000100110011110000000001111011111111110010100001110100000000000000000000000000000000000000010010000001111110000000000000000000000100000100010001111011111111110010100001110100001101000000000000000000100000100100000101000000000000000001001100111100000000000000000000000000000000000110100000000011001111111000000000110000000000000000000100000000000000000001000000000000000000011 #
#36650
0!
#36660
1!
b000000000000000001111100001110100000000000000000100110011110000000001011111100000000001110000000000100000000000000000000000000000000000010001000010011110000000000000000000000000000000000001011111100000000001110000000000100001000000000000000000100000100010000101000000000000000001001100111100000000000000000000000000000000000110100000000011001111111000000000110000000000000000000100000000000000000001000000000000000000011 #
#36670
0!
#36680
1!
b000000000000000001111100001110100000000000000000100110011110000000001011111100000000001110000000000100000000000000000000000000000000000010001000001111110000000000000000000000100000100011001011111100000000001110000000000101101000000000000000000100000100010000101000000000000000001001100111100000000000000000000000000000000000110100000000011001111111000000000110000000000000000000100000000000000000001000000000000000000011 #
#36690
0!
#36700
1!
b000000000000000001111100001110100000000000000000100110011110000000001111001000001111110100011111110000000000000000000000000000000000000010001100010011110000000000000000000000000000000000001111001000001111110100011111110000001000000000000000000100000100011000101000000000000000001001100111100000000000000000000000000000000000110100000000011001111111000000000110000000000000000000100000000000000000001000000000000000000011 #
#36710
0!
#36720
1!
b000000000000000001111100001110100000000000000000100110011110000000001111001000001111110100011111110000000000000000000000000000000000000010001100001111110000000000000000000000100000100100001111001000001111110100011111110001101000000000000000000100000100011000101000000000000000001001100111100000000000000000000000000000000000110100000000011001111111000000000110000000000000000000100000000000000000001000000000000000000011 #
#36730
0!
#36740
1!
b000000000000000001111100001110100000000000000000100110011110000000001111011111111110010100001110100000000000000000000000000000000000000010010000010011110000000000000000000000000000000000001111011111111110010100001110100000001000000000000000000100000100100000101000000000000000001001100111100000000000000000000000000000000000110100000000011001111111000000000110000000000000000000100000000000000000001000000000000000000011 #
#36750
0!
#36760
1!
b000000000000000001111100001110100000000000000000100110011110000000001111011111111110010100001110100000000000000000000000000000000000000010010000001111110000000000000000000000100000100010001111011111111110010100001110100001101000000000000000000100000100100000101000000000000000001001100111100000000000000000000000000000000000110100000000011001111111000000000110000000000000000000100000000000000000001000000000000000000011 #
#36770
0!
#36780
1!
b000000000000000001111100001110100000000000000000100110011110000000001011111100000000001110000000000100000000000000000000000000000000000010001000010011110000000000000000000000000000000000001011111100000000001110000000000100001000000000000000000100000100010000101000000000000000001001100111100000000000000000000000000000000000110100000000011001111111000000000110000000000000000000100000000000000000001000000000000000000011 #
#36790
0!
#36800
1!
b000000000000000001111100001110100000000000000000100110011110000000001011111100000000001110000000000100000000000000000000000000000000000010001000001111110000000000000000000000100000100011001011111100000000001110000000000101101000000000000000000100000100010000101000000000000000001001100111100000000000000000000000000000000000110100000000011001111111000000000110000000000000000000100000000000000000001000000000000000000011 #
#36810
0!
#36820
1!
b000000000000000001111100001110100000000000000000100110011110000000001111001000001111110100011111110000000000000000000000000000000000000010001100010011110000000000000000000000000000000000001111001000001111110100011111110000001000000000000000000100000100011000101000000000000000001001100111100000000000000000000000000000000000110100000000011001111111000000000110000000000000000000100000000000000000001000000000000000000011 #
#36830
0!
#36840
1!
b000000000000000001111100001110100000000000000000100110011110000000001111001000001111110100011111110000000000000000000000000000000000000010001100001111110000000000000000000000100000100100001111001000001111110100011111110001101000000000000000000100000100011000101000000000000000001001100111100000000000000000000000000000000000110100000000011001111111000000000110000000000000000000100000000000000000001000000000000000000011 #
#36850
0!
#36860
1!
b000000000000000001111100001110100000000000000000100110011110000000001111011111111110010100001110100000000000000000000000000000000000000010010000010011110000000000000000000000000000000000001111011111111110010100001110100000001000000000000000000100000100100000101000000000000000001001100111100000000000000000000000000000000000110100000000011001111111000000000110000000000000000000100000000000000000001000000000000000000011 #
#36870
0!
#36880
1!
b000000000000000001111100001110100000000000000000100110011110000000001111011111111110010100001110100000000000000000000000000000000000000010010000001111110000000000000000000000100000100010001111011111111110010100001110100001101000000000000000000100000100100000101000000000000000001001100111100000000000000000000000000000000000110100000000011001111111000000000110000000000000000000100000000000000000001000000000000000000011 #
#36890
0!
#36900
1!
b000000000000000001111100001110100000000000000000100110011110000000001011111100000000001110000000000100000000000000000000000000000000000010001000010011110000000000000000000000000000000000001011111100000000001110000000000100001000000000000000000100000100010000101000000000000000001001100111100000000000000000000000000000000000110100000000011001111111000000000110000000000000000000100000000000000000001000000000000000000011 #
#36910
0!
#36920
1!
b000000000000000001111100001110100000000000000000100110011110000000001011111100000000001110000000000100000000000000000000000000000000000010001000001111110000000000000000000000100000100011001011111100000000001110000000000101101000000000000000000100000100010000101000000000000000001001100111100000000000000000000000000000000000110100000000011001111111000000000110000000000000000000100000000000000000001000000000000000000011 #
#36930
0!
#36940
1!
b000000000000000001111100001110100000000000000000100110011110000000001111001000001111110100011111110000000000000000000000000000000000000010001100010011110000000000000000000000000000000000001111001000001111110100011111110000001000000000000000000100000100011000101000000000000000001001100111100000000000000000000000000000000000110100000000011001111111000000000110000000000000000000100000000000000000001000000000000000000011 #
#36950
0!
#36960
1!
b000000000000000001111100001110100000000000000000100110011110000000001111001000001111110100011111110000000000000000000000000000000000000010001100001111110000000000000000000000100000100100001111001000001111110100011111110001101000000000000000000100000100011000101000000000000000001001100111100000000000000000000000000000000000110100000000011001111111000000000110000000000000000000100000000000000000001000000000000000000011 #
#36970
0!
#36980
1!
b000000000000000001111100001110100000000000000000100110011110000000001111011111111110010100001110100000000000000000000000000000000000000010010000010011110000000000000000000000000000000000001111011111111110010100001110100000001000000000000000000100000100100000101000000000000000001001100111100000000000000000000000000000000000110100000000011001111111000000000110000000000000000000100000000000000000001000000000000000000011 #
#36990
0!
#37000
1!
b000000000000000001111100001110100000000000000000100110011110000000001111011111111110010100001110100000000000000000000000000000000000000010010000001111110000000000000000000000100000100010001111011111111110010100001110100001101000000000000000000100000100100000101000000000000000001001100111100000000000000000000000000000000000110100000000011001111111000000000110000000000000000000100000000000000000001000000000000000000011 #
#37010
0!
#37020
1!
b000000000000000001111100001110100000000000000000100110011110000000001011111100000000001110000000000100000000000000000000000000000000000010001000010011110000000000000000000000000000000000001011111100000000001110000000000100001000000000000000000100000100010000101000000000000000001001100111100000000000000000000000000000000000110100000000011001111111000000000110000000000000000000100000000000000000001000000000000000000011 #
#37030
0!
#37040
1!
b000000000000000001111100001110100000000000000000100110011110000000001011111100000000001110000000000100000000000000000000000000000000000010001000001111110000000000000000000000100000100011001011111100000000001110000000000101101000000000000000000100000100010000101000000000000000001001100111100000000000000000000000000000000000110100000000011001111111000000000110000000000000000000100000000000000000001000000000000000000011 #
#37050
0!
#37060
1!
b000000000000000001111100001110100000000000000000100110011110000000001111001000001111110100011111110000000000000000000000000000000000000010001100010011110000000000000000000000000000000000001111001000001111110100011111110000001000000000000000000100000100011000101000000000000000001001100111100000000000000000000000000000000000110100000000011001111111000000000110000000000000000000100000000000000000001000000000000000000011 #
#37070
0!
#37080
1!
b000000000000000001111100001110100000000000000000100110011110000000001111001000001111110100011111110000000000000000000000000000000000000010001100001111110000000000000000000000100000100100001111001000001111110100011111110001101000000000000000000100000100011000101000000000000000001001100111100000000000000000000000000000000000110100000000011001111111000000000110000000000000000000100000000000000000001000000000000000000011 #
#37090
0!
#37100
1!
b000000000000000001111100001110100000000000000000100110011110000000001111011111111110010100001110100000000000000000000000000000000000000010010000010011110000000000000000000000000000000000001111011111111110010100001110100000001000000000000000000100000100100000101000000000000000001001100111100000000000000000000000000000000000110100000000011001111111000000000110000000000000000000100000000000000000001000000000000000000011 #
#37110
0!
#37120
1!
b000000000000000001111100001110100000000000000000100110011110000000001111011111111110010100001110100000000000000000000000000000000000000010010000001111110000000000000000000000100000100010001111011111111110010100001110100001101000000000000000000100000100100000101000000000000000001001100111100000000000000000000000000000000000110100000000011001111111000000000110000000000000000000100000000000000000001000000000000000000011 #
#37130
0!
#37140
1!
b000000000000000001111100001110100000000000000000100110011110000000001011111100000000001110000000000100000000000000000000000000000000000010001000010011110000000000000000000000000000000000001011111100000000001110000000000100001000000000000000000100000100010000101000000000000000001001100111100000000000000000000000000000000000110100000000011001111111000000000110000000000000000000100000000000000000001000000000000000000011 #
#37150
0!
#37160
1!
b000000000000000001111100001110100000000000000000100110011110000000001011111100000000001110000000000100000000000000000000000000000000000010001000001111110000000000000000000000100000100011001011111100000000001110000000000101101000000000000000000100000100010000101000000000000000001001100111100000000000000000000000000000000000110100000000011001111111000000000110000000000000000000100000000000000000001000000000000000000011 #
#37170
0!
#37180
1!
b000000000000000001111100001110100000000000000000100110011110000000001111001000001111110100011111110000000000000000000000000000000000000010001100010011110000000000000000000000000000000000001111001000001111110100011111110000001000000000000000000100000100011000101000000000000000001001100111100000000000000000000000000000000000110100000000011001111111000000000110000000000000000000100000000000000000001000000000000000000011 #
#37190
0!
#37200
1!
b000000000000000001111100001110100000000000000000100110011110000000001111001000001111110100011111110000000000000000000000000000000000000010001100001111110000000000000000000000100000100100001111001000001111110100011111110001101000000000000000000100000100011000101000000000000000001001100111100000000000000000000000000000000000110100000000011001111111000000000110000000000000000000100000000000000000001000000000000000000011 #
#37210
0!
#37220
1!
b000000000000000001111100001110100000000000000000100110011110000000001111011111111110010100001110100000000000000000000000000000000000000010010000010011110000000000000000000000000000000000001111011111111110010100001110100000001000000000000000000100000100100000101000000000000000001001100111100000000000000000000000000000000000110100000000011001111111000000000110000000000000000000100000000000000000001000000000000000000011 #
#37230
0!
#37240
1!
b000000000000000001111100001110100000000000000000100110011110000000001111011111111110010100001110100000000000000000000000000000000000000010010000001111110000000000000000000000100000100010001111011111111110010100001110100001101000000000000000000100000100100000101000000000000000001001100111100000000000000000000000000000000000110100000000011001111111000000000110000000000000000000100000000000000000001000000000000000000011 #
#37250
0!
#37260
1!
b000000000000000001111100001110100000000000000000100110011110000000001011111100000000001110000000000100000000000000000000000000000000000010001000010011110000000000000000000000000000000000001011111100000000001110000000000100001000000000000000000100000100010000101000000000000000001001100111100000000000000000000000000000000000110100000000011001111111000000000110000000000000000000100000000000000000001000000000000000000011 #
#37270
0!
#37280
1!
b000000000000000001111100001110100000000000000000100110011110000000001011111100000000001110000000000100000000000000000000000000000000000010001000001111110000000000000000000000100000100011001011111100000000001110000000000101101000000000000000000100000100010000101000000000000000001001100111100000000000000000000000000000000000110100000000011001111111000000000110000000000000000000100000000000000000001000000000000000000011 #
#37290
0!
#37300
1!
b000000000000000001111100001110100000000000000000100110011110000000001111001000001111110100011111110000000000000000000000000000000000000010001100010011110000000000000000000000000000000000001111001000001111110100011111110000001000000000000000000100000100011000101000000000000000001001100111100000000000000000000000000000000000110100000000011001111111000000000110000000000000000000100000000000000000001000000000000000000011 #
#37310
0!
#37320
1!
b000000000000000001111100001110100000000000000000100110011110000000001111001000001111110100011111110000000000000000000000000000000000000010001100001111110000000000000000000000100000100100001111001000001111110100011111110001101000000000000000000100000100011000101000000000000000001001100111100000000000000000000000000000000000110100000000011001111111000000000110000000000000000000100000000000000000001000000000000000000011 #
#37330
0!
#37340
1!
b000000000000000001111100001110100000000000000000100110011110000000001111011111111110010100001110100000000000000000000000000000000000000010010000010011110000000000000000000000000000000000001111011111111110010100001110100000001000000000000000000100000100100000101000000000000000001001100111100000000000000000000000000000000000110100000000011001111111000000000110000000000000000000100000000000000000001000000000000000000011 #
#37350
0!
#37360
1!
b000000000000000001111100001110100000000000000000100110011110000000001111011111111110010100001110100000000000000000000000000000000000000010010000001111110000000000000000000000100000100010001111011111111110010100001110100001101000000000000000000100000100100000101000000000000000001001100111100000000000000000000000000000000000110100000000011001111111000000000110000000000000000000100000000000000000001000000000000000000011 #
#37370
0!
#37380
1!
b000000000000000001111100001110100000000000000000100110011110000000001011111100000000001110000000000100000000000000000000000000000000000010001000010011110000000000000000000000000000000000001011111100000000001110000000000100001000000000000000000100000100010000101000000000000000001001100111100000000000000000000000000000000000110100000000011001111111000000000110000000000000000000100000000000000000001000000000000000000011 #
#37390
0!
#37400
1!
b000000000000000001111100001110100000000000000000100110011110000000001011111100000000001110000000000100000000000000000000000000000000000010001000001111110000000000000000000000100000100011001011111100000000001110000000000101101000000000000000000100000100010000101000000000000000001001100111100000000000000000000000000000000000110100000000011001111111000000000110000000000000000000100000000000000000001000000000000000000011 #
#37410
0!
#37420
1!
b000000000000000001111100001110100000000000000000100110011110000000001111001000001111110100011111110000000000000000000000000000000000000010001100010011110000000000000000000000000000000000001111001000001111110100011111110000001000000000000000000100000100011000101000000000000000001001100111100000000000000000000000000000000000110100000000011001111111000000000110000000000000000000100000000000000000001000000000000000000011 #
#37430
0!
#37440
1!
b000000000000000001111100001110100000000000000000100110011110000000001111001000001111110100011111110000000000000000000000000000000000000010001100001111110000000000000000000000100000100100001111001000001111110100011111110001101000000000000000000100000100011000101000000000000000001001100111100000000000000000000000000000000000110100000000011001111111000000000110000000000000000000100000000000000000001000000000000000000011 #
#37450
0!
#37460
1!
b000000000000000001111100001110100000000000000000100110011110000000001111011111111110010100001110100000000000000000000000000000000000000010010000010011110000000000000000000000000000000000001111011111111110010100001110100000001000000000000000000100000100100000101000000000000000001001100111100000000000000000000000000000000000110100000000011001111111000000000110000000000000000000100000000000000000001000000000000000000011 #
#37470
0!
#37480
1!
b000000000000000001111100001110100000000000000000100110011110000000001111011111111110010100001110100000000000000000000000000000000000000010010000001111110000000000000000000000100000100010001111011111111110010100001110100001101000000000000000000100000100100000101000000000000000001001100111100000000000000000000000000000000000110100000000011001111111000000000110000000000000000000100000000000000000001000000000000000000011 #
#37490
0!
#37500
1!
b000000000000000001111100001110100000000000000000100110011110000000001011111100000000001110000000000100000000000000000000000000000000000010001000010011110000000000000000000000000000000000001011111100000000001110000000000100001000000000000000000100000100010000101000000000000000001001100111100000000000000000000000000000000000110100000000011001111111000000000110000000000000000000100000000000000000001000000000000000000011 #
#37510
0!
#37520
1!
b000000000000000001111100001110100000000000000000100110011110000000001011111100000000001110000000000100000000000000000000000000000000000010001000001111110000000000000000000000100000100011001011111100000000001110000000000101101000000000000000000100000100010000101000000000000000001001100111100000000000000000000000000000000000110100000000011001111111000000000110000000000000000000100000000000000000001000000000000000000011 #
#37530
0!
#37540
1!
b000000000000000001111100001110100000000000000000100110011110000000001111001000001111110100011111110000000000000000000000000000000000000010001100010011110000000000000000000000000000000000001111001000001111110100011111110000001000000000000000000100000100011000101000000000000000001001100111100000000000000000000000000000000000110100000000011001111111000000000110000000000000000000100000000000000000001000000000000000000011 #
#37550
0!
#37560
1!
b000000000000000001111100001110100000000000000000100110011110000000001111001000001111110100011111110000000000000000000000000000000000000010001100001111110000000000000000000000100000100100001111001000001111110100011111110001101000000000000000000100000100011000101000000000000000001001100111100000000000000000000000000000000000110100000000011001111111000000000110000000000000000000100000000000000000001000000000000000000011 #
#37570
0!
#37580
1!
b000000000000000001111100001110100000000000000000100110011110000000001111011111111110010100001110100000000000000000000000000000000000000010010000010011110000000000000000000000000000000000001111011111111110010100001110100000001000000000000000000100000100100000101000000000000000001001100111100000000000000000000000000000000000110100000000011001111111000000000110000000000000000000100000000000000000001000000000000000000011 #
#37590
0!
#37600
1!
b000000000000000001111100001110100000000000000000100110011110000000001111011111111110010100001110100000000000000000000000000000000000000010010000001111110000000000000000000000100000100010001111011111111110010100001110100001101000000000000000000100000100100000101000000000000000001001100111100000000000000000000000000000000000110100000000011001111111000000000110000000000000000000100000000000000000001000000000000000000011 #
#37610
0!
#37620
1!
b000000000000000001111100001110100000000000000000100110011110000000001011111100000000001110000000000100000000000000000000000000000000000010001000010011110000000000000000000000000000000000001011111100000000001110000000000100001000000000000000000100000100010000101000000000000000001001100111100000000000000000000000000000000000110100000000011001111111000000000110000000000000000000100000000000000000001000000000000000000011 #
#37630
0!
#37640
1!
b000000000000000001111100001110100000000000000000100110011110000000001011111100000000001110000000000100000000000000000000000000000000000010001000001111110000000000000000000000100000100011001011111100000000001110000000000101101000000000000000000100000100010000101000000000000000001001100111100000000000000000000000000000000000110100000000011001111111000000000110000000000000000000100000000000000000001000000000000000000011 #
#37650
0!
#37660
1!
b000000000000000001111100001110100000000000000000100110011110000000001111001000001111110100011111110000000000000000000000000000000000000010001100010011110000000000000000000000000000000000001111001000001111110100011111110000001000000000000000000100000100011000101000000000000000001001100111100000000000000000000000000000000000110100000000011001111111000000000110000000000000000000100000000000000000001000000000000000000011 #
#37670
0!
#37680
1!
b000000000000000001111100001110100000000000000000100110011110000000001111001000001111110100011111110000000000000000000000000000000000000010001100001111110000000000000000000000100000100100001111001000001111110100011111110001101000000000000000000100000100011000101000000000000000001001100111100000000000000000000000000000000000110100000000011001111111000000000110000000000000000000100000000000000000001000000000000000000011 #
#37690
0!
#37700
1!
b000000000000000001111100001110100000000000000000100110011110000000001111011111111110010100001110100000000000000000000000000000000000000010010000010011110000000000000000000000000000000000001111011111111110010100001110100000001000000000000000000100000100100000101000000000000000001001100111100000000000000000000000000000000000110100000000011001111111000000000110000000000000000000100000000000000000001000000000000000000011 #
#37710
0!
#37720
1!
b000000000000000001111100001110100000000000000000100110011110000000001111011111111110010100001110100000000000000000000000000000000000000010010000001111110000000000000000000000100000100010001111011111111110010100001110100001101000000000000000000100000100100000101000000000000000001001100111100000000000000000000000000000000000110100000000011001111111000000000110000000000000000000100000000000000000001000000000000000000011 #
#37730
0!
#37740
1!
b000000000000000001111100001110100000000000000000100110011110000000001011111100000000001110000000000100000000000000000000000000000000000010001000010011110000000000000000000000000000000000001011111100000000001110000000000100001000000000000000000100000100010000101000000000000000001001100111100000000000000000000000000000000000110100000000011001111111000000000110000000000000000000100000000000000000001000000000000000000011 #
#37750
0!
#37760
1!
b000000000000000001111100001110100000000000000000100110011110000000001011111100000000001110000000000100000000000000000000000000000000000010001000001111110000000000000000000000100000100011001011111100000000001110000000000101101000000000000000000100000100010000101000000000000000001001100111100000000000000000000000000000000000110100000000011001111111000000000110000000000000000000100000000000000000001000000000000000000011 #
#37770
0!
#37780
1!
b000000000000000001111100001110100000000000000000100110011110000000001111001000001111110100011111110000000000000000000000000000000000000010001100010011110000000000000000000000000000000000001111001000001111110100011111110000001000000000000000000100000100011000101000000000000000001001100111100000000000000000000000000000000000110100000000011001111111000000000110000000000000000000100000000000000000001000000000000000000011 #
#37790
0!
#37800
1!
b000000000000000001111100001110100000000000000000100110011110000000001111001000001111110100011111110000000000000000000000000000000000000010001100001111110000000000000000000000100000100100001111001000001111110100011111110001101000000000000000000100000100011000101000000000000000001001100111100000000000000000000000000000000000110100000000011001111111000000000110000000000000000000100000000000000000001000000000000000000011 #
#37810
0!
#37820
1!
b000000000000000001111100001110100000000000000000100110011110000000001111011111111110010100001110100000000000000000000000000000000000000010010000010011110000000000000000000000000000000000001111011111111110010100001110100000001000000000000000000100000100100000101000000000000000001001100111100000000000000000000000000000000000110100000000011001111111000000000110000000000000000000100000000000000000001000000000000000000011 #
#37830
0!
#37840
1!
b000000000000000001111100001110100000000000000000100110011110000000001111011111111110010100001110100000000000000000000000000000000000000010010000001111110000000000000000000000100000100010001111011111111110010100001110100001101000000000000000000100000100100000101000000000000000001001100111100000000000000000000000000000000000110100000000011001111111000000000110000000000000000000100000000000000000001000000000000000000011 #
#37850
0!
#37860
1!
b000000000000000001111100001110100000000000000000100110011110000000001011111100000000001110000000000100000000000000000000000000000000000010001000010011110000000000000000000000000000000000001011111100000000001110000000000100001000000000000000000100000100010000101000000000000000001001100111100000000000000000000000000000000000110100000000011001111111000000000110000000000000000000100000000000000000001000000000000000000011 #
#37870
0!
#37880
1!
b000000000000000001111100001110100000000000000000100110011110000000001011111100000000001110000000000100000000000000000000000000000000000010001000001111110000000000000000000000100000100011001011111100000000001110000000000101101000000000000000000100000100010000101000000000000000001001100111100000000000000000000000000000000000110100000000011001111111000000000110000000000000000000100000000000000000001000000000000000000011 #
#37890
0!
#37900
1!
b000000000000000001111100001110100000000000000000100110011110000000001111001000001111110100011111110000000000000000000000000000000000000010001100010011110000000000000000000000000000000000001111001000001111110100011111110000001000000000000000000100000100011000101000000000000000001001100111100000000000000000000000000000000000110100000000011001111111000000000110000000000000000000100000000000000000001000000000000000000011 #
#37910
0!
#37920
1!
b000000000000000001111100001110100000000000000000100110011110000000001111001000001111110100011111110000000000000000000000000000000000000010001100001111110000000000000000000000100000100100001111001000001111110100011111110001101000000000000000000100000100011000101000000000000000001001100111100000000000000000000000000000000000110100000000011001111111000000000110000000000000000000100000000000000000001000000000000000000011 #
#37930
0!
#37940
1!
b000000000000000001111100001110100000000000000000100110011110000000001111011111111110010100001110100000000000000000000000000000000000000010010000010011110000000000000000000000000000000000001111011111111110010100001110100000001000000000000000000100000100100000101000000000000000001001100111100000000000000000000000000000000000110100000000011001111111000000000110000000000000000000100000000000000000001000000000000000000011 #
#37950
0!
#37960
1!
b000000000000000001111100001110100000000000000000100110011110000000001111011111111110010100001110100000000000000000000000000000000000000010010000001111110000000000000000000000100000100010001111011111111110010100001110100001101000000000000000000100000100100000101000000000000000001001100111100000000000000000000000000000000000110100000000011001111111000000000110000000000000000000100000000000000000001000000000000000000011 #
#37970
0!
#37980
1!
b000000000000000001111100001110100000000000000000100110011110000000001011111100000000001110000000000100000000000000000000000000000000000010001000010011110000000000000000000000000000000000001011111100000000001110000000000100001000000000000000000100000100010000101000000000000000001001100111100000000000000000000000000000000000110100000000011001111111000000000110000000000000000000100000000000000000001000000000000000000011 #
#37990
0!
#38000
1!
b000000000000000001111100001110100000000000000000100110011110000000001011111100000000001110000000000100000000000000000000000000000000000010001000001111110000000000000000000000100000100011001011111100000000001110000000000101101000000000000000000100000100010000101000000000000000001001100111100000000000000000000000000000000000110100000000011001111111000000000110000000000000000000100000000000000000001000000000000000000011 #
#38010
0!
#38020
1!
b000000000000000001111100001110100000000000000000100110011110000000001111001000001111110100011111110000000000000000000000000000000000000010001100010011110000000000000000000000000000000000001111001000001111110100011111110000001000000000000000000100000100011000101000000000000000001001100111100000000000000000000000000000000000110100000000011001111111000000000110000000000000000000100000000000000000001000000000000000000011 #
#38030
0!
#38040
1!
b000000000000000001111100001110100000000000000000100110011110000000001111001000001111110100011111110000000000000000000000000000000000000010001100001111110000000000000000000000100000100100001111001000001111110100011111110001101000000000000000000100000100011000101000000000000000001001100111100000000000000000000000000000000000110100000000011001111111000000000110000000000000000000100000000000000000001000000000000000000011 #
#38050
0!
#38060
1!
b000000000000000001111100001110100000000000000000100110011110000000001111011111111110010100001110100000000000000000000000000000000000000010010000010011110000000000000000000000000000000000001111011111111110010100001110100000001000000000000000000100000100100000101000000000000000001001100111100000000000000000000000000000000000110100000000011001111111000000000110000000000000000000100000000000000000001000000000000000000011 #
#38070
0!
#38080
1!
b000000000000000001111100001110100000000000000000100110011110000000001111011111111110010100001110100000000000000000000000000000000000000010010000001111110000000000000000000000100000100010001111011111111110010100001110100001101000000000000000000100000100100000101000000000000000001001100111100000000000000000000000000000000000110100000000011001111111000000000110000000000000000000100000000000000000001000000000000000000011 #
#38090
0!
#38100
1!
b000000000000000001111100001110100000000000000000100110011110000000001011111100000000001110000000000100000000000000000000000000000000000010001000010011110000000000000000000000000000000000001011111100000000001110000000000100001000000000000000000100000100010000101000000000000000001001100111100000000000000000000000000000000000110100000000011001111111000000000110000000000000000000100000000000000000001000000000000000000011 #
#38110
0!
#38120
1!
b000000000000000001111100001110100000000000000000100110011110000000001011111100000000001110000000000100000000000000000000000000000000000010001000001111110000000000000000000000100000100011001011111100000000001110000000000101101000000000000000000100000100010000101000000000000000001001100111100000000000000000000000000000000000110100000000011001111111000000000110000000000000000000100000000000000000001000000000000000000011 #
#38130
0!
#38140
1!
b000000000000000001111100001110100000000000000000100110011110000000001111001000001111110100011111110000000000000000000000000000000000000010001100010011110000000000000000000000000000000000001111001000001111110100011111110000001000000000000000000100000100011000101000000000000000001001100111100000000000000000000000000000000000110100000000011001111111000000000110000000000000000000100000000000000000001000000000000000000011 #
#38150
0!
#38160
1!
b000000000000000001111100001110100000000000000000100110011110000000001111001000001111110100011111110000000000000000000000000000000000000010001100001111110000000000000000000000100000100100001111001000001111110100011111110001101000000000000000000100000100011000101000000000000000001001100111100000000000000000000000000000000000110100000000011001111111000000000110000000000000000000100000000000000000001000000000000000000011 #
#38170
0!
#38180
1!
b000000000000000001111100001110100000000000000000100110011110000000001111011111111110010100001110100000000000000000000000000000000000000010010000010011110000000000000000000000000000000000001111011111111110010100001110100000001000000000000000000100000100100000101000000000000000001001100111100000000000000000000000000000000000110100000000011001111111000000000110000000000000000000100000000000000000001000000000000000000011 #
#38190
0!
#38200
1!
b000000000000000001111100001110100000000000000000100110011110000000001111011111111110010100001110100000000000000000000000000000000000000010010000001111110000000000000000000000100000100010001111011111111110010100001110100001101000000000000000000100000100100000101000000000000000001001100111100000000000000000000000000000000000110100000000011001111111000000000110000000000000000000100000000000000000001000000000000000000011 #
#38210
0!
#38220
1!
b000000000000000001111100001110100000000000000000100110011110000000001011111100000000001110000000000100000000000000000000000000000000000010001000010011110000000000000000000000000000000000001011111100000000001110000000000100001000000000000000000100000100010000101000000000000000001001100111100000000000000000000000000000000000110100000000011001111111000000000110000000000000000000100000000000000000001000000000000000000011 #
#38230
0!
#38240
1!
b000000000000000001111100001110100000000000000000100110011110000000001011111100000000001110000000000100000000000000000000000000000000000010001000001111110000000000000000000000100000100011001011111100000000001110000000000101101000000000000000000100000100010000101000000000000000001001100111100000000000000000000000000000000000110100000000011001111111000000000110000000000000000000100000000000000000001000000000000000000011 #
#38250
0!
#38260
1!
b000000000000000001111100001110100000000000000000100110011110000000001111001000001111110100011111110000000000000000000000000000000000000010001100010011110000000000000000000000000000000000001111001000001111110100011111110000001000000000000000000100000100011000101000000000000000001001100111100000000000000000000000000000000000110100000000011001111111000000000110000000000000000000100000000000000000001000000000000000000011 #
#38270
0!
#38280
1!
b000000000000000001111100001110100000000000000000100110011110000000001111001000001111110100011111110000000000000000000000000000000000000010001100001111110000000000000000000000100000100100001111001000001111110100011111110001101000000000000000000100000100011000101000000000000000001001100111100000000000000000000000000000000000110100000000011001111111000000000110000000000000000000100000000000000000001000000000000000000011 #
#38290
0!
#38300
1!
b000000000000000001111100001110100000000000000000100110011110000000001111011111111110010100001110100000000000000000000000000000000000000010010000010011110000000000000000000000000000000000001111011111111110010100001110100000001000000000000000000100000100100000101000000000000000001001100111100000000000000000000000000000000000110100000000011001111111000000000110000000000000000000100000000000000000001000000000000000000011 #
#38310
0!
#38320
1!
b000000000000000001111100001110100000000000000000100110011110000000001111011111111110010100001110100000000000000000000000000000000000000010010000001111110000000000000000000000100000100010001111011111111110010100001110100001101000000000000000000100000100100000101000000000000000001001100111100000000000000000000000000000000000110100000000011001111111000000000110000000000000000000100000000000000000001000000000000000000011 #
#38330
0!
#38340
1!
b000000000000000001111100001110100000000000000000100110011110000000001011111100000000001110000000000100000000000000000000000000000000000010001000010011110000000000000000000000000000000000001011111100000000001110000000000100001000000000000000000100000100010000101000000000000000001001100111100000000000000000000000000000000000110100000000011001111111000000000110000000000000000000100000000000000000001000000000000000000011 #
#38350
0!
#38360
1!
b000000000000000001111100001110100000000000000000100110011110000000001011111100000000001110000000000100000000000000000000000000000000000010001000001111110000000000000000000000100000100011001011111100000000001110000000000101101000000000000000000100000100010000101000000000000000001001100111100000000000000000000000000000000000110100000000011001111111000000000110000000000000000000100000000000000000001000000000000000000011 #
#38370
0!
#38380
1!
b000000000000000001111100001110100000000000000000100110011110000000001111001000001111110100011111110000000000000000000000000000000000000010001100010011110000000000000000000000000000000000001111001000001111110100011111110000001000000000000000000100000100011000101000000000000000001001100111100000000000000000000000000000000000110100000000011001111111000000000110000000000000000000100000000000000000001000000000000000000011 #
#38390
0!
#38400
1!
b000000000000000001111100001110100000000000000000100110011110000000001111001000001111110100011111110000000000000000000000000000000000000010001100001111110000000000000000000000100000100100001111001000001111110100011111110001101000000000000000000100000100011000101000000000000000001001100111100000000000000000000000000000000000110100000000011001111111000000000110000000000000000000100000000000000000001000000000000000000011 #
#38410
0!
#38420
1!
b000000000000000001111100001110100000000000000000100110011110000000001111011111111110010100001110100000000000000000000000000000000000000010010000010011110000000000000000000000000000000000001111011111111110010100001110100000001000000000000000000100000100100000101000000000000000001001100111100000000000000000000000000000000000110100000000011001111111000000000110000000000000000000100000000000000000001000000000000000000011 #
#38430
0!
#38440
1!
b000000000000000001111100001110100000000000000000100110011110000000001111011111111110010100001110100000000000000000000000000000000000000010010000001111110000000000000000000000100000100010001111011111111110010100001110100001101000000000000000000100000100100000101000000000000000001001100111100000000000000000000000000000000000110100000000011001111111000000000110000000000000000000100000000000000000001000000000000000000011 #
#38450
0!
#38460
1!
b000000000000000001111100001110100000000000000000100110011110000000001011111100000000001110000000000100000000000000000000000000000000000010001000010011110000000000000000000000000000000000001011111100000000001110000000000100001000000000000000000100000100010000101000000000000000001001100111100000000000000000000000000000000000110100000000011001111111000000000110000000000000000000100000000000000000001000000000000000000011 #
#38470
0!
#38480
1!
b000000000000000001111100001110100000000000000000100110011110000000001011111100000000001110000000000100000000000000000000000000000000000010001000001111110000000000000000000000100000100011001011111100000000001110000000000101101000000000000000000100000100010000101000000000000000001001100111100000000000000000000000000000000000110100000000011001111111000000000110000000000000000000100000000000000000001000000000000000000011 #
#38490
0!
#38500
1!
b000000000000000001111100001110100000000000000000100110011110000000001111001000001111110100011111110000000000000000000000000000000000000010001100010011110000000000000000000000000000000000001111001000001111110100011111110000001000000000000000000100000100011000101000000000000000001001100111100000000000000000000000000000000000110100000000011001111111000000000110000000000000000000100000000000000000001000000000000000000011 #
#38510
0!
#38520
1!
b000000000000000001111100001110100000000000000000100110011110000000001111001000001111110100011111110000000000000000000000000000000000000010001100001111110000000000000000000000100000100100001111001000001111110100011111110001101000000000000000000100000100011000101000000000000000001001100111100000000000000000000000000000000000110100000000011001111111000000000110000000000000000000100000000000000000001000000000000000000011 #
#38530
0!
#38540
1!
b000000000000000001111100001110100000000000000000100110011110000000001111011111111110010100001110100000000000000000000000000000000000000010010000010011110000000000000000000000000000000000001111011111111110010100001110100000001000000000000000000100000100100000101000000000000000001001100111100000000000000000000000000000000000110100000000011001111111000000000110000000000000000000100000000000000000001000000000000000000011 #
#38550
0!
#38560
1!
b000000000000000001111100001110100000000000000000100110011110000000001111011111111110010100001110100000000000000000000000000000000000000010010000001111110000000000000000000000100000100010001111011111111110010100001110100001101000000000000000000100000100100000101000000000000000001001100111100000000000000000000000000000000000110100000000011001111111000000000110000000000000000000100000000000000000001000000000000000000011 #
#38570
0!
#38580
1!
b000000000000000001111100001110100000000000000000100110011110000000001011111100000000001110000000000100000000000000000000000000000000000010001000010011110000000000000000000000000000000000001011111100000000001110000000000100001000000000000000000100000100010000101000000000000000001001100111100000000000000000000000000000000000110100000000011001111111000000000110000000000000000000100000000000000000001000000000000000000011 #
#38590
0!
#38600
1!
b000000000000000001111100001110100000000000000000100110011110000000001011111100000000001110000000000100000000000000000000000000000000000010001000001111110000000000000000000000100000100011001011111100000000001110000000000101101000000000000000000100000100010000101000000000000000001001100111100000000000000000000000000000000000110100000000011001111111000000000110000000000000000000100000000000000000001000000000000000000011 #
#38610
0!
#38620
1!
b000000000000000001111100001110100000000000000000100110011110000000001111001000001111110100011111110000000000000000000000000000000000000010001100010011110000000000000000000000000000000000001111001000001111110100011111110000001000000000000000000100000100011000101000000000000000001001100111100000000000000000000000000000000000110100000000011001111111000000000110000000000000000000100000000000000000001000000000000000000011 #
#38630
0!
#38640
1!
b000000000000000001111100001110100000000000000000100110011110000000001111001000001111110100011111110000000000000000000000000000000000000010001100001111110000000000000000000000100000100100001111001000001111110100011111110001101000000000000000000100000100011000101000000000000000001001100111100000000000000000000000000000000000110100000000011001111111000000000110000000000000000000100000000000000000001000000000000000000011 #
#38650
0!
#38660
1!
b000000000000000001111100001110100000000000000000100110011110000000001111011111111110010100001110100000000000000000000000000000000000000010010000010011110000000000000000000000000000000000001111011111111110010100001110100000001000000000000000000100000100100000101000000000000000001001100111100000000000000000000000000000000000110100000000011001111111000000000110000000000000000000100000000000000000001000000000000000000011 #
#38670
0!
#38680
1!
b000000000000000001111100001110100000000000000000100110011110000000001111011111111110010100001110100000000000000000000000000000000000000010010000001111110000000000000000000000100000100010001111011111111110010100001110100001101000000000000000000100000100100000101000000000000000001001100111100000000000000000000000000000000000110100000000011001111111000000000110000000000000000000100000000000000000001000000000000000000011 #
#38690
0!
#38700
1!
b000000000000000001111100001110100000000000000000100110011110000000001011111100000000001110000000000100000000000000000000000000000000000010001000010011110000000000000000000000000000000000001011111100000000001110000000000100001000000000000000000100000100010000101000000000000000001001100111100000000000000000000000000000000000110100000000011001111111000000000110000000000000000000100000000000000000001000000000000000000011 #
#38710
0!
#38720
1!
b000000000000000001111100001110100000000000000000100110011110000000001011111100000000001110000000000100000000000000000000000000000000000010001000001111110000000000000000000000100000100011001011111100000000001110000000000101101000000000000000000100000100010000101000000000000000001001100111100000000000000000000000000000000000110100000000011001111111000000000110000000000000000000100000000000000000001000000000000000000011 #
#38730
0!
#38740
1!
b000000000000000001111100001110100000000000000000100110011110000000001111001000001111110100011111110000000000000000000000000000000000000010001100010011110000000000000000000000000000000000001111001000001111110100011111110000001000000000000000000100000100011000101000000000000000001001100111100000000000000000000000000000000000110100000000011001111111000000000110000000000000000000100000000000000000001000000000000000000011 #
#38750
0!
#38760
1!
b000000000000000001111100001110100000000000000000100110011110000000001111001000001111110100011111110000000000000000000000000000000000000010001100001111110000000000000000000000100000100100001111001000001111110100011111110001101000000000000000000100000100011000101000000000000000001001100111100000000000000000000000000000000000110100000000011001111111000000000110000000000000000000100000000000000000001000000000000000000011 #
#38770
0!
#38780
1!
b000000000000000001111100001110100000000000000000100110011110000000001111011111111110010100001110100000000000000000000000000000000000000010010000010011110000000000000000000000000000000000001111011111111110010100001110100000001000000000000000000100000100100000101000000000000000001001100111100000000000000000000000000000000000110100000000011001111111000000000110000000000000000000100000000000000000001000000000000000000011 #
#38790
0!
#38800
1!
b000000000000000001111100001110100000000000000000100110011110000000001111011111111110010100001110100000000000000000000000000000000000000010010000001111110000000000000000000000100000100010001111011111111110010100001110100001101000000000000000000100000100100000101000000000000000001001100111100000000000000000000000000000000000110100000000011001111111000000000110000000000000000000100000000000000000001000000000000000000011 #
#38810
0!
#38820
1!
b000000000000000001111100001110100000000000000000100110011110000000001011111100000000001110000000000100000000000000000000000000000000000010001000010011110000000000000000000000000000000000001011111100000000001110000000000100001000000000000000000100000100010000101000000000000000001001100111100000000000000000000000000000000000110100000000011001111111000000000110000000000000000000100000000000000000001000000000000000000011 #
#38830
0!
#38840
1!
b000000000000000001111100001110100000000000000000100110011110000000001011111100000000001110000000000100000000000000000000000000000000000010001000001111110000000000000000000000100000100011001011111100000000001110000000000101101000000000000000000100000100010000101000000000000000001001100111100000000000000000000000000000000000110100000000011001111111000000000110000000000000000000100000000000000000001000000000000000000011 #
#38850
0!
#38860
1!
b000000000000000001111100001110100000000000000000100110011110000000001111001000001111110100011111110000000000000000000000000000000000000010001100010011110000000000000000000000000000000000001111001000001111110100011111110000001000000000000000000100000100011000101000000000000000001001100111100000000000000000000000000000000000110100000000011001111111000000000110000000000000000000100000000000000000001000000000000000000011 #
#38870
0!
#38880
1!
b000000000000000001111100001110100000000000000000100110011110000000001111001000001111110100011111110000000000000000000000000000000000000010001100001111110000000000000000000000100000100100001111001000001111110100011111110001101000000000000000000100000100011000101000000000000000001001100111100000000000000000000000000000000000110100000000011001111111000000000110000000000000000000100000000000000000001000000000000000000011 #
#38890
0!
#38900
1!
b000000000000000001111100001110100000000000000000100110011110000000001111011111111110010100001110100000000000000000000000000000000000000010010000010011110000000000000000000000000000000000001111011111111110010100001110100000001000000000000000000100000100100000101000000000000000001001100111100000000000000000000000000000000000110100000000011001111111000000000110000000000000000000100000000000000000001000000000000000000011 #
#38910
0!
#38920
1!
b000000000000000001111100001110100000000000000000100110011110000000001111011111111110010100001110100000000000000000000000000000000000000010010000001111110000000000000000000000100000100010001111011111111110010100001110100001101000000000000000000100000100100000101000000000000000001001100111100000000000000000000000000000000000110100000000011001111111000000000110000000000000000000100000000000000000001000000000000000000011 #
#38930
0!
#38940
1!
b000000000000000001111100001110100000000000000000100110011110000000001011111100000000001110000000000100000000000000000000000000000000000010001000010011110000000000000000000000000000000000001011111100000000001110000000000100001000000000000000000100000100010000101000000000000000001001100111100000000000000000000000000000000000110100000000011001111111000000000110000000000000000000100000000000000000001000000000000000000011 #
#38950
0!
#38960
1!
b000000000000000001111100001110100000000000000000100110011110000000001011111100000000001110000000000100000000000000000000000000000000000010001000001111110000000000000000000000100000100011001011111100000000001110000000000101101000000000000000000100000100010000101000000000000000001001100111100000000000000000000000000000000000110100000000011001111111000000000110000000000000000000100000000000000000001000000000000000000011 #
#38970
0!
#38980
1!
b000000000000000001111100001110100000000000000000100110011110000000001111001000001111110100011111110000000000000000000000000000000000000010001100010011110000000000000000000000000000000000001111001000001111110100011111110000001000000000000000000100000100011000101000000000000000001001100111100000000000000000000000000000000000110100000000011001111111000000000110000000000000000000100000000000000000001000000000000000000011 #
#38990
0!
#39000
1!
b000000000000000001111100001110100000000000000000100110011110000000001111001000001111110100011111110000000000000000000000000000000000000010001100001111110000000000000000000000100000100100001111001000001111110100011111110001101000000000000000000100000100011000101000000000000000001001100111100000000000000000000000000000000000110100000000011001111111000000000110000000000000000000100000000000000000001000000000000000000011 #
#39010
0!
#39020
1!
b000000000000000001111100001110100000000000000000100110011110000000001111011111111110010100001110100000000000000000000000000000000000000010010000010011110000000000000000000000000000000000001111011111111110010100001110100000001000000000000000000100000100100000101000000000000000001001100111100000000000000000000000000000000000110100000000011001111111000000000110000000000000000000100000000000000000001000000000000000000011 #
#39030
0!
#39040
1!
b000000000000000001111100001110100000000000000000100110011110000000001111011111111110010100001110100000000000000000000000000000000000000010010000001111110000000000000000000000100000100010001111011111111110010100001110100001101000000000000000000100000100100000101000000000000000001001100111100000000000000000000000000000000000110100000000011001111111000000000110000000000000000000100000000000000000001000000000000000000011 #
#39050
0!
#39060
1!
b000000000000000001111100001110100000000000000000100110011110000000001011111100000000001110000000000100000000000000000000000000000000000010001000010011110000000000000000000000000000000000001011111100000000001110000000000100001000000000000000000100000100010000101000000000000000001001100111100000000000000000000000000000000000110100000000011001111111000000000110000000000000000000100000000000000000001000000000000000000011 #
#39070
0!
#39080
1!
b000000000000000001111100001110100000000000000000100110011110000000001011111100000000001110000000000100000000000000000000000000000000000010001000001111110000000000000000000000100000100011001011111100000000001110000000000101101000000000000000000100000100010000101000000000000000001001100111100000000000000000000000000000000000110100000000011001111111000000000110000000000000000000100000000000000000001000000000000000000011 #
#39090
0!
#39100
1!
b000000000000000001111100001110100000000000000000100110011110000000001111001000001111110100011111110000000000000000000000000000000000000010001100010011110000000000000000000000000000000000001111001000001111110100011111110000001000000000000000000100000100011000101000000000000000001001100111100000000000000000000000000000000000110100000000011001111111000000000110000000000000000000100000000000000000001000000000000000000011 #
#39110
0!
#39120
1!
b000000000000000001111100001110100000000000000000100110011110000000001111001000001111110100011111110000000000000000000000000000000000000010001100001111110000000000000000000000100000100100001111001000001111110100011111110001101000000000000000000100000100011000101000000000000000001001100111100000000000000000000000000000000000110100000000011001111111000000000110000000000000000000100000000000000000001000000000000000000011 #
#39130
0!
#39140
1!
b000000000000000001111100001110100000000000000000100110011110000000001111011111111110010100001110100000000000000000000000000000000000000010010000010011110000000000000000000000000000000000001111011111111110010100001110100000001000000000000000000100000100100000101000000000000000001001100111100000000000000000000000000000000000110100000000011001111111000000000110000000000000000000100000000000000000001000000000000000000011 #
#39150
0!
#39160
1!
b000000000000000001111100001110100000000000000000100110011110000000001111011111111110010100001110100000000000000000000000000000000000000010010000001111110000000000000000000000100000100010001111011111111110010100001110100001101000000000000000000100000100100000101000000000000000001001100111100000000000000000000000000000000000110100000000011001111111000000000110000000000000000000100000000000000000001000000000000000000011 #
#39170
0!
#39180
1!
b000000000000000001111100001110100000000000000000100110011110000000001011111100000000001110000000000100000000000000000000000000000000000010001000010011110000000000000000000000000000000000001011111100000000001110000000000100001000000000000000000100000100010000101000000000000000001001100111100000000000000000000000000000000000110100000000011001111111000000000110000000000000000000100000000000000000001000000000000000000011 #
#39190
0!
#39200
1!
b000000000000000001111100001110100000000000000000100110011110000000001011111100000000001110000000000100000000000000000000000000000000000010001000001111110000000000000000000000100000100011001011111100000000001110000000000101101000000000000000000100000100010000101000000000000000001001100111100000000000000000000000000000000000110100000000011001111111000000000110000000000000000000100000000000000000001000000000000000000011 #
#39210
0!
#39220
1!
b000000000000000001111100001110100000000000000000100110011110000000001111001000001111110100011111110000000000000000000000000000000000000010001100010011110000000000000000000000000000000000001111001000001111110100011111110000001000000000000000000100000100011000101000000000000000001001100111100000000000000000000000000000000000110100000000011001111111000000000110000000000000000000100000000000000000001000000000000000000011 #
#39230
0!
#39240
1!
b000000000000000001111100001110100000000000000000100110011110000000001111001000001111110100011111110000000000000000000000000000000000000010001100001111110000000000000000000000100000100100001111001000001111110100011111110001101000000000000000000100000100011000101000000000000000001001100111100000000000000000000000000000000000110100000000011001111111000000000110000000000000000000100000000000000000001000000000000000000011 #
#39250
0!
#39260
1!
b000000000000000001111100001110100000000000000000100110011110000000001111011111111110010100001110100000000000000000000000000000000000000010010000010011110000000000000000000000000000000000001111011111111110010100001110100000001000000000000000000100000100100000101000000000000000001001100111100000000000000000000000000000000000110100000000011001111111000000000110000000000000000000100000000000000000001000000000000000000011 #
#39270
0!
#39280
1!
b000000000000000001111100001110100000000000000000100110011110000000001111011111111110010100001110100000000000000000000000000000000000000010010000001111110000000000000000000000100000100010001111011111111110010100001110100001101000000000000000000100000100100000101000000000000000001001100111100000000000000000000000000000000000110100000000011001111111000000000110000000000000000000100000000000000000001000000000000000000011 #
#39290
0!
#39300
1!
b000000000000000001111100001110100000000000000000100110011110000000001011111100000000001110000000000100000000000000000000000000000000000010001000010011110000000000000000000000000000000000001011111100000000001110000000000100001000000000000000000100000100010000101000000000000000001001100111100000000000000000000000000000000000110100000000011001111111000000000110000000000000000000100000000000000000001000000000000000000011 #
#39310
0!
#39320
1!
b000000000000000001111100001110100000000000000000100110011110000000001011111100000000001110000000000100000000000000000000000000000000000010001000001111110000000000000000000000100000100011001011111100000000001110000000000101101000000000000000000100000100010000101000000000000000001001100111100000000000000000000000000000000000110100000000011001111111000000000110000000000000000000100000000000000000001000000000000000000011 #
#39330
0!
#39340
1!
b000000000000000001111100001110100000000000000000100110011110000000001111001000001111110100011111110000000000000000000000000000000000000010001100010011110000000000000000000000000000000000001111001000001111110100011111110000001000000000000000000100000100011000101000000000000000001001100111100000000000000000000000000000000000110100000000011001111111000000000110000000000000000000100000000000000000001000000000000000000011 #
#39350
0!
#39360
1!
b000000000000000001111100001110100000000000000000100110011110000000001111001000001111110100011111110000000000000000000000000000000000000010001100001111110000000000000000000000100000100100001111001000001111110100011111110001101000000000000000000100000100011000101000000000000000001001100111100000000000000000000000000000000000110100000000011001111111000000000110000000000000000000100000000000000000001000000000000000000011 #
#39370
0!
#39380
1!
b000000000000000001111100001110100000000000000000100110011110000000001111011111111110010100001110100000000000000000000000000000000000000010010000010011110000000000000000000000000000000000001111011111111110010100001110100000001000000000000000000100000100100000101000000000000000001001100111100000000000000000000000000000000000110100000000011001111111000000000110000000000000000000100000000000000000001000000000000000000011 #
#39390
0!
#39400
1!
b000000000000000001111100001110100000000000000000100110011110000000001111011111111110010100001110100000000000000000000000000000000000000010010000001111110000000000000000000000100000100010001111011111111110010100001110100001101000000000000000000100000100100000101000000000000000001001100111100000000000000000000000000000000000110100000000011001111111000000000110000000000000000000100000000000000000001000000000000000000011 #
#39410
0!
#39420
1!
b000000000000000001111100001110100000000000000000100110011110000000001011111100000000001110000000000100000000000000000000000000000000000010001000010011110000000000000000000000000000000000001011111100000000001110000000000100001000000000000000000100000100010000101000000000000000001001100111100000000000000000000000000000000000110100000000011001111111000000000110000000000000000000100000000000000000001000000000000000000011 #
#39430
0!
#39440
1!
b000000000000000001111100001110100000000000000000100110011110000000001011111100000000001110000000000100000000000000000000000000000000000010001000001111110000000000000000000000100000100011001011111100000000001110000000000101101000000000000000000100000100010000101000000000000000001001100111100000000000000000000000000000000000110100000000011001111111000000000110000000000000000000100000000000000000001000000000000000000011 #
#39450
0!
#39460
1!
b000000000000000001111100001110100000000000000000100110011110000000001111001000001111110100011111110000000000000000000000000000000000000010001100010011110000000000000000000000000000000000001111001000001111110100011111110000001000000000000000000100000100011000101000000000000000001001100111100000000000000000000000000000000000110100000000011001111111000000000110000000000000000000100000000000000000001000000000000000000011 #
#39470
0!
#39480
1!
b000000000000000001111100001110100000000000000000100110011110000000001111001000001111110100011111110000000000000000000000000000000000000010001100001111110000000000000000000000100000100100001111001000001111110100011111110001101000000000000000000100000100011000101000000000000000001001100111100000000000000000000000000000000000110100000000011001111111000000000110000000000000000000100000000000000000001000000000000000000011 #
#39490
0!
#39500
1!
b000000000000000001111100001110100000000000000000100110011110000000001111011111111110010100001110100000000000000000000000000000000000000010010000010011110000000000000000000000000000000000001111011111111110010100001110100000001000000000000000000100000100100000101000000000000000001001100111100000000000000000000000000000000000110100000000011001111111000000000110000000000000000000100000000000000000001000000000000000000011 #
#39510
0!
#39520
1!
b000000000000000001111100001110100000000000000000100110011110000000001111011111111110010100001110100000000000000000000000000000000000000010010000001111110000000000000000000000100000100010001111011111111110010100001110100001101000000000000000000100000100100000101000000000000000001001100111100000000000000000000000000000000000110100000000011001111111000000000110000000000000000000100000000000000000001000000000000000000011 #
#39530
0!
#39540
1!
b000000000000000001111100001110100000000000000000100110011110000000001011111100000000001110000000000100000000000000000000000000000000000010001000010011110000000000000000000000000000000000001011111100000000001110000000000100001000000000000000000100000100010000101000000000000000001001100111100000000000000000000000000000000000110100000000011001111111000000000110000000000000000000100000000000000000001000000000000000000011 #
#39550
0!
#39560
1!
b000000000000000001111100001110100000000000000000100110011110000000001011111100000000001110000000000100000000000000000000000000000000000010001000001111110000000000000000000000100000100011001011111100000000001110000000000101101000000000000000000100000100010000101000000000000000001001100111100000000000000000000000000000000000110100000000011001111111000000000110000000000000000000100000000000000000001000000000000000000011 #
#39570
0!
#39580
1!
b000000000000000001111100001110100000000000000000100110011110000000001111001000001111110100011111110000000000000000000000000000000000000010001100010011110000000000000000000000000000000000001111001000001111110100011111110000001000000000000000000100000100011000101000000000000000001001100111100000000000000000000000000000000000110100000000011001111111000000000110000000000000000000100000000000000000001000000000000000000011 #
#39590
0!
#39600
1!
b000000000000000001111100001110100000000000000000100110011110000000001111001000001111110100011111110000000000000000000000000000000000000010001100001111110000000000000000000000100000100100001111001000001111110100011111110001101000000000000000000100000100011000101000000000000000001001100111100000000000000000000000000000000000110100000000011001111111000000000110000000000000000000100000000000000000001000000000000000000011 #
#39610
0!
#39620
1!
b000000000000000001111100001110100000000000000000100110011110000000001111011111111110010100001110100000000000000000000000000000000000000010010000010011110000000000000000000000000000000000001111011111111110010100001110100000001000000000000000000100000100100000101000000000000000001001100111100000000000000000000000000000000000110100000000011001111111000000000110000000000000000000100000000000000000001000000000000000000011 #
#39630
0!
#39640
1!
b000000000000000001111100001110100000000000000000100110011110000000001111011111111110010100001110100000000000000000000000000000000000000010010000001111110000000000000000000000100000100010001111011111111110010100001110100001101000000000000000000100000100100000101000000000000000001001100111100000000000000000000000000000000000110100000000011001111111000000000110000000000000000000100000000000000000001000000000000000000011 #
#39650
0!
#39660
1!
b000000000000000001111100001110100000000000000000100110011110000000001011111100000000001110000000000100000000000000000000000000000000000010001000010011110000000000000000000000000000000000001011111100000000001110000000000100001000000000000000000100000100010000101000000000000000001001100111100000000000000000000000000000000000110100000000011001111111000000000110000000000000000000100000000000000000001000000000000000000011 #
#39670
0!
#39680
1!
b000000000000000001111100001110100000000000000000100110011110000000001011111100000000001110000000000100000000000000000000000000000000000010001000001111110000000000000000000000100000100011001011111100000000001110000000000101101000000000000000000100000100010000101000000000000000001001100111100000000000000000000000000000000000110100000000011001111111000000000110000000000000000000100000000000000000001000000000000000000011 #
#39690
0!
#39700
1!
b000000000000000001111100001110100000000000000000100110011110000000001111001000001111110100011111110000000000000000000000000000000000000010001100010011110000000000000000000000000000000000001111001000001111110100011111110000001000000000000000000100000100011000101000000000000000001001100111100000000000000000000000000000000000110100000000011001111111000000000110000000000000000000100000000000000000001000000000000000000011 #
#39710
0!
#39720
1!
b000000000000000001111100001110100000000000000000100110011110000000001111001000001111110100011111110000000000000000000000000000000000000010001100001111110000000000000000000000100000100100001111001000001111110100011111110001101000000000000000000100000100011000101000000000000000001001100111100000000000000000000000000000000000110100000000011001111111000000000110000000000000000000100000000000000000001000000000000000000011 #
#39730
0!
#39740
1!
b000000000000000001111100001110100000000000000000100110011110000000001111011111111110010100001110100000000000000000000000000000000000000010010000010011110000000000000000000000000000000000001111011111111110010100001110100000001000000000000000000100000100100000101000000000000000001001100111100000000000000000000000000000000000110100000000011001111111000000000110000000000000000000100000000000000000001000000000000000000011 #
#39750
0!
#39760
1!
b000000000000000001111100001110100000000000000000100110011110000000001111011111111110010100001110100000000000000000000000000000000000000010010000001111110000000000000000000000100000100010001111011111111110010100001110100001101000000000000000000100000100100000101000000000000000001001100111100000000000000000000000000000000000110100000000011001111111000000000110000000000000000000100000000000000000001000000000000000000011 #
#39770
0!
#39780
1!
b000000000000000001111100001110100000000000000000100110011110000000001011111100000000001110000000000100000000000000000000000000000000000010001000010011110000000000000000000000000000000000001011111100000000001110000000000100001000000000000000000100000100010000101000000000000000001001100111100000000000000000000000000000000000110100000000011001111111000000000110000000000000000000100000000000000000001000000000000000000011 #
#39790
0!
#39800
1!
b000000000000000001111100001110100000000000000000100110011110000000001011111100000000001110000000000100000000000000000000000000000000000010001000001111110000000000000000000000100000100011001011111100000000001110000000000101101000000000000000000100000100010000101000000000000000001001100111100000000000000000000000000000000000110100000000011001111111000000000110000000000000000000100000000000000000001000000000000000000011 #
#39810
0!
#39820
1!
b000000000000000001111100001110100000000000000000100110011110000000001111001000001111110100011111110000000000000000000000000000000000000010001100010011110000000000000000000000000000000000001111001000001111110100011111110000001000000000000000000100000100011000101000000000000000001001100111100000000000000000000000000000000000110100000000011001111111000000000110000000000000000000100000000000000000001000000000000000000011 #
#39830
0!
#39840
1!
b000000000000000001111100001110100000000000000000100110011110000000001111001000001111110100011111110000000000000000000000000000000000000010001100001111110000000000000000000000100000100100001111001000001111110100011111110001101000000000000000000100000100011000101000000000000000001001100111100000000000000000000000000000000000110100000000011001111111000000000110000000000000000000100000000000000000001000000000000000000011 #
#39850
0!
#39860
1!
b000000000000000001111100001110100000000000000000100110011110000000001111011111111110010100001110100000000000000000000000000000000000000010010000010011110000000000000000000000000000000000001111011111111110010100001110100000001000000000000000000100000100100000101000000000000000001001100111100000000000000000000000000000000000110100000000011001111111000000000110000000000000000000100000000000000000001000000000000000000011 #
#39870
0!
#39880
1!
b000000000000000001111100001110100000000000000000100110011110000000001111011111111110010100001110100000000000000000000000000000000000000010010000001111110000000000000000000000100000100010001111011111111110010100001110100001101000000000000000000100000100100000101000000000000000001001100111100000000000000000000000000000000000110100000000011001111111000000000110000000000000000000100000000000000000001000000000000000000011 #
#39890
0!
#39900
1!
b000000000000000001111100001110100000000000000000100110011110000000001011111100000000001110000000000100000000000000000000000000000000000010001000010011110000000000000000000000000000000000001011111100000000001110000000000100001000000000000000000100000100010000101000000000000000001001100111100000000000000000000000000000000000110100000000011001111111000000000110000000000000000000100000000000000000001000000000000000000011 #
#39910
0!
#39920
1!
b000000000000000001111100001110100000000000000000100110011110000000001011111100000000001110000000000100000000000000000000000000000000000010001000001111110000000000000000000000100000100011001011111100000000001110000000000101101000000000000000000100000100010000101000000000000000001001100111100000000000000000000000000000000000110100000000011001111111000000000110000000000000000000100000000000000000001000000000000000000011 #
#39930
0!
#39940
1!
b000000000000000001111100001110100000000000000000100110011110000000001111001000001111110100011111110000000000000000000000000000000000000010001100010011110000000000000000000000000000000000001111001000001111110100011111110000001000000000000000000100000100011000101000000000000000001001100111100000000000000000000000000000000000110100000000011001111111000000000110000000000000000000100000000000000000001000000000000000000011 #
#39950
0!
#39960
1!
b000000000000000001111100001110100000000000000000100110011110000000001111001000001111110100011111110000000000000000000000000000000000000010001100001111110000000000000000000000100000100100001111001000001111110100011111110001101000000000000000000100000100011000101000000000000000001001100111100000000000000000000000000000000000110100000000011001111111000000000110000000000000000000100000000000000000001000000000000000000011 #
#39970
0!
#39980
1!
b000000000000000001111100001110100000000000000000100110011110000000001111011111111110010100001110100000000000000000000000000000000000000010010000010011110000000000000000000000000000000000001111011111111110010100001110100000001000000000000000000100000100100000101000000000000000001001100111100000000000000000000000000000000000110100000000011001111111000000000110000000000000000000100000000000000000001000000000000000000011 #
#39990
0!
#40000
1!
b000000000000000001111100001110100000000000000000100110011110000000001111011111111110010100001110100000000000000000000000000000000000000010010000001111110000000000000000000000100000100010001111011111111110010100001110100001101000000000000000000100000100100000101000000000000000001001100111100000000000000000000000000000000000110100000000011001111111000000000110000000000000000000100000000000000000001000000000000000000011 #
#40010
0!
#40020
1!
b000000000000000001111100001110100000000000000000100110011110000000001011111100000000001110000000000100000000000000000000000000000000000010001000010011110000000000000000000000000000000000001011111100000000001110000000000100001000000000000000000100000100010000101000000000000000001001100111100000000000000000000000000000000000110100000000011001111111000000000110000000000000000000100000000000000000001000000000000000000011 #
#40030
0!
#40040
1!
b000000000000000001111100001110100000000000000000100110011110000000001011111100000000001110000000000100000000000000000000000000000000000010001000001111110000000000000000000000100000100011001011111100000000001110000000000101101000000000000000000100000100010000101000000000000000001001100111100000000000000000000000000000000000110100000000011001111111000000000110000000000000000000100000000000000000001000000000000000000011 #
#40050
0!
#40060
1!
b000000000000000001111100001110100000000000000000100110011110000000001111001000001111110100011111110000000000000000000000000000000000000010001100010011110000000000000000000000000000000000001111001000001111110100011111110000001000000000000000000100000100011000101000000000000000001001100111100000000000000000000000000000000000110100000000011001111111000000000110000000000000000000100000000000000000001000000000000000000011 #
#40070
0!
#40080
1!
b000000000000000001111100001110100000000000000000100110011110000000001111001000001111110100011111110000000000000000000000000000000000000010001100001111110000000000000000000000100000100100001111001000001111110100011111110001101000000000000000000100000100011000101000000000000000001001100111100000000000000000000000000000000000110100000000011001111111000000000110000000000000000000100000000000000000001000000000000000000011 #
#40090
0!
#40100
1!
b000000000000000001111100001110100000000000000000100110011110000000001111011111111110010100001110100000000000000000000000000000000000000010010000010011110000000000000000000000000000000000001111011111111110010100001110100000001000000000000000000100000100100000101000000000000000001001100111100000000000000000000000000000000000110100000000011001111111000000000110000000000000000000100000000000000000001000000000000000000011 #
#40110
0!
#40120
1!
b000000000000000001111100001110100000000000000000100110011110000000001111011111111110010100001110100000000000000000000000000000000000000010010000001111110000000000000000000000100000100010001111011111111110010100001110100001101000000000000000000100000100100000101000000000000000001001100111100000000000000000000000000000000000110100000000011001111111000000000110000000000000000000100000000000000000001000000000000000000011 #
#40130
0!
#40140
1!
b000000000000000001111100001110100000000000000000100110011110000000001011111100000000001110000000000100000000000000000000000000000000000010001000010011110000000000000000000000000000000000001011111100000000001110000000000100001000000000000000000100000100010000101000000000000000001001100111100000000000000000000000000000000000110100000000011001111111000000000110000000000000000000100000000000000000001000000000000000000011 #
#40150
0!
#40160
1!
b000000000000000001111100001110100000000000000000100110011110000000001011111100000000001110000000000100000000000000000000000000000000000010001000001111110000000000000000000000100000100011001011111100000000001110000000000101101000000000000000000100000100010000101000000000000000001001100111100000000000000000000000000000000000110100000000011001111111000000000110000000000000000000100000000000000000001000000000000000000011 #
#40170
0!
#40180
1!
b000000000000000001111100001110100000000000000000100110011110000000001111001000001111110100011111110000000000000000000000000000000000000010001100010011110000000000000000000000000000000000001111001000001111110100011111110000001000000000000000000100000100011000101000000000000000001001100111100000000000000000000000000000000000110100000000011001111111000000000110000000000000000000100000000000000000001000000000000000000011 #
#40190
0!
#40200
1!
b000000000000000001111100001110100000000000000000100110011110000000001111001000001111110100011111110000000000000000000000000000000000000010001100001111110000000000000000000000100000100100001111001000001111110100011111110001101000000000000000000100000100011000101000000000000000001001100111100000000000000000000000000000000000110100000000011001111111000000000110000000000000000000100000000000000000001000000000000000000011 #
#40210
0!
#40220
1!
b000000000000000001111100001110100000000000000000100110011110000000001111011111111110010100001110100000000000000000000000000000000000000010010000010011110000000000000000000000000000000000001111011111111110010100001110100000001000000000000000000100000100100000101000000000000000001001100111100000000000000000000000000000000000110100000000011001111111000000000110000000000000000000100000000000000000001000000000000000000011 #
#40230
0!
#40240
1!
b000000000000000001111100001110100000000000000000100110011110000000001111011111111110010100001110100000000000000000000000000000000000000010010000001111110000000000000000000000100000100010001111011111111110010100001110100001101000000000000000000100000100100000101000000000000000001001100111100000000000000000000000000000000000110100000000011001111111000000000110000000000000000000100000000000000000001000000000000000000011 #
#40250
0!
#40260
1!
b000000000000000001111100001110100000000000000000100110011110000000001011111100000000001110000000000100000000000000000000000000000000000010001000010011110000000000000000000000000000000000001011111100000000001110000000000100001000000000000000000100000100010000101000000000000000001001100111100000000000000000000000000000000000110100000000011001111111000000000110000000000000000000100000000000000000001000000000000000000011 #
#40270
0!
#40280
1!
b000000000000000001111100001110100000000000000000100110011110000000001011111100000000001110000000000100000000000000000000000000000000000010001000001111110000000000000000000000100000100011001011111100000000001110000000000101101000000000000000000100000100010000101000000000000000001001100111100000000000000000000000000000000000110100000000011001111111000000000110000000000000000000100000000000000000001000000000000000000011 #
#40290
0!
#40300
1!
b000000000000000001111100001110100000000000000000100110011110000000001111001000001111110100011111110000000000000000000000000000000000000010001100010011110000000000000000000000000000000000001111001000001111110100011111110000001000000000000000000100000100011000101000000000000000001001100111100000000000000000000000000000000000110100000000011001111111000000000110000000000000000000100000000000000000001000000000000000000011 #
#40310
0!
#40320
1!
b000000000000000001111100001110100000000000000000100110011110000000001111001000001111110100011111110000000000000000000000000000000000000010001100001111110000000000000000000000100000100100001111001000001111110100011111110001101000000000000000000100000100011000101000000000000000001001100111100000000000000000000000000000000000110100000000011001111111000000000110000000000000000000100000000000000000001000000000000000000011 #
#40330
0!
#40340
1!
b000000000000000001111100001110100000000000000000100110011110000000001111011111111110010100001110100000000000000000000000000000000000000010010000010011110000000000000000000000000000000000001111011111111110010100001110100000001000000000000000000100000100100000101000000000000000001001100111100000000000000000000000000000000000110100000000011001111111000000000110000000000000000000100000000000000000001000000000000000000011 #
#40350
0!
#40360
1!
b000000000000000001111100001110100000000000000000100110011110000000001111011111111110010100001110100000000000000000000000000000000000000010010000001111110000000000000000000000100000100010001111011111111110010100001110100001101000000000000000000100000100100000101000000000000000001001100111100000000000000000000000000000000000110100000000011001111111000000000110000000000000000000100000000000000000001000000000000000000011 #
#40370
0!
#40380
1!
b000000000000000001111100001110100000000000000000100110011110000000001011111100000000001110000000000100000000000000000000000000000000000010001000010011110000000000000000000000000000000000001011111100000000001110000000000100001000000000000000000100000100010000101000000000000000001001100111100000000000000000000000000000000000110100000000011001111111000000000110000000000000000000100000000000000000001000000000000000000011 #
#40390
0!
#40400
1!
b000000000000000001111100001110100000000000000000100110011110000000001011111100000000001110000000000100000000000000000000000000000000000010001000001111110000000000000000000000100000100011001011111100000000001110000000000101101000000000000000000100000100010000101000000000000000001001100111100000000000000000000000000000000000110100000000011001111111000000000110000000000000000000100000000000000000001000000000000000000011 #
#40410
0!
#40420
1!
b000000000000000001111100001110100000000000000000100110011110000000001111001000001111110100011111110000000000000000000000000000000000000010001100010011110000000000000000000000000000000000001111001000001111110100011111110000001000000000000000000100000100011000101000000000000000001001100111100000000000000000000000000000000000110100000000011001111111000000000110000000000000000000100000000000000000001000000000000000000011 #
#40430
0!
#40440
1!
b000000000000000001111100001110100000000000000000100110011110000000001111001000001111110100011111110000000000000000000000000000000000000010001100001111110000000000000000000000100000100100001111001000001111110100011111110001101000000000000000000100000100011000101000000000000000001001100111100000000000000000000000000000000000110100000000011001111111000000000110000000000000000000100000000000000000001000000000000000000011 #
#40450
0!
#40460
1!
b000000000000000001111100001110100000000000000000100110011110000000001111011111111110010100001110100000000000000000000000000000000000000010010000010011110000000000000000000000000000000000001111011111111110010100001110100000001000000000000000000100000100100000101000000000000000001001100111100000000000000000000000000000000000110100000000011001111111000000000110000000000000000000100000000000000000001000000000000000000011 #
#40470
0!
#40480
1!
b000000000000000001111100001110100000000000000000100110011110000000001111011111111110010100001110100000000000000000000000000000000000000010010000001111110000000000000000000000100000100010001111011111111110010100001110100001101000000000000000000100000100100000101000000000000000001001100111100000000000000000000000000000000000110100000000011001111111000000000110000000000000000000100000000000000000001000000000000000000011 #
#40490
0!
#40500
1!
b000000000000000001111100001110100000000000000000100110011110000000001011111100000000001110000000000100000000000000000000000000000000000010001000010011110000000000000000000000000000000000001011111100000000001110000000000100001000000000000000000100000100010000101000000000000000001001100111100000000000000000000000000000000000110100000000011001111111000000000110000000000000000000100000000000000000001000000000000000000011 #
#40510
0!
#40520
1!
b000000000000000001111100001110100000000000000000100110011110000000001011111100000000001110000000000100000000000000000000000000000000000010001000001111110000000000000000000000100000100011001011111100000000001110000000000101101000000000000000000100000100010000101000000000000000001001100111100000000000000000000000000000000000110100000000011001111111000000000110000000000000000000100000000000000000001000000000000000000011 #
#40530
0!
#40540
1!
b000000000000000001111100001110100000000000000000100110011110000000001111001000001111110100011111110000000000000000000000000000000000000010001100010011110000000000000000000000000000000000001111001000001111110100011111110000001000000000000000000100000100011000101000000000000000001001100111100000000000000000000000000000000000110100000000011001111111000000000110000000000000000000100000000000000000001000000000000000000011 #
#40550
0!
#40560
1!
b000000000000000001111100001110100000000000000000100110011110000000001111001000001111110100011111110000000000000000000000000000000000000010001100001111110000000000000000000000100000100100001111001000001111110100011111110001101000000000000000000100000100011000101000000000000000001001100111100000000000000000000000000000000000110100000000011001111111000000000110000000000000000000100000000000000000001000000000000000000011 #
#40570
0!
#40580
1!
b000000000000000001111100001110100000000000000000100110011110000000001111011111111110010100001110100000000000000000000000000000000000000010010000010011110000000000000000000000000000000000001111011111111110010100001110100000001000000000000000000100000100100000101000000000000000001001100111100000000000000000000000000000000000110100000000011001111111000000000110000000000000000000100000000000000000001000000000000000000011 #
#40590
0!
#40600
1!
b000000000000000001111100001110100000000000000000100110011110000000001111011111111110010100001110100000000000000000000000000000000000000010010000001111110000000000000000000000100000100010001111011111111110010100001110100001101000000000000000000100000100100000101000000000000000001001100111100000000000000000000000000000000000110100000000011001111111000000000110000000000000000000100000000000000000001000000000000000000011 #
#40610
0!
#40620
1!
b000000000000000001111100001110100000000000000000100110011110000000001011111100000000001110000000000100000000000000000000000000000000000010001000010011110000000000000000000000000000000000001011111100000000001110000000000100001000000000000000000100000100010000101000000000000000001001100111100000000000000000000000000000000000110100000000011001111111000000000110000000000000000000100000000000000000001000000000000000000011 #
#40630
0!
#40640
1!
b000000000000000001111100001110100000000000000000100110011110000000001011111100000000001110000000000100000000000000000000000000000000000010001000001111110000000000000000000000100000100011001011111100000000001110000000000101101000000000000000000100000100010000101000000000000000001001100111100000000000000000000000000000000000110100000000011001111111000000000110000000000000000000100000000000000000001000000000000000000011 #
#40650
0!
#40660
1!
b000000000000000001111100001110100000000000000000100110011110000000001111001000001111110100011111110000000000000000000000000000000000000010001100010011110000000000000000000000000000000000001111001000001111110100011111110000001000000000000000000100000100011000101000000000000000001001100111100000000000000000000000000000000000110100000000011001111111000000000110000000000000000000100000000000000000001000000000000000000011 #
#40670
0!
#40680
1!
b000000000000000001111100001110100000000000000000100110011110000000001111001000001111110100011111110000000000000000000000000000000000000010001100001111110000000000000000000000100000100100001111001000001111110100011111110001101000000000000000000100000100011000101000000000000000001001100111100000000000000000000000000000000000110100000000011001111111000000000110000000000000000000100000000000000000001000000000000000000011 #
#40690
0!
#40700
1!
b000000000000000001111100001110100000000000000000100110011110000000001111011111111110010100001110100000000000000000000000000000000000000010010000010011110000000000000000000000000000000000001111011111111110010100001110100000001000000000000000000100000100100000101000000000000000001001100111100000000000000000000000000000000000110100000000011001111111000000000110000000000000000000100000000000000000001000000000000000000011 #
#40710
0!
#40720
1!
b000000000000000001111100001110100000000000000000100110011110000000001111011111111110010100001110100000000000000000000000000000000000000010010000001111110000000000000000000000100000100010001111011111111110010100001110100001101000000000000000000100000100100000101000000000000000001001100111100000000000000000000000000000000000110100000000011001111111000000000110000000000000000000100000000000000000001000000000000000000011 #
#40730
0!
#40740
1!
b000000000000000001111100001110100000000000000000100110011110000000001011111100000000001110000000000100000000000000000000000000000000000010001000010011110000000000000000000000000000000000001011111100000000001110000000000100001000000000000000000100000100010000101000000000000000001001100111100000000000000000000000000000000000110100000000011001111111000000000110000000000000000000100000000000000000001000000000000000000011 #
#40750
0!
#40760
1!
b000000000000000001111100001110100000000000000000100110011110000000001011111100000000001110000000000100000000000000000000000000000000000010001000001111110000000000000000000000100000100011001011111100000000001110000000000101101000000000000000000100000100010000101000000000000000001001100111100000000000000000000000000000000000110100000000011001111111000000000110000000000000000000100000000000000000001000000000000000000011 #
#40770
0!
#40780
1!
b000000000000000001111100001110100000000000000000100110011110000000001111001000001111110100011111110000000000000000000000000000000000000010001100010011110000000000000000000000000000000000001111001000001111110100011111110000001000000000000000000100000100011000101000000000000000001001100111100000000000000000000000000000000000110100000000011001111111000000000110000000000000000000100000000000000000001000000000000000000011 #
#40790
0!
#40800
1!
b000000000000000001111100001110100000000000000000100110011110000000001111001000001111110100011111110000000000000000000000000000000000000010001100001111110000000000000000000000100000100100001111001000001111110100011111110001101000000000000000000100000100011000101000000000000000001001100111100000000000000000000000000000000000110100000000011001111111000000000110000000000000000000100000000000000000001000000000000000000011 #
#40810
0!
#40820
1!
b000000000000000001111100001110100000000000000000100110011110000000001111011111111110010100001110100000000000000000000000000000000000000010010000010011110000000000000000000000000000000000001111011111111110010100001110100000001000000000000000000100000100100000101000000000000000001001100111100000000000000000000000000000000000110100000000011001111111000000000110000000000000000000100000000000000000001000000000000000000011 #
#40830
0!
#40840
1!
b000000000000000001111100001110100000000000000000100110011110000000001111011111111110010100001110100000000000000000000000000000000000000010010000001111110000000000000000000000100000100010001111011111111110010100001110100001101000000000000000000100000100100000101000000000000000001001100111100000000000000000000000000000000000110100000000011001111111000000000110000000000000000000100000000000000000001000000000000000000011 #
#40850
0!
#40860
1!
b000000000000000001111100001110100000000000000000100110011110000000001011111100000000001110000000000100000000000000000000000000000000000010001000010011110000000000000000000000000000000000001011111100000000001110000000000100001000000000000000000100000100010000101000000000000000001001100111100000000000000000000000000000000000110100000000011001111111000000000110000000000000000000100000000000000000001000000000000000000011 #
#40870
0!
#40880
1!
b000000000000000001111100001110100000000000000000100110011110000000001011111100000000001110000000000100000000000000000000000000000000000010001000001111110000000000000000000000100000100011001011111100000000001110000000000101101000000000000000000100000100010000101000000000000000001001100111100000000000000000000000000000000000110100000000011001111111000000000110000000000000000000100000000000000000001000000000000000000011 #
#40890
0!
#40900
1!
b000000000000000001111100001110100000000000000000100110011110000000001111001000001111110100011111110000000000000000000000000000000000000010001100010011110000000000000000000000000000000000001111001000001111110100011111110000001000000000000000000100000100011000101000000000000000001001100111100000000000000000000000000000000000110100000000011001111111000000000110000000000000000000100000000000000000001000000000000000000011 #
#40910
0!
#40920
1!
b000000000000000001111100001110100000000000000000100110011110000000001111001000001111110100011111110000000000000000000000000000000000000010001100001111110000000000000000000000100000100100001111001000001111110100011111110001101000000000000000000100000100011000101000000000000000001001100111100000000000000000000000000000000000110100000000011001111111000000000110000000000000000000100000000000000000001000000000000000000011 #
#40930
0!
#40940
1!
b000000000000000001111100001110100000000000000000100110011110000000001111011111111110010100001110100000000000000000000000000000000000000010010000010011110000000000000000000000000000000000001111011111111110010100001110100000001000000000000000000100000100100000101000000000000000001001100111100000000000000000000000000000000000110100000000011001111111000000000110000000000000000000100000000000000000001000000000000000000011 #
#40950
0!
1"
b000000000000000001111100001110100000000000000000100110011110000000001111011111111110010100001110100000000000000000000000000000000000000010010000010011110000000000000000000000000000000000001111011111111110010100001110100000001000000000000000000100000100100000101000000000000000001001100111100000000000000000000000000000000000110100000000011001111111000000000110000000000000000000100000000000000000001000000000000000000011 #
